asset_tag,hour_index,vibration_mm_s,temp_c,current_a,seeded_fault
VPW-CNC-MILL-01,0,2.873,59.57,38.39,False
VPW-CNC-MILL-01,1,3.05,59.05,24.16,False
VPW-CNC-MILL-01,2,3.06,59.85,19.83,False
VPW-CNC-MILL-01,3,3.105,59.21,43.32,False
VPW-CNC-MILL-01,4,3.165,59.42,33.1,False
VPW-CNC-MILL-01,5,2.968,60.45,28.35,False
VPW-CNC-MILL-01,6,3.006,58.23,34.54,False
VPW-CNC-MILL-01,7,3.12,60.23,22.82,False
VPW-CNC-MILL-01,8,3.225,58.77,34.89,False
VPW-CNC-MILL-01,9,3.115,61.21,22.47,False
VPW-CNC-MILL-01,10,3.337,59.53,36.34,False
VPW-CNC-MILL-01,11,3.22,60.61,21.35,False
VPW-CNC-MILL-01,12,3.218,61.04,24.08,False
VPW-CNC-MILL-01,13,3.171,60.42,42.67,False
VPW-CNC-MILL-01,14,3.11,59.68,20.21,False
VPW-CNC-MILL-01,15,3.099,60.07,29.95,False
VPW-CNC-MILL-01,16,3.287,61.85,24.29,False
VPW-CNC-MILL-01,17,3.162,60.95,25.23,False
VPW-CNC-MILL-01,18,3.408,61.52,29.41,False
VPW-CNC-MILL-01,19,3.386,61.28,38.15,False
VPW-CNC-MILL-01,20,3.362,61.68,19.14,False
VPW-CNC-MILL-01,21,3.217,60.81,36.89,False
VPW-CNC-MILL-01,22,3.199,61.51,20.13,False
VPW-CNC-MILL-01,23,3.239,60.03,44.23,False
VPW-CNC-MILL-01,24,3.278,61.43,30.55,False
VPW-CNC-MILL-01,25,3.256,60.05,27.59,False
VPW-CNC-MILL-01,26,3.052,61.47,18.72,False
VPW-CNC-MILL-01,27,3.1,59.55,23.33,False
VPW-CNC-MILL-01,28,3.216,61.93,40.74,False
VPW-CNC-MILL-01,29,3.281,59.77,38.82,False
VPW-CNC-MILL-01,30,3.22,62.39,42.53,False
VPW-CNC-MILL-01,31,3.18,60.45,44.79,False
VPW-CNC-MILL-01,32,3.129,61.86,34.1,False
VPW-CNC-MILL-01,33,3.08,60.21,34.68,False
VPW-CNC-MILL-01,34,2.851,61.19,23.05,False
VPW-CNC-MILL-01,35,3.051,61.89,30.53,False
VPW-CNC-MILL-01,36,2.963,62.0,35.78,False
VPW-CNC-MILL-01,37,3.046,61.36,39.81,False
VPW-CNC-MILL-01,38,2.884,62.25,43.02,False
VPW-CNC-MILL-01,39,3.015,62.59,27.33,False
VPW-CNC-MILL-01,40,2.991,60.43,40.39,False
VPW-CNC-MILL-01,41,2.974,62.18,36.04,False
VPW-CNC-MILL-01,42,2.835,62.34,38.5,False
VPW-CNC-MILL-01,43,2.959,61.14,41.28,False
VPW-CNC-MILL-01,44,2.991,61.09,34.66,False
VPW-CNC-MILL-01,45,2.779,60.02,21.52,False
VPW-CNC-MILL-01,46,2.932,61.07,42.02,False
VPW-CNC-MILL-01,47,2.894,59.87,32.69,False
VPW-CNC-MILL-01,48,2.96,61.35,42.46,False
VPW-CNC-MILL-01,49,2.967,60.87,40.81,False
VPW-CNC-MILL-01,50,2.715,62.35,32.43,False
VPW-CNC-MILL-01,51,2.74,61.95,36.72,False
VPW-CNC-MILL-01,52,2.91,61.17,34.05,False
VPW-CNC-MILL-01,53,2.916,60.67,45.1,False
VPW-CNC-MILL-01,54,2.773,61.78,22.65,False
VPW-CNC-MILL-01,55,2.796,59.87,45.26,False
VPW-CNC-MILL-01,56,2.875,61.37,36.64,False
VPW-CNC-MILL-01,57,2.917,60.25,26.1,False
VPW-CNC-MILL-01,58,2.889,61.68,40.58,False
VPW-CNC-MILL-01,59,2.803,62.25,31.95,False
VPW-CNC-MILL-01,60,2.838,61.26,41.84,False
VPW-CNC-MILL-01,61,2.821,61.37,43.77,False
VPW-CNC-MILL-01,62,2.866,61.09,38.16,False
VPW-CNC-MILL-01,63,2.852,59.57,24.34,False
VPW-CNC-MILL-01,64,2.705,60.38,17.85,False
VPW-CNC-MILL-01,65,2.879,59.78,28.85,False
VPW-CNC-MILL-01,66,2.855,61.39,20.6,False
VPW-CNC-MILL-01,67,2.842,60.16,40.37,False
VPW-CNC-MILL-01,68,2.936,61.63,34.1,False
VPW-CNC-MILL-01,69,2.824,60.04,35.48,False
VPW-CNC-MILL-01,70,2.979,59.66,32.93,False
VPW-CNC-MILL-01,71,2.908,59.0,26.82,False
VPW-CNC-MILL-01,72,2.8,59.86,21.96,False
VPW-CNC-MILL-01,73,2.884,59.11,30.21,False
VPW-CNC-MILL-01,74,3.103,59.58,29.31,False
VPW-CNC-MILL-01,75,3.044,60.76,18.93,False
VPW-CNC-MILL-01,76,2.853,58.92,24.55,False
VPW-CNC-MILL-01,77,3.19,60.56,22.75,False
VPW-CNC-MILL-01,78,3.166,61.15,41.24,False
VPW-CNC-MILL-01,79,2.993,59.82,29.43,False
VPW-CNC-MILL-01,80,3.069,59.2,29.14,False
VPW-CNC-MILL-01,81,3.144,60.26,42.65,False
VPW-CNC-MILL-01,82,2.987,58.85,19.44,False
VPW-CNC-MILL-01,83,3.215,60.87,39.96,False
VPW-CNC-MILL-01,84,3.211,59.73,28.87,False
VPW-CNC-MILL-01,85,3.337,58.59,19.91,False
VPW-CNC-MILL-01,86,3.165,59.95,18.93,False
VPW-CNC-MILL-01,87,3.038,59.02,20.05,False
VPW-CNC-MILL-01,88,3.191,58.83,31.46,False
VPW-CNC-MILL-01,89,3.179,58.91,28.39,False
VPW-CNC-MILL-01,90,3.441,59.06,35.1,False
VPW-CNC-MILL-01,91,3.249,58.18,27.11,False
VPW-CNC-MILL-01,92,3.272,57.8,27.31,False
VPW-CNC-MILL-01,93,3.28,59.23,39.8,False
VPW-CNC-MILL-01,94,3.422,59.23,21.32,False
VPW-CNC-MILL-01,95,3.318,59.75,25.49,False
VPW-CNC-MILL-01,96,3.26,58.88,23.33,False
VPW-CNC-MILL-01,97,3.199,58.39,19.61,False
VPW-CNC-MILL-01,98,3.254,58.76,17.51,False
VPW-CNC-MILL-01,99,3.373,57.29,43.68,False
VPW-CNC-MILL-01,100,3.246,57.66,21.43,False
VPW-CNC-MILL-01,101,3.146,59.06,41.89,False
VPW-CNC-MILL-01,102,3.279,58.91,17.89,False
VPW-CNC-MILL-01,103,3.146,57.48,26.33,False
VPW-CNC-MILL-01,104,3.263,57.32,26.23,False
VPW-CNC-MILL-01,105,3.222,59.36,25.9,False
VPW-CNC-MILL-01,106,3.177,57.76,42.15,False
VPW-CNC-MILL-01,107,3.057,56.96,44.14,False
VPW-CNC-MILL-01,108,3.228,58.55,26.21,False
VPW-CNC-MILL-01,109,3.169,58.13,18.48,False
VPW-CNC-MILL-01,110,3.051,57.49,31.0,False
VPW-CNC-MILL-01,111,3.225,57.52,26.65,False
VPW-CNC-MILL-01,112,3.043,59.34,37.01,False
VPW-CNC-MILL-01,113,3.023,57.95,33.33,False
VPW-CNC-MILL-01,114,3.042,58.15,18.33,False
VPW-CNC-MILL-01,115,3.022,59.38,23.1,False
VPW-CNC-MILL-01,116,2.994,58.11,37.06,False
VPW-CNC-MILL-01,117,3.046,58.99,35.49,False
VPW-CNC-MILL-01,118,3.063,58.9,20.86,False
VPW-CNC-MILL-01,119,3.056,56.9,23.93,False
VPW-CNC-MILL-01,120,3.055,57.31,30.63,False
VPW-CNC-MILL-01,121,2.875,59.9,35.38,False
VPW-CNC-MILL-01,122,2.78,56.93,29.72,False
VPW-CNC-MILL-01,123,3.023,59.57,33.01,False
VPW-CNC-MILL-01,124,2.829,59.91,23.12,False
VPW-CNC-MILL-01,125,2.872,57.86,27.74,False
VPW-CNC-MILL-01,126,2.938,59.56,44.79,False
VPW-CNC-MILL-01,127,2.95,58.81,23.68,False
VPW-CNC-MILL-01,128,2.752,58.44,34.59,False
VPW-CNC-MILL-01,129,2.76,58.38,31.36,False
VPW-CNC-MILL-01,130,2.874,59.56,41.19,False
VPW-CNC-MILL-01,131,2.682,58.07,37.33,False
VPW-CNC-MILL-01,132,2.718,58.18,44.87,False
VPW-CNC-MILL-01,133,2.843,59.01,28.66,False
VPW-CNC-MILL-01,134,2.827,59.38,41.23,False
VPW-CNC-MILL-01,135,2.84,59.58,24.89,False
VPW-CNC-MILL-01,136,2.715,58.52,20.78,False
VPW-CNC-MILL-01,137,2.947,59.83,39.2,False
VPW-CNC-MILL-01,138,2.834,58.3,25.54,False
VPW-CNC-MILL-01,139,2.673,58.65,37.54,False
VPW-CNC-MILL-01,140,2.796,59.13,23.94,False
VPW-CNC-MILL-01,141,2.811,59.45,28.17,False
VPW-CNC-MILL-01,142,3.011,58.35,40.27,False
VPW-CNC-MILL-01,143,2.776,59.44,32.99,False
VPW-CNC-MILL-01,144,2.784,60.09,25.89,False
VPW-CNC-MILL-01,145,3.019,60.26,44.47,False
VPW-CNC-MILL-01,146,2.918,58.72,40.78,False
VPW-CNC-MILL-01,147,2.853,59.8,40.3,False
VPW-CNC-MILL-01,148,2.985,60.96,28.57,False
VPW-CNC-MILL-01,149,3.085,59.36,44.92,False
VPW-CNC-MILL-01,150,3.025,60.36,44.91,False
VPW-CNC-MILL-01,151,3.097,60.3,44.73,False
VPW-CNC-MILL-01,152,3.046,60.17,34.62,False
VPW-CNC-MILL-01,153,3.292,60.74,35.36,False
VPW-CNC-MILL-01,154,2.86,60.48,45.58,False
VPW-CNC-MILL-01,155,3.234,60.03,43.3,False
VPW-CNC-MILL-01,156,3.08,60.25,21.49,False
VPW-CNC-MILL-01,157,3.127,60.52,42.84,False
VPW-CNC-MILL-01,158,3.279,61.4,39.95,False
VPW-CNC-MILL-01,159,3.207,60.54,35.92,False
VPW-CNC-MILL-01,160,3.365,62.11,28.54,False
VPW-CNC-MILL-01,161,3.171,61.44,44.15,False
VPW-CNC-MILL-01,162,3.213,60.47,34.85,False
VPW-CNC-MILL-01,163,3.245,61.1,29.76,False
VPW-CNC-MILL-01,164,3.285,60.27,31.18,False
VPW-CNC-MILL-01,165,3.44,63.01,29.2,False
VPW-CNC-MILL-01,166,3.288,60.16,35.74,False
VPW-CNC-MILL-01,167,3.385,62.0,23.97,False
VPW-CNC-MILL-01,168,3.39,60.06,33.4,False
VPW-CNC-MILL-01,169,3.26,61.81,28.49,False
VPW-CNC-MILL-01,170,3.246,62.85,33.77,False
VPW-CNC-MILL-01,171,3.205,61.25,19.96,False
VPW-CNC-MILL-01,172,3.106,62.34,45.17,False
VPW-CNC-MILL-01,173,3.3,63.01,17.85,False
VPW-CNC-MILL-01,174,3.213,62.47,25.84,False
VPW-CNC-MILL-01,175,3.176,60.19,37.51,False
VPW-CNC-MILL-01,176,3.301,61.15,44.9,False
VPW-CNC-MILL-01,177,3.38,61.0,39.52,False
VPW-CNC-MILL-01,178,3.085,62.01,23.9,False
VPW-CNC-MILL-01,179,3.29,61.5,31.27,False
VPW-CNC-MILL-01,180,3.245,61.24,30.33,False
VPW-CNC-MILL-01,181,3.142,61.26,31.65,False
VPW-CNC-MILL-01,182,3.264,62.65,38.56,False
VPW-CNC-MILL-01,183,3.139,60.74,39.42,False
VPW-CNC-MILL-01,184,3.239,63.4,31.96,False
VPW-CNC-MILL-01,185,3.111,62.48,20.25,False
VPW-CNC-MILL-01,186,3.016,63.21,32.43,False
VPW-CNC-MILL-01,187,2.892,60.85,40.02,False
VPW-CNC-MILL-01,188,3.255,59.9,44.95,False
VPW-CNC-MILL-01,189,3.114,62.22,42.94,False
VPW-CNC-MILL-01,190,3.085,61.68,26.97,False
VPW-CNC-MILL-01,191,2.916,61.01,37.43,False
VPW-CNC-MILL-01,192,3.018,61.75,30.97,False
VPW-CNC-MILL-01,193,2.987,61.72,24.84,False
VPW-CNC-MILL-01,194,3.028,62.27,32.73,False
VPW-CNC-MILL-01,195,3.079,61.89,39.29,False
VPW-CNC-MILL-01,196,2.834,61.64,22.8,False
VPW-CNC-MILL-01,197,2.934,61.1,27.87,False
VPW-CNC-MILL-01,198,2.913,62.22,26.02,False
VPW-CNC-MILL-01,199,2.931,61.55,41.87,False
VPW-CNC-MILL-01,200,2.872,62.54,43.53,False
VPW-CNC-MILL-01,201,2.886,60.4,34.03,False
VPW-CNC-MILL-01,202,2.901,62.07,24.24,False
VPW-CNC-MILL-01,203,2.941,62.19,42.44,False
VPW-CNC-MILL-01,204,2.87,60.86,38.05,False
VPW-CNC-MILL-01,205,2.749,61.6,40.03,False
VPW-CNC-MILL-01,206,3.042,61.74,17.79,False
VPW-CNC-MILL-01,207,2.99,63.45,40.11,False
VPW-CNC-MILL-01,208,2.851,62.6,33.42,False
VPW-CNC-MILL-01,209,2.886,61.73,40.92,False
VPW-CNC-MILL-01,210,2.792,61.04,17.61,False
VPW-CNC-MILL-01,211,2.847,60.78,33.09,False
VPW-CNC-MILL-01,212,2.774,61.88,41.25,False
VPW-CNC-MILL-01,213,2.837,60.59,33.46,False
VPW-CNC-MILL-01,214,2.914,61.42,24.43,False
VPW-CNC-MILL-01,215,3.015,61.2,22.17,False
VPW-CNC-MILL-01,216,2.975,61.64,18.78,False
VPW-CNC-MILL-01,217,2.9,60.45,27.21,False
VPW-CNC-MILL-01,218,2.957,61.91,38.64,False
VPW-CNC-MILL-01,219,3.025,61.21,19.87,False
VPW-CNC-MILL-01,220,3.038,59.66,22.29,False
VPW-CNC-MILL-01,221,2.961,59.04,30.73,False
VPW-CNC-MILL-01,222,3.108,59.54,18.7,False
VPW-CNC-MILL-01,223,3.084,60.71,40.1,False
VPW-CNC-MILL-01,224,3.165,60.6,22.98,False
VPW-CNC-MILL-01,225,2.912,61.47,44.26,False
VPW-CNC-MILL-01,226,3.229,59.16,27.94,False
VPW-CNC-MILL-01,227,3.155,60.81,24.37,False
VPW-CNC-MILL-01,228,3.138,60.86,35.97,False
VPW-CNC-MILL-01,229,3.187,59.55,40.78,False
VPW-CNC-MILL-01,230,3.148,58.85,36.94,False
VPW-CNC-MILL-01,231,3.209,58.96,24.29,False
VPW-CNC-MILL-01,232,3.381,60.4,28.15,False
VPW-CNC-MILL-01,233,3.11,60.66,28.38,False
VPW-CNC-MILL-01,234,3.196,60.92,21.49,False
VPW-CNC-MILL-01,235,3.016,60.37,38.89,False
VPW-CNC-MILL-01,236,3.408,60.36,37.45,False
VPW-CNC-MILL-01,237,3.275,59.97,21.89,False
VPW-CNC-MILL-01,238,3.224,59.33,28.6,False
VPW-CNC-MILL-01,239,3.405,58.75,33.92,False
VPW-CNC-MILL-01,240,3.376,60.04,19.4,False
VPW-CNC-MILL-01,241,3.263,59.38,21.4,False
VPW-CNC-MILL-01,242,3.413,58.57,24.87,False
VPW-CNC-MILL-01,243,3.345,59.1,38.67,False
VPW-CNC-MILL-01,244,3.312,59.88,17.64,False
VPW-CNC-MILL-01,245,3.317,60.44,39.54,False
VPW-CNC-MILL-01,246,3.232,57.86,36.99,False
VPW-CNC-MILL-01,247,3.222,58.27,18.64,False
VPW-CNC-MILL-01,248,3.28,59.12,34.48,False
VPW-CNC-MILL-01,249,3.219,58.72,29.36,False
VPW-CNC-MILL-01,250,3.342,59.35,31.43,False
VPW-CNC-MILL-01,251,3.223,56.93,40.16,False
VPW-CNC-MILL-01,252,3.283,59.11,45.73,False
VPW-CNC-MILL-01,253,3.112,58.26,30.08,False
VPW-CNC-MILL-01,254,3.286,59.4,27.51,False
VPW-CNC-MILL-01,255,3.208,58.45,44.45,False
VPW-CNC-MILL-01,256,3.265,59.49,28.31,False
VPW-CNC-MILL-01,257,3.342,59.97,25.04,False
VPW-CNC-MILL-01,258,3.294,59.3,41.79,False
VPW-CNC-MILL-01,259,3.167,59.9,18.69,False
VPW-CNC-MILL-01,260,3.062,58.36,33.72,False
VPW-CNC-MILL-01,261,3.196,58.75,43.41,False
VPW-CNC-MILL-01,262,3.046,57.85,18.11,False
VPW-CNC-MILL-01,263,3.199,59.08,45.53,False
VPW-CNC-MILL-01,264,2.981,58.54,22.53,False
VPW-CNC-MILL-01,265,3.172,58.78,36.16,False
VPW-CNC-MILL-01,266,3.163,59.67,29.95,False
VPW-CNC-MILL-01,267,3.085,58.1,28.59,False
VPW-CNC-MILL-01,268,2.859,58.57,25.3,False
VPW-CNC-MILL-01,269,3.234,58.46,36.6,False
VPW-CNC-MILL-01,270,3.089,57.82,41.94,False
VPW-CNC-MILL-01,271,3.041,59.32,44.96,False
VPW-CNC-MILL-01,272,2.887,59.01,34.62,False
VPW-CNC-MILL-01,273,3.178,58.44,40.04,False
VPW-CNC-MILL-01,274,2.9,58.79,26.43,False
VPW-CNC-MILL-01,275,2.824,59.49,26.97,False
VPW-CNC-MILL-01,276,2.945,58.42,43.23,False
VPW-CNC-MILL-01,277,3.02,59.26,22.49,False
VPW-CNC-MILL-01,278,2.982,59.05,26.15,False
VPW-CNC-MILL-01,279,2.954,58.65,24.89,False
VPW-CNC-MILL-01,280,2.835,57.3,23.97,False
VPW-CNC-MILL-01,281,2.852,58.59,37.16,False
VPW-CNC-MILL-01,282,3.188,58.54,21.43,False
VPW-CNC-MILL-01,283,2.977,58.91,25.26,False
VPW-CNC-MILL-01,284,3.066,59.01,29.83,False
VPW-CNC-MILL-01,285,2.882,58.21,22.68,False
VPW-CNC-MILL-01,286,2.937,58.31,29.41,False
VPW-CNC-MILL-01,287,2.865,59.41,19.18,False
VPW-CNC-MILL-01,288,3.024,57.88,28.63,False
VPW-CNC-MILL-01,289,3.018,60.05,25.35,False
VPW-CNC-MILL-01,290,3.076,59.71,21.28,False
VPW-CNC-MILL-01,291,3.07,60.84,26.14,False
VPW-CNC-MILL-01,292,2.924,59.54,25.15,False
VPW-CNC-MILL-01,293,2.884,60.15,30.38,False
VPW-CNC-MILL-01,294,3.018,59.97,20.98,False
VPW-CNC-MILL-01,295,2.981,61.57,39.98,False
VPW-CNC-MILL-01,296,3.05,58.8,29.81,False
VPW-CNC-MILL-01,297,3.1,59.74,37.59,False
VPW-CNC-MILL-01,298,3.094,61.31,18.86,False
VPW-CNC-MILL-01,299,3.089,59.2,42.39,False
VPW-CNC-MILL-01,300,3.143,60.43,25.22,False
VPW-CNC-MILL-01,301,3.201,60.7,24.98,False
VPW-CNC-MILL-01,302,3.181,59.81,45.25,False
VPW-CNC-MILL-01,303,3.221,59.84,41.16,False
VPW-CNC-MILL-01,304,3.158,59.8,29.93,False
VPW-CNC-MILL-01,305,3.295,60.26,45.63,False
VPW-CNC-MILL-01,306,3.222,60.86,45.03,False
VPW-CNC-MILL-01,307,3.086,61.56,24.57,False
VPW-CNC-MILL-01,308,3.233,61.08,25.93,False
VPW-CNC-MILL-01,309,3.405,60.74,20.63,False
VPW-CNC-MILL-01,310,3.229,58.62,37.23,False
VPW-CNC-MILL-01,311,3.212,61.75,41.51,False
VPW-CNC-MILL-01,312,3.334,60.28,45.69,False
VPW-CNC-MILL-01,313,3.248,60.64,23.98,False
VPW-CNC-MILL-01,314,3.418,62.3,19.18,False
VPW-CNC-MILL-01,315,3.288,61.31,38.17,False
VPW-CNC-MILL-01,316,3.244,62.72,25.56,False
VPW-CNC-MILL-01,317,3.398,60.38,28.43,False
VPW-CNC-MILL-01,318,3.304,60.17,24.48,False
VPW-CNC-MILL-01,319,3.229,61.11,30.83,False
VPW-CNC-MILL-01,320,3.403,61.55,18.16,False
VPW-CNC-MILL-01,321,3.324,61.07,46.18,False
VPW-CNC-MILL-01,322,3.338,61.66,22.67,False
VPW-CNC-MILL-01,323,3.225,61.83,42.08,False
VPW-CNC-MILL-01,324,3.288,62.21,24.44,False
VPW-CNC-MILL-01,325,3.307,61.86,34.91,False
VPW-CNC-MILL-01,326,3.386,61.22,35.89,False
VPW-CNC-MILL-01,327,3.328,61.92,30.0,False
VPW-CNC-MILL-01,328,3.168,61.85,45.78,False
VPW-CNC-MILL-01,329,3.356,62.31,42.2,False
VPW-CNC-MILL-01,330,3.315,63.14,39.23,False
VPW-CNC-MILL-01,331,3.216,61.15,25.93,False
VPW-CNC-MILL-01,332,3.321,62.64,37.4,False
VPW-CNC-MILL-01,333,3.151,62.26,39.13,False
VPW-CNC-MILL-01,334,3.326,61.55,36.47,False
VPW-CNC-MILL-01,335,3.136,62.31,26.95,False
VPW-CNC-MILL-01,336,3.149,60.79,32.27,False
VPW-CNC-MILL-01,337,2.959,61.39,25.91,False
VPW-CNC-MILL-01,338,3.205,62.91,24.01,False
VPW-CNC-MILL-01,339,3.169,63.14,40.77,False
VPW-CNC-MILL-01,340,3.336,62.26,35.96,False
VPW-CNC-MILL-01,341,3.045,61.4,27.04,False
VPW-CNC-MILL-01,342,3.123,62.93,30.61,False
VPW-CNC-MILL-01,343,3.053,62.32,40.02,False
VPW-CNC-MILL-01,344,3.026,62.25,34.78,False
VPW-CNC-MILL-01,345,2.903,61.26,21.62,False
VPW-CNC-MILL-01,346,2.948,61.91,41.57,False
VPW-CNC-MILL-01,347,2.961,60.97,37.42,False
VPW-CNC-MILL-01,348,2.946,61.79,18.48,False
VPW-CNC-MILL-01,349,2.894,60.92,29.48,False
VPW-CNC-MILL-01,350,3.066,62.08,22.22,False
VPW-CNC-MILL-01,351,2.834,62.44,45.46,False
VPW-CNC-MILL-01,352,2.79,61.59,32.98,False
VPW-CNC-MILL-01,353,2.974,62.57,40.92,False
VPW-CNC-MILL-01,354,2.866,61.02,28.81,False
VPW-CNC-MILL-01,355,2.824,63.14,22.84,False
VPW-CNC-MILL-01,356,2.917,62.0,21.45,False
VPW-CNC-MILL-01,357,2.992,61.27,19.18,False
VPW-CNC-MILL-01,358,2.772,62.35,38.52,False
VPW-CNC-MILL-01,359,2.9,61.66,44.52,False
VPW-CNC-MILL-01,360,3.097,61.82,33.75,False
VPW-CNC-MILL-01,361,2.943,61.22,45.34,False
VPW-CNC-MILL-01,362,3.017,60.97,25.41,False
VPW-CNC-MILL-01,363,2.997,62.21,35.75,False
VPW-CNC-MILL-01,364,3.056,60.6,38.34,False
VPW-CNC-MILL-01,365,2.989,59.9,25.14,False
VPW-CNC-MILL-01,366,2.935,61.67,19.7,False
VPW-CNC-MILL-01,367,3.039,59.94,25.26,False
VPW-CNC-MILL-01,368,3.045,60.21,35.88,False
VPW-CNC-MILL-01,369,2.912,61.89,27.79,False
VPW-CNC-MILL-01,370,3.176,61.75,34.34,False
VPW-CNC-MILL-01,371,3.083,60.06,37.75,False
VPW-CNC-MILL-01,372,3.051,60.77,21.18,False
VPW-CNC-MILL-01,373,3.059,60.64,42.34,False
VPW-CNC-MILL-01,374,3.095,62.72,37.13,False
VPW-CNC-MILL-01,375,3.1,61.95,28.7,False
VPW-CNC-MILL-01,376,3.032,60.97,28.87,False
VPW-CNC-MILL-01,377,3.087,60.68,44.76,False
VPW-CNC-MILL-01,378,3.226,60.35,35.25,False
VPW-CNC-MILL-01,379,3.264,59.97,36.04,False
VPW-CNC-MILL-01,380,3.126,60.34,23.62,False
VPW-CNC-MILL-01,381,3.295,60.84,26.22,False
VPW-CNC-MILL-01,382,3.156,60.45,24.83,False
VPW-CNC-MILL-01,383,3.263,60.44,27.84,False
VPW-CNC-MILL-01,384,3.226,59.91,41.62,False
VPW-CNC-MILL-01,385,3.267,59.37,39.8,False
VPW-CNC-MILL-01,386,3.268,60.28,32.78,False
VPW-CNC-MILL-01,387,3.288,60.71,28.2,False
VPW-CNC-MILL-01,388,3.329,61.09,22.12,False
VPW-CNC-MILL-01,389,3.417,60.88,26.44,False
VPW-CNC-MILL-01,390,3.327,59.68,44.63,False
VPW-CNC-MILL-01,391,3.246,61.55,21.26,False
VPW-CNC-MILL-01,392,3.224,60.3,31.26,False
VPW-CNC-MILL-01,393,3.387,59.64,32.86,False
VPW-CNC-MILL-01,394,3.358,60.65,20.37,False
VPW-CNC-MILL-01,395,3.461,60.1,37.8,False
VPW-CNC-MILL-01,396,3.338,58.16,19.78,False
VPW-CNC-MILL-01,397,3.339,59.58,31.69,False
VPW-CNC-MILL-01,398,3.342,60.54,18.57,False
VPW-CNC-MILL-01,399,3.246,58.99,45.87,False
VPW-CNC-MILL-01,400,3.368,58.37,26.77,False
VPW-CNC-MILL-01,401,3.369,59.87,30.4,False
VPW-CNC-MILL-01,402,3.375,59.54,22.29,False
VPW-CNC-MILL-01,403,3.355,59.27,22.42,False
VPW-CNC-MILL-01,404,3.141,59.69,37.57,False
VPW-CNC-MILL-01,405,3.186,59.88,39.95,False
VPW-CNC-MILL-01,406,3.318,60.61,39.22,False
VPW-CNC-MILL-01,407,3.277,58.96,44.65,False
VPW-CNC-MILL-01,408,3.315,58.64,22.53,False
VPW-CNC-MILL-01,409,3.145,59.81,32.71,False
VPW-CNC-MILL-01,410,3.062,59.61,27.44,False
VPW-CNC-MILL-01,411,3.053,59.21,31.66,False
VPW-CNC-MILL-01,412,3.165,58.38,44.5,False
VPW-CNC-MILL-01,413,3.165,58.8,31.03,False
VPW-CNC-MILL-01,414,3.261,58.06,26.67,False
VPW-CNC-MILL-01,415,3.053,60.37,39.85,False
VPW-CNC-MILL-01,416,3.126,60.14,26.84,False
VPW-CNC-MILL-01,417,2.935,58.02,21.37,False
VPW-CNC-MILL-01,418,3.104,60.11,26.77,False
VPW-CNC-MILL-01,419,3.133,58.18,27.26,False
VPW-CNC-MILL-01,420,3.19,58.61,29.1,False
VPW-CNC-MILL-01,421,2.988,57.64,37.77,False
VPW-CNC-MILL-01,422,2.951,60.36,20.49,False
VPW-CNC-MILL-01,423,3.043,59.16,34.08,False
VPW-CNC-MILL-01,424,3.04,59.41,39.83,False
VPW-CNC-MILL-01,425,2.858,59.93,31.11,False
VPW-CNC-MILL-01,426,3.169,59.95,26.16,False
VPW-CNC-MILL-01,427,3.068,58.74,27.94,False
VPW-CNC-MILL-01,428,3.024,58.91,20.21,False
VPW-CNC-MILL-01,429,2.849,58.8,40.28,False
VPW-CNC-MILL-01,430,2.937,57.57,29.93,False
VPW-CNC-MILL-01,431,2.955,60.29,43.9,False
VPW-CNC-MILL-01,432,2.923,59.86,37.05,False
VPW-CNC-MILL-01,433,2.761,59.68,24.38,False
VPW-CNC-MILL-01,434,2.778,59.96,30.91,False
VPW-CNC-MILL-01,435,2.978,59.2,29.01,False
VPW-CNC-MILL-01,436,2.926,60.89,44.1,False
VPW-CNC-MILL-01,437,3.036,60.26,37.71,False
VPW-CNC-MILL-01,438,2.922,59.84,27.39,False
VPW-CNC-MILL-01,439,3.053,59.96,34.41,False
VPW-CNC-MILL-01,440,2.897,57.83,23.26,False
VPW-CNC-MILL-01,441,2.953,60.59,41.89,False
VPW-CNC-MILL-01,442,2.995,58.54,40.89,False
VPW-CNC-MILL-01,443,2.938,60.36,33.95,False
VPW-CNC-MILL-01,444,2.837,60.58,25.84,False
VPW-CNC-MILL-01,445,3.179,59.66,29.0,False
VPW-CNC-MILL-01,446,3.08,60.24,27.8,False
VPW-CNC-MILL-01,447,3.082,60.17,42.54,False
VPW-CNC-MILL-01,448,2.885,59.43,19.67,False
VPW-CNC-MILL-01,449,3.101,62.01,35.27,False
VPW-CNC-MILL-01,450,3.115,62.0,29.35,False
VPW-CNC-MILL-01,451,3.183,60.54,20.38,False
VPW-CNC-MILL-01,452,3.308,63.21,26.72,False
VPW-CNC-MILL-01,453,3.38,62.75,43.79,False
VPW-CNC-MILL-01,454,3.295,61.7,30.3,False
VPW-CNC-MILL-01,455,3.216,60.62,34.9,False
VPW-CNC-MILL-01,456,3.273,59.83,37.68,False
VPW-CNC-MILL-01,457,3.301,62.03,28.9,False
VPW-CNC-MILL-01,458,3.251,60.37,18.95,False
VPW-CNC-MILL-01,459,3.293,61.94,36.28,False
VPW-CNC-MILL-01,460,3.204,60.31,25.87,False
VPW-CNC-MILL-01,461,3.313,61.17,30.68,False
VPW-CNC-MILL-01,462,3.318,62.38,38.28,False
VPW-CNC-MILL-01,463,3.175,62.62,24.94,False
VPW-CNC-MILL-01,464,3.295,61.93,24.98,False
VPW-CNC-MILL-01,465,3.482,61.94,41.37,False
VPW-CNC-MILL-01,466,3.41,61.66,22.24,False
VPW-CNC-MILL-01,467,3.467,61.32,26.27,False
VPW-CNC-MILL-01,468,2.993,61.32,40.57,False
VPW-CNC-MILL-01,469,3.481,63.09,19.74,False
VPW-CNC-MILL-01,470,3.465,62.8,25.94,False
VPW-CNC-MILL-01,471,3.448,62.58,35.91,False
VPW-CNC-MILL-01,472,3.341,61.39,19.62,False
VPW-CNC-MILL-01,473,3.233,62.52,28.87,False
VPW-CNC-MILL-01,474,3.563,62.42,29.13,False
VPW-CNC-MILL-01,475,3.587,61.47,27.75,False
VPW-CNC-MILL-01,476,3.209,61.75,20.93,False
VPW-CNC-MILL-01,477,3.315,61.63,43.02,False
VPW-CNC-MILL-01,478,3.347,62.16,40.72,False
VPW-CNC-MILL-01,479,3.306,61.6,37.25,False
VPW-CNC-MILL-01,480,3.374,62.45,43.66,False
VPW-CNC-MILL-01,481,3.385,62.45,27.93,False
VPW-CNC-MILL-01,482,3.295,62.75,37.79,False
VPW-CNC-MILL-01,483,3.271,62.69,42.4,False
VPW-CNC-MILL-01,484,3.488,62.36,44.12,False
VPW-CNC-MILL-01,485,3.202,64.42,40.76,False
VPW-CNC-MILL-01,486,3.309,63.44,26.72,False
VPW-CNC-MILL-01,487,3.319,62.04,33.76,False
VPW-CNC-MILL-01,488,2.998,61.69,42.96,False
VPW-CNC-MILL-01,489,3.264,63.19,27.46,False
VPW-CNC-MILL-01,490,3.135,62.95,34.24,False
VPW-CNC-MILL-01,491,3.14,61.82,35.03,False
VPW-CNC-MILL-01,492,3.036,63.22,25.51,False
VPW-CNC-MILL-01,493,3.063,61.08,21.25,False
VPW-CNC-MILL-01,494,3.113,61.94,23.81,False
VPW-CNC-MILL-01,495,3.082,63.2,27.42,False
VPW-CNC-MILL-01,496,3.295,62.37,39.63,False
VPW-CNC-MILL-01,497,3.101,62.67,31.97,False
VPW-CNC-MILL-01,498,3.051,61.99,35.32,False
VPW-CNC-MILL-01,499,3.093,61.82,31.25,False
VPW-CNC-MILL-01,500,3.139,62.32,39.99,False
VPW-CNC-MILL-01,501,3.019,62.29,38.3,False
VPW-CNC-MILL-01,502,3.131,62.91,45.15,False
VPW-CNC-MILL-01,503,2.987,61.29,23.62,False
VPW-CNC-MILL-01,504,2.843,62.52,38.86,False
VPW-CNC-MILL-01,505,3.069,63.01,41.88,False
VPW-CNC-MILL-01,506,2.926,62.23,41.55,False
VPW-CNC-MILL-01,507,2.926,62.49,21.2,False
VPW-CNC-MILL-01,508,2.951,62.7,35.87,False
VPW-CNC-MILL-01,509,2.832,61.55,36.46,False
VPW-CNC-MILL-01,510,2.919,62.51,41.41,False
VPW-CNC-MILL-01,511,2.82,61.77,38.88,False
VPW-CNC-MILL-01,512,2.881,63.55,25.9,False
VPW-CNC-MILL-01,513,3.17,61.91,38.14,False
VPW-CNC-MILL-01,514,2.945,61.5,44.22,False
VPW-CNC-MILL-01,515,2.835,63.01,39.54,False
VPW-CNC-MILL-01,516,3.067,62.51,30.58,False
VPW-CNC-MILL-01,517,2.939,61.13,30.45,False
VPW-CNC-MILL-01,518,3.038,60.4,26.96,False
VPW-CNC-MILL-01,519,3.084,61.93,25.59,False
VPW-CNC-MILL-01,520,3.052,63.31,34.32,False
VPW-CNC-MILL-01,521,3.182,59.96,39.28,False
VPW-CNC-MILL-01,522,3.071,61.26,33.3,False
VPW-CNC-MILL-01,523,3.145,60.83,34.66,False
VPW-CNC-MILL-01,524,3.003,61.75,21.64,False
VPW-CNC-MILL-01,525,3.093,61.13,37.46,False
VPW-CNC-MILL-01,526,3.121,61.24,37.12,False
VPW-CNC-MILL-01,527,3.123,60.78,33.45,False
VPW-CNC-MILL-01,528,3.294,61.49,23.16,False
VPW-CNC-MILL-01,529,3.132,61.34,19.77,False
VPW-CNC-MILL-01,530,3.152,60.83,36.61,False
VPW-CNC-MILL-01,531,3.212,61.91,45.45,False
VPW-CNC-MILL-01,532,3.403,60.47,34.63,False
VPW-CNC-MILL-01,533,3.451,60.71,43.81,False
VPW-CNC-MILL-01,534,3.235,60.49,32.35,False
VPW-CNC-MILL-01,535,3.411,60.66,39.17,False
VPW-CNC-MILL-01,536,3.379,60.6,31.78,False
VPW-CNC-MILL-01,537,3.187,61.04,20.86,False
VPW-CNC-MILL-01,538,3.288,60.21,37.49,False
VPW-CNC-MILL-01,539,3.42,60.53,45.58,False
VPW-CNC-MILL-01,540,3.371,58.8,20.51,False
VPW-CNC-MILL-01,541,3.441,59.66,44.59,False
VPW-CNC-MILL-01,542,3.454,59.98,40.76,False
VPW-CNC-MILL-01,543,3.346,61.16,34.8,False
VPW-CNC-MILL-01,544,3.386,59.69,37.6,False
VPW-CNC-MILL-01,545,3.43,60.25,19.86,False
VPW-CNC-MILL-01,546,3.397,61.03,22.53,False
VPW-CNC-MILL-01,547,3.468,59.9,42.64,False
VPW-CNC-MILL-01,548,3.422,58.82,27.16,False
VPW-CNC-MILL-01,549,3.383,59.06,37.8,False
VPW-CNC-MILL-01,550,3.383,58.57,26.05,False
VPW-CNC-MILL-01,551,3.455,60.58,44.39,False
VPW-CNC-MILL-01,552,3.277,58.87,41.02,False
VPW-CNC-MILL-01,553,3.422,59.49,33.06,False
VPW-CNC-MILL-01,554,3.425,60.54,36.53,False
VPW-CNC-MILL-01,555,3.488,59.02,28.04,False
VPW-CNC-MILL-01,556,3.326,60.18,45.23,False
VPW-CNC-MILL-01,557,3.31,58.74,28.75,False
VPW-CNC-MILL-01,558,3.209,60.28,43.65,False
VPW-CNC-MILL-01,559,3.361,59.56,40.86,False
VPW-CNC-MILL-01,560,3.278,58.73,36.73,False
VPW-CNC-MILL-01,561,3.333,59.89,30.05,False
VPW-CNC-MILL-01,562,3.259,59.38,39.76,False
VPW-CNC-MILL-01,563,3.117,61.11,29.85,False
VPW-CNC-MILL-01,564,3.327,58.95,25.88,False
VPW-CNC-MILL-01,565,3.082,60.02,19.8,False
VPW-CNC-MILL-01,566,3.214,59.07,32.11,False
VPW-CNC-MILL-01,567,3.271,58.5,36.3,False
VPW-CNC-MILL-01,568,3.095,59.57,20.0,False
VPW-CNC-MILL-01,569,3.272,59.14,34.75,False
VPW-CNC-MILL-01,570,3.142,59.21,29.78,False
VPW-CNC-MILL-01,571,3.238,60.58,27.17,False
VPW-CNC-MILL-01,572,3.062,58.34,45.83,False
VPW-CNC-MILL-01,573,3.218,58.35,40.41,False
VPW-CNC-MILL-01,574,3.056,58.16,38.74,False
VPW-CNC-MILL-01,575,3.047,59.75,27.49,False
VPW-CNC-MILL-01,576,3.14,59.48,20.81,False
VPW-CNC-MILL-01,577,2.997,60.21,41.73,False
VPW-CNC-MILL-01,578,3.01,58.98,29.09,False
VPW-CNC-MILL-01,579,2.946,60.09,46.82,False
VPW-CNC-MILL-01,580,2.853,60.29,32.37,False
VPW-CNC-MILL-01,581,3.055,59.97,28.42,False
VPW-CNC-MILL-01,582,3.013,59.08,30.74,False
VPW-CNC-MILL-01,583,3.0,61.23,20.1,False
VPW-CNC-MILL-01,584,3.062,60.54,31.93,False
VPW-CNC-MILL-01,585,3.021,61.06,40.96,False
VPW-CNC-MILL-01,586,2.958,59.93,19.82,False
VPW-CNC-MILL-01,587,2.908,61.07,36.6,False
VPW-CNC-MILL-01,588,3.103,60.81,42.89,False
VPW-CNC-MILL-01,589,3.044,60.28,24.85,False
VPW-CNC-MILL-01,590,3.234,59.57,20.89,False
VPW-CNC-MILL-01,591,3.097,59.88,40.93,False
VPW-CNC-MILL-01,592,3.151,61.25,34.97,False
VPW-CNC-MILL-01,593,2.998,60.64,37.34,False
VPW-CNC-MILL-01,594,3.082,61.46,41.97,False
VPW-CNC-MILL-01,595,3.103,60.7,42.95,False
VPW-CNC-MILL-01,596,3.273,60.49,23.63,False
VPW-CNC-MILL-01,597,3.296,60.38,40.62,False
VPW-CNC-MILL-01,598,3.235,59.69,21.96,False
VPW-CNC-MILL-01,599,3.109,61.02,34.68,False
VPW-CNC-MILL-01,600,2.959,60.49,31.62,False
VPW-CNC-MILL-01,601,3.253,60.88,40.8,False
VPW-CNC-MILL-01,602,3.227,62.03,37.77,False
VPW-CNC-MILL-01,603,3.19,61.29,22.78,False
VPW-CNC-MILL-01,604,3.258,61.16,43.27,False
VPW-CNC-MILL-01,605,3.262,62.3,37.78,False
VPW-CNC-MILL-01,606,3.295,62.09,33.55,False
VPW-CNC-MILL-01,607,3.212,60.66,39.42,False
VPW-CNC-MILL-01,608,3.369,61.42,26.29,False
VPW-CNC-MILL-01,609,3.399,61.87,34.1,False
VPW-CNC-MILL-01,610,3.304,62.49,32.38,False
VPW-CNC-MILL-01,611,3.517,62.06,22.4,False
VPW-CNC-MILL-01,612,3.285,62.45,29.01,False
VPW-CNC-MILL-01,613,3.392,61.85,18.82,False
VPW-CNC-MILL-01,614,3.508,61.71,17.77,False
VPW-CNC-MILL-01,615,3.445,62.09,18.01,False
VPW-CNC-MILL-01,616,3.396,60.51,36.0,False
VPW-CNC-MILL-01,617,3.475,60.82,32.79,False
VPW-CNC-MILL-01,618,3.426,62.83,20.42,False
VPW-CNC-MILL-01,619,3.353,60.89,31.24,False
VPW-CNC-MILL-01,620,3.556,64.11,25.72,False
VPW-CNC-MILL-01,621,3.283,63.38,42.97,False
VPW-CNC-MILL-01,622,3.365,62.82,26.9,False
VPW-CNC-MILL-01,623,3.439,62.16,20.18,False
VPW-CNC-MILL-01,624,3.411,63.11,40.7,False
VPW-CNC-MILL-01,625,3.392,62.33,22.58,False
VPW-CNC-MILL-01,626,3.365,63.85,42.77,False
VPW-CNC-MILL-01,627,3.445,62.03,21.72,False
VPW-CNC-MILL-01,628,3.371,62.1,28.62,False
VPW-CNC-MILL-01,629,3.453,63.27,36.42,False
VPW-CNC-MILL-01,630,3.352,62.99,37.46,False
VPW-CNC-MILL-01,631,3.371,61.29,29.54,False
VPW-CNC-MILL-01,632,3.57,64.0,43.86,False
VPW-CNC-MILL-01,633,3.153,62.37,26.97,False
VPW-CNC-MILL-01,634,3.275,64.35,30.99,False
VPW-CNC-MILL-01,635,3.468,62.91,31.24,False
VPW-CNC-MILL-01,636,3.227,63.01,24.36,False
VPW-CNC-MILL-01,637,3.45,63.12,39.04,False
VPW-CNC-MILL-01,638,3.251,62.46,29.45,False
VPW-CNC-MILL-01,639,3.279,62.64,20.36,False
VPW-CNC-MILL-01,640,3.198,62.96,43.2,False
VPW-CNC-MILL-01,641,3.236,63.74,40.83,False
VPW-CNC-MILL-01,642,3.09,62.15,41.81,False
VPW-CNC-MILL-01,643,3.25,62.93,39.45,False
VPW-CNC-MILL-01,644,3.208,63.95,22.49,False
VPW-CNC-MILL-01,645,3.221,64.19,36.9,False
VPW-CNC-MILL-01,646,3.001,63.47,23.25,False
VPW-CNC-MILL-01,647,3.275,61.86,30.51,False
VPW-CNC-MILL-01,648,3.059,64.12,23.88,False
VPW-CNC-MILL-01,649,3.117,63.43,40.75,False
VPW-CNC-MILL-01,650,3.001,63.96,35.37,False
VPW-CNC-MILL-01,651,3.082,62.72,31.06,False
VPW-CNC-MILL-01,652,3.101,63.33,32.96,False
VPW-CNC-MILL-01,653,3.166,62.0,35.5,False
VPW-CNC-MILL-01,654,3.079,63.01,43.31,False
VPW-CNC-MILL-01,655,3.121,62.78,38.41,False
VPW-CNC-MILL-01,656,2.972,62.33,39.92,False
VPW-CNC-MILL-01,657,3.106,63.66,20.0,False
VPW-CNC-MILL-01,658,3.071,62.13,24.16,False
VPW-CNC-MILL-01,659,3.046,63.82,20.15,False
VPW-CNC-MILL-01,660,3.122,62.34,45.33,False
VPW-CNC-MILL-01,661,3.107,63.24,32.15,False
VPW-CNC-MILL-01,662,3.009,62.87,38.12,False
VPW-CNC-MILL-01,663,3.06,61.15,30.17,False
VPW-CNC-MILL-01,664,2.967,62.76,38.31,False
VPW-CNC-MILL-01,665,3.116,61.96,25.6,False
VPW-CNC-MILL-01,666,3.043,62.84,32.07,False
VPW-CNC-MILL-01,667,3.125,63.56,33.98,False
VPW-CNC-MILL-01,668,3.008,61.54,17.94,False
VPW-CNC-MILL-01,669,3.039,61.79,32.13,False
VPW-CNC-MILL-01,670,3.119,62.51,26.03,False
VPW-CNC-MILL-01,671,2.981,62.31,36.29,False
VPW-CNC-MILL-01,672,3.093,61.57,43.25,False
VPW-CNC-MILL-01,673,3.309,62.78,30.56,False
VPW-CNC-MILL-01,674,3.018,61.88,41.36,False
VPW-CNC-MILL-01,675,3.41,61.67,27.81,False
VPW-CNC-MILL-01,676,3.132,61.75,43.84,False
VPW-CNC-MILL-01,677,3.04,63.06,44.5,False
VPW-CNC-MILL-01,678,3.28,62.52,32.31,False
VPW-CNC-MILL-01,679,3.248,62.09,18.77,False
VPW-CNC-MILL-01,680,3.243,62.45,30.82,False
VPW-CNC-MILL-01,681,3.259,61.04,38.34,False
VPW-CNC-MILL-01,682,3.339,62.15,29.71,False
VPW-CNC-MILL-01,683,3.456,60.96,42.12,False
VPW-CNC-MILL-01,684,3.332,62.04,41.28,False
VPW-CNC-MILL-01,685,3.346,61.88,33.27,False
VPW-CNC-MILL-01,686,3.312,60.34,25.96,False
VPW-CNC-MILL-01,687,3.425,60.64,40.33,False
VPW-CNC-MILL-01,688,3.53,61.01,44.43,False
VPW-CNC-MILL-01,689,3.342,61.59,37.97,False
VPW-CNC-MILL-01,690,3.282,61.94,20.08,False
VPW-CNC-MILL-01,691,3.446,61.88,34.64,False
VPW-CNC-MILL-01,692,3.388,60.6,22.05,False
VPW-CNC-MILL-01,693,3.472,61.46,44.91,False
VPW-CNC-MILL-01,694,3.435,60.57,37.49,False
VPW-CNC-MILL-01,695,3.577,60.13,22.14,False
VPW-CNC-MILL-01,696,3.498,60.8,21.19,False
VPW-CNC-MILL-01,697,3.551,59.71,24.38,False
VPW-CNC-MILL-01,698,3.375,60.16,24.27,False
VPW-CNC-MILL-01,699,3.41,60.41,31.43,False
VPW-CNC-MILL-01,700,3.308,57.62,24.99,False
VPW-CNC-MILL-01,701,3.402,59.85,38.93,False
VPW-CNC-MILL-01,702,3.564,59.65,34.06,False
VPW-CNC-MILL-01,703,3.297,61.9,40.98,False
VPW-CNC-MILL-01,704,3.44,61.05,39.76,False
VPW-CNC-MILL-01,705,3.397,59.66,23.93,False
VPW-CNC-MILL-01,706,3.353,58.89,43.15,False
VPW-CNC-MILL-01,707,3.329,60.45,21.83,False
VPW-CNC-MILL-01,708,3.319,59.72,36.62,False
VPW-CNC-MILL-01,709,3.432,60.51,27.9,False
VPW-CNC-MILL-01,710,3.45,59.95,20.27,False
VPW-CNC-MILL-01,711,3.371,62.73,42.96,False
VPW-CNC-MILL-01,712,3.378,59.06,20.05,False
VPW-CNC-MILL-01,713,3.316,60.63,21.61,False
VPW-CNC-MILL-01,714,3.407,60.24,41.56,False
VPW-CNC-MILL-01,715,3.247,60.21,36.11,False
VPW-CNC-MILL-01,716,3.379,59.77,32.32,False
VPW-CNC-MILL-01,717,3.202,60.27,19.08,False
VPW-CNC-MILL-01,718,3.306,59.03,43.26,False
VPW-CNC-MILL-01,719,3.137,60.95,31.86,False
VPW-CNC-MILL-02,0,1.786,55.38,21.23,False
VPW-CNC-MILL-02,1,1.572,55.41,26.45,False
VPW-CNC-MILL-02,2,1.693,54.93,23.24,False
VPW-CNC-MILL-02,3,1.652,57.97,25.28,False
VPW-CNC-MILL-02,4,1.672,56.35,32.1,False
VPW-CNC-MILL-02,5,1.823,55.23,20.92,False
VPW-CNC-MILL-02,6,1.815,56.99,41.82,False
VPW-CNC-MILL-02,7,1.702,56.37,37.49,False
VPW-CNC-MILL-02,8,1.79,57.58,35.07,False
VPW-CNC-MILL-02,9,1.826,54.96,37.39,False
VPW-CNC-MILL-02,10,1.8,56.29,19.96,False
VPW-CNC-MILL-02,11,1.724,57.29,19.12,False
VPW-CNC-MILL-02,12,1.752,55.36,34.93,False
VPW-CNC-MILL-02,13,1.944,56.0,25.86,False
VPW-CNC-MILL-02,14,1.906,56.32,42.84,False
VPW-CNC-MILL-02,15,1.81,57.17,45.32,False
VPW-CNC-MILL-02,16,2.02,57.73,33.0,False
VPW-CNC-MILL-02,17,1.969,56.3,42.35,False
VPW-CNC-MILL-02,18,1.769,56.84,36.31,False
VPW-CNC-MILL-02,19,1.872,57.73,29.1,False
VPW-CNC-MILL-02,20,1.892,56.94,33.8,False
VPW-CNC-MILL-02,21,1.894,57.96,20.3,False
VPW-CNC-MILL-02,22,1.917,57.52,39.39,False
VPW-CNC-MILL-02,23,1.903,56.53,23.82,False
VPW-CNC-MILL-02,24,1.868,57.04,25.02,False
VPW-CNC-MILL-02,25,1.734,57.02,42.08,False
VPW-CNC-MILL-02,26,1.742,58.39,27.33,False
VPW-CNC-MILL-02,27,1.845,58.6,18.75,False
VPW-CNC-MILL-02,28,1.774,57.34,35.0,False
VPW-CNC-MILL-02,29,1.903,56.64,25.44,False
VPW-CNC-MILL-02,30,1.604,56.1,35.83,False
VPW-CNC-MILL-02,31,1.662,58.52,27.3,False
VPW-CNC-MILL-02,32,1.678,56.57,20.0,False
VPW-CNC-MILL-02,33,1.717,57.73,25.63,False
VPW-CNC-MILL-02,34,1.753,59.02,35.35,False
VPW-CNC-MILL-02,35,1.639,57.01,24.82,False
VPW-CNC-MILL-02,36,1.652,56.53,34.9,False
VPW-CNC-MILL-02,37,1.537,57.86,43.04,False
VPW-CNC-MILL-02,38,1.657,56.87,45.48,False
VPW-CNC-MILL-02,39,1.759,58.47,24.37,False
VPW-CNC-MILL-02,40,1.589,57.61,21.96,False
VPW-CNC-MILL-02,41,1.521,57.44,27.55,False
VPW-CNC-MILL-02,42,1.422,58.57,42.18,False
VPW-CNC-MILL-02,43,1.542,58.64,17.61,False
VPW-CNC-MILL-02,44,1.449,58.45,22.15,False
VPW-CNC-MILL-02,45,1.612,57.84,21.22,False
VPW-CNC-MILL-02,46,1.375,58.22,39.67,False
VPW-CNC-MILL-02,47,1.46,58.29,19.71,False
VPW-CNC-MILL-02,48,1.625,58.06,40.74,False
VPW-CNC-MILL-02,49,1.586,59.33,24.44,False
VPW-CNC-MILL-02,50,1.445,59.13,30.9,False
VPW-CNC-MILL-02,51,1.433,57.35,27.7,False
VPW-CNC-MILL-02,52,1.27,57.8,19.86,False
VPW-CNC-MILL-02,53,1.412,58.42,44.89,False
VPW-CNC-MILL-02,54,1.376,57.09,23.48,False
VPW-CNC-MILL-02,55,1.426,57.13,45.07,False
VPW-CNC-MILL-02,56,1.335,58.83,39.74,False
VPW-CNC-MILL-02,57,1.294,57.17,42.8,False
VPW-CNC-MILL-02,58,1.426,57.98,25.54,False
VPW-CNC-MILL-02,59,1.436,57.7,30.42,False
VPW-CNC-MILL-02,60,1.455,55.29,27.08,False
VPW-CNC-MILL-02,61,1.402,58.16,18.04,False
VPW-CNC-MILL-02,62,1.496,56.42,35.96,False
VPW-CNC-MILL-02,63,1.311,57.11,38.04,False
VPW-CNC-MILL-02,64,1.393,57.54,45.46,False
VPW-CNC-MILL-02,65,1.55,57.16,37.55,False
VPW-CNC-MILL-02,66,1.493,58.17,40.42,False
VPW-CNC-MILL-02,67,1.635,57.94,32.92,False
VPW-CNC-MILL-02,68,1.436,57.71,37.41,False
VPW-CNC-MILL-02,69,1.632,57.2,44.32,False
VPW-CNC-MILL-02,70,1.608,57.44,19.14,False
VPW-CNC-MILL-02,71,1.643,56.01,28.97,False
VPW-CNC-MILL-02,72,1.552,57.3,44.17,False
VPW-CNC-MILL-02,73,1.607,56.79,29.66,False
VPW-CNC-MILL-02,74,1.646,56.49,42.32,False
VPW-CNC-MILL-02,75,1.718,57.2,39.57,False
VPW-CNC-MILL-02,76,1.713,55.71,27.21,False
VPW-CNC-MILL-02,77,1.732,55.12,28.28,False
VPW-CNC-MILL-02,78,1.839,55.65,43.46,False
VPW-CNC-MILL-02,79,1.583,56.32,28.64,False
VPW-CNC-MILL-02,80,1.876,56.39,43.7,False
VPW-CNC-MILL-02,81,1.839,57.28,23.65,False
VPW-CNC-MILL-02,82,1.723,55.26,37.2,False
VPW-CNC-MILL-02,83,1.923,56.37,45.01,False
VPW-CNC-MILL-02,84,1.955,55.87,31.82,False
VPW-CNC-MILL-02,85,1.6,54.66,33.83,False
VPW-CNC-MILL-02,86,1.896,56.45,18.75,False
VPW-CNC-MILL-02,87,1.754,56.18,43.99,False
VPW-CNC-MILL-02,88,1.758,55.18,27.21,False
VPW-CNC-MILL-02,89,1.935,55.72,27.63,False
VPW-CNC-MILL-02,90,1.745,54.19,20.72,False
VPW-CNC-MILL-02,91,2.015,54.97,42.02,False
VPW-CNC-MILL-02,92,1.831,54.65,31.23,False
VPW-CNC-MILL-02,93,1.936,55.15,31.18,False
VPW-CNC-MILL-02,94,1.904,54.85,43.49,False
VPW-CNC-MILL-02,95,1.763,56.64,43.46,False
VPW-CNC-MILL-02,96,1.924,54.93,43.64,False
VPW-CNC-MILL-02,97,2.028,54.67,24.63,False
VPW-CNC-MILL-02,98,1.976,54.82,34.4,False
VPW-CNC-MILL-02,99,1.917,53.46,19.56,False
VPW-CNC-MILL-02,100,1.845,56.44,43.59,False
VPW-CNC-MILL-02,101,1.985,55.51,19.22,False
VPW-CNC-MILL-02,102,2.026,54.36,22.07,False
VPW-CNC-MILL-02,103,1.756,56.53,21.13,False
VPW-CNC-MILL-02,104,1.746,56.84,37.06,False
VPW-CNC-MILL-02,105,1.904,55.7,24.16,False
VPW-CNC-MILL-02,106,1.83,54.89,39.27,False
VPW-CNC-MILL-02,107,1.855,55.14,40.01,False
VPW-CNC-MILL-02,108,1.6,54.63,42.26,False
VPW-CNC-MILL-02,109,1.786,55.52,22.71,False
VPW-CNC-MILL-02,110,1.703,54.19,19.92,False
VPW-CNC-MILL-02,111,1.775,53.74,28.84,False
VPW-CNC-MILL-02,112,1.583,54.12,26.0,False
VPW-CNC-MILL-02,113,1.793,53.86,44.18,False
VPW-CNC-MILL-02,114,1.718,55.25,26.94,False
VPW-CNC-MILL-02,115,1.593,55.04,46.56,False
VPW-CNC-MILL-02,116,1.519,55.17,35.28,False
VPW-CNC-MILL-02,117,1.65,55.44,24.23,False
VPW-CNC-MILL-02,118,1.727,54.83,19.67,False
VPW-CNC-MILL-02,119,1.554,55.92,20.96,False
VPW-CNC-MILL-02,120,1.54,54.73,35.43,False
VPW-CNC-MILL-02,121,1.632,55.41,30.7,False
VPW-CNC-MILL-02,122,1.53,54.55,31.44,False
VPW-CNC-MILL-02,123,1.539,54.97,20.3,False
VPW-CNC-MILL-02,124,1.512,55.28,26.45,False
VPW-CNC-MILL-02,125,1.426,56.07,36.8,False
VPW-CNC-MILL-02,126,1.469,55.25,23.85,False
VPW-CNC-MILL-02,127,1.616,55.39,43.17,False
VPW-CNC-MILL-02,128,1.432,55.45,31.92,False
VPW-CNC-MILL-02,129,1.526,54.1,29.7,False
VPW-CNC-MILL-02,130,1.51,54.86,41.89,False
VPW-CNC-MILL-02,131,1.553,56.2,18.6,False
VPW-CNC-MILL-02,132,1.601,55.23,19.98,False
VPW-CNC-MILL-02,133,1.379,55.3,24.38,False
VPW-CNC-MILL-02,134,1.471,55.59,19.23,False
VPW-CNC-MILL-02,135,1.457,56.81,45.42,False
VPW-CNC-MILL-02,136,1.48,53.2,43.32,False
VPW-CNC-MILL-02,137,1.413,56.02,26.28,False
VPW-CNC-MILL-02,138,1.436,54.78,41.6,False
VPW-CNC-MILL-02,139,1.594,55.44,18.96,False
VPW-CNC-MILL-02,140,1.459,56.54,21.33,False
VPW-CNC-MILL-02,141,1.718,55.34,19.75,False
VPW-CNC-MILL-02,142,1.567,56.62,45.45,False
VPW-CNC-MILL-02,143,1.582,56.65,24.54,False
VPW-CNC-MILL-02,144,1.603,57.7,36.59,False
VPW-CNC-MILL-02,145,1.64,55.72,40.37,False
VPW-CNC-MILL-02,146,1.561,56.13,21.33,False
VPW-CNC-MILL-02,147,1.631,57.29,37.14,False
VPW-CNC-MILL-02,148,1.764,56.12,38.48,False
VPW-CNC-MILL-02,149,1.609,55.98,21.87,False
VPW-CNC-MILL-02,150,1.664,55.32,23.07,False
VPW-CNC-MILL-02,151,1.877,56.75,42.27,False
VPW-CNC-MILL-02,152,1.763,56.96,43.85,False
VPW-CNC-MILL-02,153,1.682,57.3,26.75,False
VPW-CNC-MILL-02,154,1.951,56.73,37.04,False
VPW-CNC-MILL-02,155,1.879,56.22,39.81,False
VPW-CNC-MILL-02,156,1.806,56.69,21.44,False
VPW-CNC-MILL-02,157,1.909,58.07,33.24,False
VPW-CNC-MILL-02,158,1.697,57.23,30.98,False
VPW-CNC-MILL-02,159,1.986,58.11,27.68,False
VPW-CNC-MILL-02,160,1.883,57.0,36.99,False
VPW-CNC-MILL-02,161,1.837,58.04,43.86,False
VPW-CNC-MILL-02,162,1.973,56.3,28.88,False
VPW-CNC-MILL-02,163,1.956,56.41,17.3,False
VPW-CNC-MILL-02,164,1.876,57.28,39.57,False
VPW-CNC-MILL-02,165,1.9,58.45,31.58,False
VPW-CNC-MILL-02,166,1.877,58.97,37.61,False
VPW-CNC-MILL-02,167,1.841,56.9,24.75,False
VPW-CNC-MILL-02,168,2.025,57.81,31.76,False
VPW-CNC-MILL-02,169,2.071,57.26,35.41,False
VPW-CNC-MILL-02,170,1.93,57.13,40.07,False
VPW-CNC-MILL-02,171,2.137,58.93,23.63,False
VPW-CNC-MILL-02,172,1.899,57.39,44.28,False
VPW-CNC-MILL-02,173,1.955,57.64,20.68,False
VPW-CNC-MILL-02,174,1.897,57.12,22.39,False
VPW-CNC-MILL-02,175,2.014,57.28,19.76,False
VPW-CNC-MILL-02,176,1.712,57.26,41.01,False
VPW-CNC-MILL-02,177,1.96,58.65,35.63,False
VPW-CNC-MILL-02,178,2.02,59.52,37.07,False
VPW-CNC-MILL-02,179,1.744,56.5,25.49,False
VPW-CNC-MILL-02,180,2.0,57.93,22.52,False
VPW-CNC-MILL-02,181,1.784,57.63,33.02,False
VPW-CNC-MILL-02,182,1.875,58.41,23.63,False
VPW-CNC-MILL-02,183,1.653,58.32,44.32,False
VPW-CNC-MILL-02,184,1.808,57.84,37.94,False
VPW-CNC-MILL-02,185,1.864,58.57,24.91,False
VPW-CNC-MILL-02,186,1.911,58.86,30.44,False
VPW-CNC-MILL-02,187,1.785,58.69,38.32,False
VPW-CNC-MILL-02,188,1.777,56.87,43.87,False
VPW-CNC-MILL-02,189,1.781,58.15,25.53,False
VPW-CNC-MILL-02,190,1.739,57.92,36.91,False
VPW-CNC-MILL-02,191,1.774,58.48,22.22,False
VPW-CNC-MILL-02,192,1.632,58.0,29.88,False
VPW-CNC-MILL-02,193,1.58,57.97,40.24,False
VPW-CNC-MILL-02,194,1.658,57.23,24.35,False
VPW-CNC-MILL-02,195,1.539,58.15,36.09,False
VPW-CNC-MILL-02,196,1.554,59.19,18.2,False
VPW-CNC-MILL-02,197,1.571,58.46,44.09,False
VPW-CNC-MILL-02,198,1.536,58.49,36.58,False
VPW-CNC-MILL-02,199,1.557,59.11,42.78,False
VPW-CNC-MILL-02,200,1.431,57.67,32.03,False
VPW-CNC-MILL-02,201,1.577,57.84,23.49,False
VPW-CNC-MILL-02,202,1.527,57.78,18.96,False
VPW-CNC-MILL-02,203,1.493,57.24,34.89,False
VPW-CNC-MILL-02,204,1.489,57.66,22.85,False
VPW-CNC-MILL-02,205,1.509,57.23,31.78,False
VPW-CNC-MILL-02,206,1.454,57.58,21.6,False
VPW-CNC-MILL-02,207,1.598,57.6,39.53,False
VPW-CNC-MILL-02,208,1.387,57.12,19.02,False
VPW-CNC-MILL-02,209,1.501,58.39,42.13,False
VPW-CNC-MILL-02,210,1.741,56.96,38.67,False
VPW-CNC-MILL-02,211,1.562,56.7,26.0,False
VPW-CNC-MILL-02,212,1.518,57.87,41.62,False
VPW-CNC-MILL-02,213,1.658,58.02,23.27,False
VPW-CNC-MILL-02,214,1.418,58.95,39.43,False
VPW-CNC-MILL-02,215,1.535,56.84,38.53,False
VPW-CNC-MILL-02,216,1.507,57.14,30.24,False
VPW-CNC-MILL-02,217,1.587,56.63,25.8,False
VPW-CNC-MILL-02,218,1.595,57.0,46.07,False
VPW-CNC-MILL-02,219,1.511,58.09,43.55,False
VPW-CNC-MILL-02,220,1.598,55.81,18.79,False
VPW-CNC-MILL-02,221,1.672,58.89,40.44,False
VPW-CNC-MILL-02,222,1.549,55.38,23.11,False
VPW-CNC-MILL-02,223,1.649,57.76,35.86,False
VPW-CNC-MILL-02,224,1.581,56.41,35.65,False
VPW-CNC-MILL-02,225,1.757,55.41,17.8,False
VPW-CNC-MILL-02,226,1.542,56.22,43.0,False
VPW-CNC-MILL-02,227,1.802,58.13,28.51,False
VPW-CNC-MILL-02,228,1.868,57.27,30.68,False
VPW-CNC-MILL-02,229,1.745,56.02,34.48,False
VPW-CNC-MILL-02,230,1.95,57.26,41.94,False
VPW-CNC-MILL-02,231,1.757,56.92,34.2,False
VPW-CNC-MILL-02,232,1.888,55.78,29.11,False
VPW-CNC-MILL-02,233,1.905,55.47,37.19,False
VPW-CNC-MILL-02,234,1.9,56.44,41.28,False
VPW-CNC-MILL-02,235,2.049,55.46,42.37,False
VPW-CNC-MILL-02,236,1.924,55.44,41.04,False
VPW-CNC-MILL-02,237,1.988,57.11,28.59,False
VPW-CNC-MILL-02,238,1.882,57.21,34.68,False
VPW-CNC-MILL-02,239,1.857,56.74,26.61,False
VPW-CNC-MILL-02,240,1.914,56.3,33.93,False
VPW-CNC-MILL-02,241,1.905,57.88,29.26,False
VPW-CNC-MILL-02,242,2.101,57.74,39.14,False
VPW-CNC-MILL-02,243,2.031,55.3,34.03,False
VPW-CNC-MILL-02,244,1.943,55.74,30.79,False
VPW-CNC-MILL-02,245,1.936,55.53,26.6,False
VPW-CNC-MILL-02,246,1.887,54.2,38.52,False
VPW-CNC-MILL-02,247,2.076,56.7,32.48,False
VPW-CNC-MILL-02,248,1.969,55.61,42.19,False
VPW-CNC-MILL-02,249,1.889,55.53,31.72,False
VPW-CNC-MILL-02,250,1.812,55.23,26.91,False
VPW-CNC-MILL-02,251,1.888,55.43,36.78,False
VPW-CNC-MILL-02,252,1.772,57.72,38.71,False
VPW-CNC-MILL-02,253,2.006,55.26,40.14,False
VPW-CNC-MILL-02,254,1.936,56.71,26.2,False
VPW-CNC-MILL-02,255,1.885,54.75,21.14,False
VPW-CNC-MILL-02,256,1.79,55.27,27.78,False
VPW-CNC-MILL-02,257,1.685,55.87,19.65,False
VPW-CNC-MILL-02,258,1.677,55.8,34.72,False
VPW-CNC-MILL-02,259,1.748,53.98,33.56,False
VPW-CNC-MILL-02,260,1.721,56.21,41.48,False
VPW-CNC-MILL-02,261,1.774,54.88,38.08,False
VPW-CNC-MILL-02,262,1.91,54.87,43.78,False
VPW-CNC-MILL-02,263,1.772,54.32,19.32,False
VPW-CNC-MILL-02,264,1.656,54.31,23.21,False
VPW-CNC-MILL-02,265,1.63,55.73,26.68,False
VPW-CNC-MILL-02,266,1.738,55.58,42.45,False
VPW-CNC-MILL-02,267,1.729,54.91,36.98,False
VPW-CNC-MILL-02,268,1.591,54.36,25.27,False
VPW-CNC-MILL-02,269,1.549,56.72,30.88,False
VPW-CNC-MILL-02,270,1.692,54.94,30.06,False
VPW-CNC-MILL-02,271,1.646,55.63,45.81,False
VPW-CNC-MILL-02,272,1.627,55.73,28.29,False
VPW-CNC-MILL-02,273,1.53,55.69,40.52,False
VPW-CNC-MILL-02,274,1.527,55.06,21.59,False
VPW-CNC-MILL-02,275,1.622,55.84,33.36,False
VPW-CNC-MILL-02,276,1.554,56.07,28.77,False
VPW-CNC-MILL-02,277,1.515,56.54,29.91,False
VPW-CNC-MILL-02,278,1.44,54.89,31.5,False
VPW-CNC-MILL-02,279,1.473,56.96,19.36,False
VPW-CNC-MILL-02,280,1.389,54.81,30.09,False
VPW-CNC-MILL-02,281,1.515,55.84,38.72,False
VPW-CNC-MILL-02,282,1.556,55.08,45.48,False
VPW-CNC-MILL-02,283,1.574,54.76,26.46,False
VPW-CNC-MILL-02,284,1.651,55.53,36.92,False
VPW-CNC-MILL-02,285,1.494,55.84,19.95,False
VPW-CNC-MILL-02,286,1.496,55.66,45.42,False
VPW-CNC-MILL-02,287,1.611,56.76,36.74,False
VPW-CNC-MILL-02,288,1.706,55.92,27.7,False
VPW-CNC-MILL-02,289,1.503,56.35,22.5,False
VPW-CNC-MILL-02,290,1.713,56.99,33.29,False
VPW-CNC-MILL-02,291,1.566,55.75,29.86,False
VPW-CNC-MILL-02,292,1.621,56.8,27.58,False
VPW-CNC-MILL-02,293,1.646,55.9,25.72,False
VPW-CNC-MILL-02,294,1.678,56.09,25.32,False
VPW-CNC-MILL-02,295,1.442,57.75,29.82,False
VPW-CNC-MILL-02,296,1.572,56.11,29.89,False
VPW-CNC-MILL-02,297,1.68,56.79,45.23,False
VPW-CNC-MILL-02,298,1.722,56.88,23.32,False
VPW-CNC-MILL-02,299,1.691,55.66,22.31,False
VPW-CNC-MILL-02,300,1.732,56.59,35.93,False
VPW-CNC-MILL-02,301,1.711,57.95,24.15,False
VPW-CNC-MILL-02,302,1.948,58.03,41.99,False
VPW-CNC-MILL-02,303,1.71,55.09,40.67,False
VPW-CNC-MILL-02,304,1.828,56.16,28.3,False
VPW-CNC-MILL-02,305,1.74,56.34,36.1,False
VPW-CNC-MILL-02,306,1.64,57.44,25.44,False
VPW-CNC-MILL-02,307,1.873,57.75,28.69,False
VPW-CNC-MILL-02,308,1.969,57.51,24.12,False
VPW-CNC-MILL-02,309,1.822,57.83,35.7,False
VPW-CNC-MILL-02,310,1.838,58.01,37.65,False
VPW-CNC-MILL-02,311,1.963,58.6,22.96,False
VPW-CNC-MILL-02,312,1.875,58.59,31.7,False
VPW-CNC-MILL-02,313,1.827,58.74,39.86,False
VPW-CNC-MILL-02,314,1.884,58.62,43.19,False
VPW-CNC-MILL-02,315,1.837,58.42,19.39,False
VPW-CNC-MILL-02,316,1.924,58.14,38.5,False
VPW-CNC-MILL-02,317,2.079,57.93,39.23,False
VPW-CNC-MILL-02,318,1.905,58.04,23.33,False
VPW-CNC-MILL-02,319,1.825,59.11,42.19,False
VPW-CNC-MILL-02,320,1.994,58.69,30.87,False
VPW-CNC-MILL-02,321,1.947,57.77,25.91,False
VPW-CNC-MILL-02,322,1.959,59.05,18.35,False
VPW-CNC-MILL-02,323,1.986,58.67,26.19,False
VPW-CNC-MILL-02,324,2.005,58.57,27.3,False
VPW-CNC-MILL-02,325,2.114,57.85,36.21,False
VPW-CNC-MILL-02,326,1.927,58.64,37.33,False
VPW-CNC-MILL-02,327,1.958,57.3,18.64,False
VPW-CNC-MILL-02,328,1.948,59.46,34.85,False
VPW-CNC-MILL-02,329,1.966,58.17,20.46,False
VPW-CNC-MILL-02,330,2.038,58.79,23.05,False
VPW-CNC-MILL-02,331,1.958,58.89,38.24,False
VPW-CNC-MILL-02,332,1.815,58.13,19.01,False
VPW-CNC-MILL-02,333,1.868,57.48,28.58,False
VPW-CNC-MILL-02,334,1.892,57.69,20.79,False
VPW-CNC-MILL-02,335,2.06,57.1,46.29,False
VPW-CNC-MILL-02,336,1.793,57.99,38.71,False
VPW-CNC-MILL-02,337,1.616,59.3,29.55,False
VPW-CNC-MILL-02,338,1.731,60.07,44.85,False
VPW-CNC-MILL-02,339,1.855,58.56,30.36,False
VPW-CNC-MILL-02,340,1.802,58.66,19.96,False
VPW-CNC-MILL-02,341,1.763,59.19,34.53,False
VPW-CNC-MILL-02,342,1.629,59.63,45.97,False
VPW-CNC-MILL-02,343,1.707,57.41,34.05,False
VPW-CNC-MILL-02,344,1.688,58.4,21.98,False
VPW-CNC-MILL-02,345,1.592,59.06,29.5,False
VPW-CNC-MILL-02,346,1.713,57.04,20.14,False
VPW-CNC-MILL-02,347,1.656,58.51,21.83,False
VPW-CNC-MILL-02,348,1.621,58.99,40.87,False
VPW-CNC-MILL-02,349,1.634,59.69,19.4,False
VPW-CNC-MILL-02,350,1.726,59.04,20.51,False
VPW-CNC-MILL-02,351,1.737,59.83,23.03,False
VPW-CNC-MILL-02,352,1.527,58.72,38.49,False
VPW-CNC-MILL-02,353,1.56,59.39,24.2,False
VPW-CNC-MILL-02,354,1.529,58.8,35.5,False
VPW-CNC-MILL-02,355,1.69,57.8,19.37,False
VPW-CNC-MILL-02,356,1.541,58.96,19.37,False
VPW-CNC-MILL-02,357,1.758,57.97,19.36,False
VPW-CNC-MILL-02,358,1.593,58.46,36.98,False
VPW-CNC-MILL-02,359,1.478,58.21,34.5,False
VPW-CNC-MILL-02,360,1.558,57.54,28.34,False
VPW-CNC-MILL-02,361,1.382,58.7,25.19,False
VPW-CNC-MILL-02,362,1.683,56.64,29.24,False
VPW-CNC-MILL-02,363,1.55,57.89,19.43,False
VPW-CNC-MILL-02,364,1.495,58.45,44.11,False
VPW-CNC-MILL-02,365,1.773,58.24,35.84,False
VPW-CNC-MILL-02,366,1.525,58.05,30.5,False
VPW-CNC-MILL-02,367,1.657,56.26,28.71,False
VPW-CNC-MILL-02,368,1.523,58.3,28.54,False
VPW-CNC-MILL-02,369,1.57,57.95,29.12,False
VPW-CNC-MILL-02,370,1.701,57.97,29.84,False
VPW-CNC-MILL-02,371,1.59,57.77,39.73,False
VPW-CNC-MILL-02,372,1.778,56.11,45.04,False
VPW-CNC-MILL-02,373,1.659,57.04,33.36,False
VPW-CNC-MILL-02,374,1.67,56.74,37.52,False
VPW-CNC-MILL-02,375,1.769,56.73,33.61,False
VPW-CNC-MILL-02,376,1.866,57.75,36.1,False
VPW-CNC-MILL-02,377,1.885,56.6,36.75,False
VPW-CNC-MILL-02,378,1.747,56.52,28.29,False
VPW-CNC-MILL-02,379,1.872,56.33,22.55,False
VPW-CNC-MILL-02,380,1.834,57.46,18.41,False
VPW-CNC-MILL-02,381,1.749,55.59,22.99,False
VPW-CNC-MILL-02,382,1.817,56.38,24.41,False
VPW-CNC-MILL-02,383,2.056,57.82,31.45,False
VPW-CNC-MILL-02,384,1.871,56.68,21.57,False
VPW-CNC-MILL-02,385,1.902,56.18,39.74,False
VPW-CNC-MILL-02,386,1.878,57.05,33.48,False
VPW-CNC-MILL-02,387,1.88,56.5,25.69,False
VPW-CNC-MILL-02,388,1.895,56.93,33.07,False
VPW-CNC-MILL-02,389,1.911,56.68,38.25,False
VPW-CNC-MILL-02,390,1.841,55.23,41.86,False
VPW-CNC-MILL-02,391,1.979,55.14,21.63,False
VPW-CNC-MILL-02,392,1.819,55.01,29.3,False
VPW-CNC-MILL-02,393,1.941,57.38,23.58,False
VPW-CNC-MILL-02,394,1.981,56.04,39.24,False
VPW-CNC-MILL-02,395,2.022,55.97,23.33,False
VPW-CNC-MILL-02,396,2.305,56.01,46.09,False
VPW-CNC-MILL-02,397,2.042,56.47,33.43,False
VPW-CNC-MILL-02,398,2.01,55.13,43.59,False
VPW-CNC-MILL-02,399,1.925,56.27,33.84,False
VPW-CNC-MILL-02,400,1.863,57.54,24.64,False
VPW-CNC-MILL-02,401,1.917,56.35,37.31,False
VPW-CNC-MILL-02,402,2.07,56.48,19.31,False
VPW-CNC-MILL-02,403,1.959,57.42,20.51,False
VPW-CNC-MILL-02,404,1.871,55.32,27.19,False
VPW-CNC-MILL-02,405,1.918,55.89,20.7,False
VPW-CNC-MILL-02,406,1.893,55.84,20.26,False
VPW-CNC-MILL-02,407,1.786,54.9,33.57,False
VPW-CNC-MILL-02,408,2.013,56.99,31.91,False
VPW-CNC-MILL-02,409,2.035,54.6,25.32,False
VPW-CNC-MILL-02,410,1.972,55.64,42.94,False
VPW-CNC-MILL-02,411,1.88,55.34,25.29,False
VPW-CNC-MILL-02,412,1.908,55.78,26.23,False
VPW-CNC-MILL-02,413,1.882,54.91,26.41,False
VPW-CNC-MILL-02,414,1.944,56.89,22.17,False
VPW-CNC-MILL-02,415,2.018,56.27,37.41,False
VPW-CNC-MILL-02,416,1.751,55.32,18.82,False
VPW-CNC-MILL-02,417,1.605,53.49,30.7,False
VPW-CNC-MILL-02,418,1.668,54.59,21.77,False
VPW-CNC-MILL-02,419,1.606,56.69,21.36,False
VPW-CNC-MILL-02,420,1.698,56.18,31.95,False
VPW-CNC-MILL-02,421,1.762,55.76,43.36,False
VPW-CNC-MILL-02,422,1.652,54.53,44.02,False
VPW-CNC-MILL-02,423,1.598,55.88,35.49,False
VPW-CNC-MILL-02,424,1.717,57.41,31.79,False
VPW-CNC-MILL-02,425,1.587,54.5,27.98,False
VPW-CNC-MILL-02,426,1.577,56.82,45.27,False
VPW-CNC-MILL-02,427,1.67,55.96,27.65,False
VPW-CNC-MILL-02,428,1.674,56.81,42.34,False
VPW-CNC-MILL-02,429,1.569,55.77,31.02,False
VPW-CNC-MILL-02,430,1.645,54.92,31.88,False
VPW-CNC-MILL-02,431,1.684,57.16,31.29,False
VPW-CNC-MILL-02,432,1.541,56.28,45.54,False
VPW-CNC-MILL-02,433,1.714,55.76,45.01,False
VPW-CNC-MILL-02,434,1.439,55.38,34.38,False
VPW-CNC-MILL-02,435,1.549,58.44,29.1,False
VPW-CNC-MILL-02,436,1.538,57.46,21.38,False
VPW-CNC-MILL-02,437,1.531,57.16,41.92,False
VPW-CNC-MILL-02,438,1.485,56.28,25.39,False
VPW-CNC-MILL-02,439,1.68,57.71,23.87,False
VPW-CNC-MILL-02,440,1.603,56.27,26.2,False
VPW-CNC-MILL-02,441,1.542,56.85,22.98,False
VPW-CNC-MILL-02,442,1.649,57.36,21.26,False
VPW-CNC-MILL-02,443,1.603,55.69,40.42,False
VPW-CNC-MILL-02,444,1.87,58.3,25.03,False
VPW-CNC-MILL-02,445,1.641,56.94,23.57,False
VPW-CNC-MILL-02,446,1.577,56.42,24.6,False
VPW-CNC-MILL-02,447,1.656,57.01,26.42,False
VPW-CNC-MILL-02,448,1.619,57.52,26.74,False
VPW-CNC-MILL-02,449,1.862,56.97,34.37,False
VPW-CNC-MILL-02,450,1.593,58.48,20.55,False
VPW-CNC-MILL-02,451,1.631,57.14,37.96,False
VPW-CNC-MILL-02,452,1.883,56.41,20.67,False
VPW-CNC-MILL-02,453,1.852,56.58,41.13,False
VPW-CNC-MILL-02,454,1.757,57.21,27.29,False
VPW-CNC-MILL-02,455,1.829,57.86,36.41,False
VPW-CNC-MILL-02,456,1.772,59.16,23.69,False
VPW-CNC-MILL-02,457,1.793,56.7,29.98,False
VPW-CNC-MILL-02,458,1.958,58.05,43.87,False
VPW-CNC-MILL-02,459,1.87,58.13,19.14,False
VPW-CNC-MILL-02,460,1.87,57.36,39.76,False
VPW-CNC-MILL-02,461,1.871,58.24,32.19,False
VPW-CNC-MILL-02,462,1.948,58.23,28.02,False
VPW-CNC-MILL-02,463,1.876,57.63,32.23,False
VPW-CNC-MILL-02,464,1.952,59.51,37.76,False
VPW-CNC-MILL-02,465,2.1,57.27,26.14,False
VPW-CNC-MILL-02,466,2.321,59.34,40.0,False
VPW-CNC-MILL-02,467,1.942,59.54,23.45,False
VPW-CNC-MILL-02,468,2.04,58.95,25.84,False
VPW-CNC-MILL-02,469,1.998,57.39,27.11,False
VPW-CNC-MILL-02,470,1.867,58.84,29.76,False
VPW-CNC-MILL-02,471,2.202,59.39,29.77,False
VPW-CNC-MILL-02,472,2.093,58.88,38.98,False
VPW-CNC-MILL-02,473,1.984,57.59,44.62,False
VPW-CNC-MILL-02,474,1.905,59.5,31.71,False
VPW-CNC-MILL-02,475,2.061,59.29,17.64,False
VPW-CNC-MILL-02,476,2.114,58.6,22.4,False
VPW-CNC-MILL-02,477,1.918,58.39,42.32,False
VPW-CNC-MILL-02,478,1.99,59.21,38.43,False
VPW-CNC-MILL-02,479,1.971,59.57,17.7,False
VPW-CNC-MILL-02,480,2.083,58.39,18.73,False
VPW-CNC-MILL-02,481,1.929,59.23,22.32,False
VPW-CNC-MILL-02,482,1.89,57.95,28.83,False
VPW-CNC-MILL-02,483,1.845,60.84,45.25,False
VPW-CNC-MILL-02,484,1.88,58.14,31.96,False
VPW-CNC-MILL-02,485,1.782,58.71,19.33,False
VPW-CNC-MILL-02,486,1.848,59.74,25.76,False
VPW-CNC-MILL-02,487,1.972,58.5,24.19,False
VPW-CNC-MILL-02,488,1.909,59.61,25.47,False
VPW-CNC-MILL-02,489,1.876,58.29,21.54,False
VPW-CNC-MILL-02,490,1.939,60.19,37.88,False
VPW-CNC-MILL-02,491,1.698,61.27,18.68,False
VPW-CNC-MILL-02,492,1.779,59.6,42.16,False
VPW-CNC-MILL-02,493,1.752,59.01,43.36,False
VPW-CNC-MILL-02,494,1.602,59.0,35.86,False
VPW-CNC-MILL-02,495,1.766,60.38,44.0,False
VPW-CNC-MILL-02,496,1.749,58.49,31.51,False
VPW-CNC-MILL-02,497,1.64,58.95,29.1,False
VPW-CNC-MILL-02,498,1.614,59.08,38.01,False
VPW-CNC-MILL-02,499,1.686,57.86,26.45,False
VPW-CNC-MILL-02,500,1.639,58.22,24.11,False
VPW-CNC-MILL-02,501,1.619,59.08,41.04,False
VPW-CNC-MILL-02,502,1.581,59.95,29.43,False
VPW-CNC-MILL-02,503,1.611,58.69,39.83,False
VPW-CNC-MILL-02,504,1.567,59.66,23.07,False
VPW-CNC-MILL-02,505,1.62,58.86,21.07,False
VPW-CNC-MILL-02,506,1.667,60.14,17.96,False
VPW-CNC-MILL-02,507,1.677,58.34,27.96,False
VPW-CNC-MILL-02,508,1.671,58.03,29.78,False
VPW-CNC-MILL-02,509,1.443,59.03,34.37,False
VPW-CNC-MILL-02,510,1.54,59.11,42.05,False
VPW-CNC-MILL-02,511,1.565,59.84,23.38,False
VPW-CNC-MILL-02,512,1.671,58.17,21.62,False
VPW-CNC-MILL-02,513,1.715,59.4,40.67,False
VPW-CNC-MILL-02,514,1.653,58.55,22.33,False
VPW-CNC-MILL-02,515,1.495,57.22,20.89,False
VPW-CNC-MILL-02,516,1.527,59.17,40.3,False
VPW-CNC-MILL-02,517,1.626,56.41,20.47,False
VPW-CNC-MILL-02,518,1.672,57.63,32.0,False
VPW-CNC-MILL-02,519,1.556,58.95,42.7,False
VPW-CNC-MILL-02,520,1.723,58.05,28.03,False
VPW-CNC-MILL-02,521,1.814,58.62,38.52,False
VPW-CNC-MILL-02,522,1.805,56.78,23.81,False
VPW-CNC-MILL-02,523,1.791,58.76,39.67,False
VPW-CNC-MILL-02,524,1.837,58.29,23.69,False
VPW-CNC-MILL-02,525,1.826,56.77,38.02,False
VPW-CNC-MILL-02,526,1.839,57.99,22.46,False
VPW-CNC-MILL-02,527,1.83,57.12,36.78,False
VPW-CNC-MILL-02,528,1.842,58.38,37.46,False
VPW-CNC-MILL-02,529,1.773,57.6,21.05,False
VPW-CNC-MILL-02,530,1.865,56.89,40.1,False
VPW-CNC-MILL-02,531,1.921,57.59,19.87,False
VPW-CNC-MILL-02,532,1.981,57.23,44.13,False
VPW-CNC-MILL-02,533,2.062,56.66,25.29,False
VPW-CNC-MILL-02,534,1.836,57.47,33.63,False
VPW-CNC-MILL-02,535,1.962,58.15,34.6,False
VPW-CNC-MILL-02,536,1.879,56.97,27.64,False
VPW-CNC-MILL-02,537,2.055,56.36,18.38,False
VPW-CNC-MILL-02,538,2.013,56.66,18.35,False
VPW-CNC-MILL-02,539,1.835,57.51,20.34,False
VPW-CNC-MILL-02,540,2.144,56.49,43.27,False
VPW-CNC-MILL-02,541,1.817,57.68,38.92,False
VPW-CNC-MILL-02,542,1.833,57.4,31.79,False
VPW-CNC-MILL-02,543,2.089,56.6,22.93,False
VPW-CNC-MILL-02,544,2.122,58.45,45.51,False
VPW-CNC-MILL-02,545,2.171,58.5,31.16,False
VPW-CNC-MILL-02,546,1.96,55.69,37.19,False
VPW-CNC-MILL-02,547,2.153,56.81,23.79,False
VPW-CNC-MILL-02,548,2.094,56.9,24.84,False
VPW-CNC-MILL-02,549,1.901,55.21,41.62,False
VPW-CNC-MILL-02,550,2.175,57.75,32.77,False
VPW-CNC-MILL-02,551,2.07,56.07,25.9,False
VPW-CNC-MILL-02,552,2.051,55.47,22.69,False
VPW-CNC-MILL-02,553,2.083,54.77,37.93,False
VPW-CNC-MILL-02,554,2.086,57.25,31.38,False
VPW-CNC-MILL-02,555,1.957,55.6,32.99,False
VPW-CNC-MILL-02,556,2.055,55.57,25.75,False
VPW-CNC-MILL-02,557,1.905,56.0,30.67,False
VPW-CNC-MILL-02,558,1.908,56.32,32.56,False
VPW-CNC-MILL-02,559,1.979,56.28,27.55,False
VPW-CNC-MILL-02,560,1.86,57.23,33.2,False
VPW-CNC-MILL-02,561,2.102,56.14,21.1,False
VPW-CNC-MILL-02,562,1.979,55.43,38.74,False
VPW-CNC-MILL-02,563,1.876,55.71,42.67,False
VPW-CNC-MILL-02,564,1.787,56.28,41.2,False
VPW-CNC-MILL-02,565,1.895,56.64,21.81,False
VPW-CNC-MILL-02,566,1.95,56.6,39.91,False
VPW-CNC-MILL-02,567,1.896,58.07,36.23,False
VPW-CNC-MILL-02,568,1.671,56.69,22.51,False
VPW-CNC-MILL-02,569,1.682,56.27,44.85,False
VPW-CNC-MILL-02,570,1.782,57.72,40.4,False
VPW-CNC-MILL-02,571,1.734,53.93,19.97,False
VPW-CNC-MILL-02,572,1.751,55.11,28.75,False
VPW-CNC-MILL-02,573,1.688,56.36,45.67,False
VPW-CNC-MILL-02,574,1.556,56.86,32.05,False
VPW-CNC-MILL-02,575,1.657,56.8,41.25,False
VPW-CNC-MILL-02,576,1.508,56.52,34.21,False
VPW-CNC-MILL-02,577,1.727,55.88,26.86,False
VPW-CNC-MILL-02,578,1.669,57.05,31.6,False
VPW-CNC-MILL-02,579,1.361,55.86,38.37,False
VPW-CNC-MILL-02,580,1.64,54.9,28.27,False
VPW-CNC-MILL-02,581,1.752,57.09,21.3,False
VPW-CNC-MILL-02,582,1.631,56.63,19.48,False
VPW-CNC-MILL-02,583,1.676,54.56,40.46,False
VPW-CNC-MILL-02,584,1.642,58.26,22.25,False
VPW-CNC-MILL-02,585,1.58,55.9,28.01,False
VPW-CNC-MILL-02,586,1.581,57.36,18.15,False
VPW-CNC-MILL-02,587,1.793,57.36,39.6,False
VPW-CNC-MILL-02,588,1.542,55.76,18.62,False
VPW-CNC-MILL-02,589,1.805,57.12,29.12,False
VPW-CNC-MILL-02,590,1.742,55.21,45.91,False
VPW-CNC-MILL-02,591,1.729,56.91,25.67,False
VPW-CNC-MILL-02,592,1.628,56.79,34.57,False
VPW-CNC-MILL-02,593,1.694,56.64,28.9,False
VPW-CNC-MILL-02,594,1.753,56.79,20.47,False
VPW-CNC-MILL-02,595,1.637,57.9,17.85,False
VPW-CNC-MILL-02,596,1.718,59.14,45.86,False
VPW-CNC-MILL-02,597,1.907,58.75,31.12,False
VPW-CNC-MILL-02,598,1.773,56.6,31.91,False
VPW-CNC-MILL-02,599,1.865,56.98,43.96,False
VPW-CNC-MILL-02,600,1.761,57.61,25.62,False
VPW-CNC-MILL-02,601,1.749,57.13,23.04,False
VPW-CNC-MILL-02,602,1.896,57.91,43.38,False
VPW-CNC-MILL-02,603,1.931,58.87,33.36,False
VPW-CNC-MILL-02,604,1.945,57.73,24.87,False
VPW-CNC-MILL-02,605,1.985,57.29,30.25,False
VPW-CNC-MILL-02,606,1.886,56.38,35.71,False
VPW-CNC-MILL-02,607,1.828,58.96,28.61,False
VPW-CNC-MILL-02,608,1.924,60.14,25.88,False
VPW-CNC-MILL-02,609,2.061,57.54,38.79,False
VPW-CNC-MILL-02,610,1.967,57.87,34.04,False
VPW-CNC-MILL-02,611,2.074,57.85,36.99,False
VPW-CNC-MILL-02,612,1.887,57.42,35.81,False
VPW-CNC-MILL-02,613,2.086,58.42,43.99,False
VPW-CNC-MILL-02,614,2.014,59.06,41.9,False
VPW-CNC-MILL-02,615,2.05,57.13,33.86,False
VPW-CNC-MILL-02,616,2.115,58.77,26.19,False
VPW-CNC-MILL-02,617,1.915,57.35,25.55,False
VPW-CNC-MILL-02,618,2.004,58.58,19.37,False
VPW-CNC-MILL-02,619,2.113,57.72,29.85,False
VPW-CNC-MILL-02,620,1.993,59.15,43.09,False
VPW-CNC-MILL-02,621,2.082,58.5,36.95,False
VPW-CNC-MILL-02,622,2.121,59.21,21.12,False
VPW-CNC-MILL-02,623,2.04,58.75,25.61,False
VPW-CNC-MILL-02,624,2.221,59.29,28.1,False
VPW-CNC-MILL-02,625,2.088,59.12,37.27,False
VPW-CNC-MILL-02,626,2.014,58.55,42.12,False
VPW-CNC-MILL-02,627,1.906,58.65,41.06,False
VPW-CNC-MILL-02,628,2.109,58.6,27.07,False
VPW-CNC-MILL-02,629,2.081,59.16,41.69,False
VPW-CNC-MILL-02,630,1.984,59.59,24.34,False
VPW-CNC-MILL-02,631,2.046,59.98,36.53,False
VPW-CNC-MILL-02,632,2.018,58.47,32.29,False
VPW-CNC-MILL-02,633,1.927,58.53,31.18,False
VPW-CNC-MILL-02,634,1.878,60.06,17.85,False
VPW-CNC-MILL-02,635,1.991,58.7,27.88,False
VPW-CNC-MILL-02,636,1.946,60.09,40.7,False
VPW-CNC-MILL-02,637,1.94,58.84,42.94,False
VPW-CNC-MILL-02,638,2.089,59.35,43.84,False
VPW-CNC-MILL-02,639,1.781,59.22,43.19,False
VPW-CNC-MILL-02,640,1.95,59.53,27.43,False
VPW-CNC-MILL-02,641,1.862,59.64,32.39,False
VPW-CNC-MILL-02,642,1.795,60.37,33.54,False
VPW-CNC-MILL-02,643,1.957,60.69,34.84,False
VPW-CNC-MILL-02,644,1.793,59.1,35.59,False
VPW-CNC-MILL-02,645,1.794,59.56,28.34,False
VPW-CNC-MILL-02,646,1.737,58.2,44.35,False
VPW-CNC-MILL-02,647,1.8,59.35,45.48,False
VPW-CNC-MILL-02,648,1.659,58.93,21.27,False
VPW-CNC-MILL-02,649,1.723,59.27,41.04,False
VPW-CNC-MILL-02,650,1.75,58.98,23.09,False
VPW-CNC-MILL-02,651,1.589,59.73,43.06,False
VPW-CNC-MILL-02,652,1.733,60.68,37.93,False
VPW-CNC-MILL-02,653,1.676,59.7,33.19,False
VPW-CNC-MILL-02,654,1.687,59.58,37.46,False
VPW-CNC-MILL-02,655,1.683,58.42,35.18,False
VPW-CNC-MILL-02,656,1.677,59.36,44.46,False
VPW-CNC-MILL-02,657,1.522,59.18,29.15,False
VPW-CNC-MILL-02,658,1.657,59.38,18.7,False
VPW-CNC-MILL-02,659,1.735,60.06,28.48,False
VPW-CNC-MILL-02,660,1.617,60.98,28.89,False
VPW-CNC-MILL-02,661,1.599,57.47,24.66,False
VPW-CNC-MILL-02,662,1.626,58.12,17.63,False
VPW-CNC-MILL-02,663,1.714,59.07,39.63,False
VPW-CNC-MILL-02,664,1.716,58.32,19.86,False
VPW-CNC-MILL-02,665,1.91,59.23,42.63,False
VPW-CNC-MILL-02,666,1.61,60.78,32.72,False
VPW-CNC-MILL-02,667,1.673,58.81,31.5,False
VPW-CNC-MILL-02,668,1.469,59.64,29.4,False
VPW-CNC-MILL-02,669,1.738,58.64,44.11,False
VPW-CNC-MILL-02,670,1.727,58.06,28.03,False
VPW-CNC-MILL-02,671,1.65,57.23,43.44,False
VPW-CNC-MILL-02,672,1.874,58.99,37.81,False
VPW-CNC-MILL-02,673,1.695,56.94,32.66,False
VPW-CNC-MILL-02,674,1.775,58.45,25.1,False
VPW-CNC-MILL-02,675,1.826,58.73,39.82,False
VPW-CNC-MILL-02,676,1.786,57.65,45.76,False
VPW-CNC-MILL-02,677,1.869,57.15,25.79,False
VPW-CNC-MILL-02,678,1.808,56.18,45.27,False
VPW-CNC-MILL-02,679,1.954,57.58,34.2,False
VPW-CNC-MILL-02,680,1.977,58.37,31.27,False
VPW-CNC-MILL-02,681,1.892,58.73,19.06,False
VPW-CNC-MILL-02,682,1.949,58.72,44.9,False
VPW-CNC-MILL-02,683,1.984,57.31,24.98,False
VPW-CNC-MILL-02,684,1.99,57.9,27.14,False
VPW-CNC-MILL-02,685,1.956,57.55,17.96,False
VPW-CNC-MILL-02,686,1.885,56.28,25.02,False
VPW-CNC-MILL-02,687,1.928,58.17,37.67,False
VPW-CNC-MILL-02,688,2.101,57.14,25.26,False
VPW-CNC-MILL-02,689,2.093,57.67,34.39,False
VPW-CNC-MILL-02,690,2.092,57.49,22.22,False
VPW-CNC-MILL-02,691,2.066,56.86,28.5,False
VPW-CNC-MILL-02,692,2.03,56.15,29.16,False
VPW-CNC-MILL-02,693,1.986,59.06,31.7,False
VPW-CNC-MILL-02,694,2.074,57.64,35.76,False
VPW-CNC-MILL-02,695,2.06,56.54,25.85,False
VPW-CNC-MILL-02,696,2.093,56.6,43.81,False
VPW-CNC-MILL-02,697,2.157,56.96,20.1,False
VPW-CNC-MILL-02,698,2.094,55.09,43.89,False
VPW-CNC-MILL-02,699,2.058,58.49,28.87,False
VPW-CNC-MILL-02,700,2.098,56.94,38.53,False
VPW-CNC-MILL-02,701,2.013,58.54,23.81,False
VPW-CNC-MILL-02,702,2.029,57.26,29.2,False
VPW-CNC-MILL-02,703,2.08,56.76,37.69,False
VPW-CNC-MILL-02,704,2.137,56.85,19.58,False
VPW-CNC-MILL-02,705,1.974,58.85,33.22,False
VPW-CNC-MILL-02,706,2.038,57.66,19.88,False
VPW-CNC-MILL-02,707,2.123,56.06,39.26,False
VPW-CNC-MILL-02,708,2.098,56.23,29.21,False
VPW-CNC-MILL-02,709,2.053,56.27,22.0,False
VPW-CNC-MILL-02,710,1.971,57.11,24.17,False
VPW-CNC-MILL-02,711,1.91,55.92,45.46,False
VPW-CNC-MILL-02,712,1.959,55.34,39.34,False
VPW-CNC-MILL-02,713,1.882,55.61,29.53,False
VPW-CNC-MILL-02,714,2.056,55.93,46.14,False
VPW-CNC-MILL-02,715,1.939,57.86,19.21,False
VPW-CNC-MILL-02,716,1.826,55.42,27.27,False
VPW-CNC-MILL-02,717,1.918,56.88,33.39,False
VPW-CNC-MILL-02,718,1.795,55.91,44.59,False
VPW-CNC-MILL-02,719,1.847,56.7,34.34,False
VPW-CNC-MILL-03,0,1.931,59.42,31.05,False
VPW-CNC-MILL-03,1,2.089,58.51,28.66,False
VPW-CNC-MILL-03,2,1.92,58.53,43.23,False
VPW-CNC-MILL-03,3,1.953,58.21,33.52,False
VPW-CNC-MILL-03,4,1.996,58.13,21.34,False
VPW-CNC-MILL-03,5,2.046,60.12,19.86,False
VPW-CNC-MILL-03,6,2.132,60.4,33.59,False
VPW-CNC-MILL-03,7,2.145,59.63,34.06,False
VPW-CNC-MILL-03,8,2.195,59.07,29.27,False
VPW-CNC-MILL-03,9,2.134,60.25,20.17,False
VPW-CNC-MILL-03,10,2.076,60.49,40.95,False
VPW-CNC-MILL-03,11,2.271,60.06,36.43,False
VPW-CNC-MILL-03,12,1.961,60.64,33.15,False
VPW-CNC-MILL-03,13,2.184,59.21,21.31,False
VPW-CNC-MILL-03,14,2.194,59.82,39.2,False
VPW-CNC-MILL-03,15,2.336,61.58,24.47,False
VPW-CNC-MILL-03,16,2.277,59.37,36.15,False
VPW-CNC-MILL-03,17,2.26,59.7,25.13,False
VPW-CNC-MILL-03,18,2.25,60.12,34.77,False
VPW-CNC-MILL-03,19,2.375,60.92,44.97,False
VPW-CNC-MILL-03,20,2.335,60.8,29.93,False
VPW-CNC-MILL-03,21,2.128,58.71,18.85,False
VPW-CNC-MILL-03,22,2.167,60.39,21.07,False
VPW-CNC-MILL-03,23,2.372,60.81,20.88,False
VPW-CNC-MILL-03,24,2.294,61.51,29.96,False
VPW-CNC-MILL-03,25,2.184,60.72,35.78,False
VPW-CNC-MILL-03,26,2.286,59.32,45.12,False
VPW-CNC-MILL-03,27,2.451,58.59,26.99,False
VPW-CNC-MILL-03,28,2.18,60.26,33.11,False
VPW-CNC-MILL-03,29,2.251,59.93,20.84,False
VPW-CNC-MILL-03,30,2.116,59.4,29.0,False
VPW-CNC-MILL-03,31,2.244,61.12,31.63,False
VPW-CNC-MILL-03,32,2.269,59.93,27.24,False
VPW-CNC-MILL-03,33,2.078,60.51,34.65,False
VPW-CNC-MILL-03,34,2.038,62.16,24.15,False
VPW-CNC-MILL-03,35,2.271,61.34,37.07,False
VPW-CNC-MILL-03,36,2.137,60.9,25.2,False
VPW-CNC-MILL-03,37,1.902,60.73,20.68,False
VPW-CNC-MILL-03,38,1.905,61.93,18.81,False
VPW-CNC-MILL-03,39,1.966,60.94,21.38,False
VPW-CNC-MILL-03,40,1.878,59.92,42.86,False
VPW-CNC-MILL-03,41,2.151,59.09,38.1,False
VPW-CNC-MILL-03,42,1.912,61.53,20.64,False
VPW-CNC-MILL-03,43,1.927,59.77,24.01,False
VPW-CNC-MILL-03,44,2.007,59.1,19.48,False
VPW-CNC-MILL-03,45,1.984,60.11,28.86,False
VPW-CNC-MILL-03,46,1.927,59.19,24.14,False
VPW-CNC-MILL-03,47,1.9,60.76,18.94,False
VPW-CNC-MILL-03,48,1.812,60.82,21.91,False
VPW-CNC-MILL-03,49,1.832,61.12,40.21,False
VPW-CNC-MILL-03,50,1.946,59.56,29.85,False
VPW-CNC-MILL-03,51,1.796,61.24,38.8,False
VPW-CNC-MILL-03,52,1.767,61.61,35.01,False
VPW-CNC-MILL-03,53,1.664,60.64,18.68,False
VPW-CNC-MILL-03,54,1.913,61.72,34.53,False
VPW-CNC-MILL-03,55,1.887,60.32,41.15,False
VPW-CNC-MILL-03,56,1.753,61.24,38.71,False
VPW-CNC-MILL-03,57,1.733,60.9,30.36,False
VPW-CNC-MILL-03,58,1.81,59.72,32.37,False
VPW-CNC-MILL-03,59,1.768,60.24,41.12,False
VPW-CNC-MILL-03,60,1.848,60.81,33.86,False
VPW-CNC-MILL-03,61,1.769,59.49,18.81,False
VPW-CNC-MILL-03,62,1.742,60.3,40.75,False
VPW-CNC-MILL-03,63,1.869,61.05,41.56,False
VPW-CNC-MILL-03,64,1.727,57.56,19.25,False
VPW-CNC-MILL-03,65,1.704,58.67,26.72,False
VPW-CNC-MILL-03,66,1.723,58.56,33.5,False
VPW-CNC-MILL-03,67,1.676,59.82,34.25,False
VPW-CNC-MILL-03,68,1.91,59.33,34.97,False
VPW-CNC-MILL-03,69,1.922,60.05,19.92,False
VPW-CNC-MILL-03,70,1.905,59.79,34.0,False
VPW-CNC-MILL-03,71,2.026,59.96,31.42,False
VPW-CNC-MILL-03,72,2.043,59.37,42.49,False
VPW-CNC-MILL-03,73,1.906,59.95,20.76,False
VPW-CNC-MILL-03,74,1.984,61.16,41.7,False
VPW-CNC-MILL-03,75,2.173,58.53,19.26,False
VPW-CNC-MILL-03,76,1.91,57.22,41.93,False
VPW-CNC-MILL-03,77,2.089,59.13,17.8,False
VPW-CNC-MILL-03,78,1.848,60.35,29.88,False
VPW-CNC-MILL-03,79,2.058,58.5,20.56,False
VPW-CNC-MILL-03,80,2.088,59.39,42.95,False
VPW-CNC-MILL-03,81,2.014,57.89,27.17,False
VPW-CNC-MILL-03,82,2.305,58.93,18.81,False
VPW-CNC-MILL-03,83,2.168,59.49,41.56,False
VPW-CNC-MILL-03,84,1.979,59.12,20.25,False
VPW-CNC-MILL-03,85,2.228,58.57,35.76,False
VPW-CNC-MILL-03,86,2.226,57.47,39.08,False
VPW-CNC-MILL-03,87,2.284,58.78,17.69,False
VPW-CNC-MILL-03,88,2.314,58.61,31.52,False
VPW-CNC-MILL-03,89,2.257,58.06,18.64,False
VPW-CNC-MILL-03,90,2.313,56.79,31.28,False
VPW-CNC-MILL-03,91,2.254,57.93,28.1,False
VPW-CNC-MILL-03,92,2.396,59.71,35.61,False
VPW-CNC-MILL-03,93,2.193,56.8,27.16,False
VPW-CNC-MILL-03,94,2.192,57.5,27.18,False
VPW-CNC-MILL-03,95,2.109,58.32,35.38,False
VPW-CNC-MILL-03,96,2.377,57.47,31.61,False
VPW-CNC-MILL-03,97,2.11,58.1,31.17,False
VPW-CNC-MILL-03,98,2.198,57.39,32.02,False
VPW-CNC-MILL-03,99,2.146,58.38,39.87,False
VPW-CNC-MILL-03,100,2.184,57.13,29.76,False
VPW-CNC-MILL-03,101,2.258,57.25,21.82,False
VPW-CNC-MILL-03,102,2.027,57.26,39.27,False
VPW-CNC-MILL-03,103,2.143,56.8,28.78,False
VPW-CNC-MILL-03,104,2.201,58.06,31.91,False
VPW-CNC-MILL-03,105,2.141,58.38,33.28,False
VPW-CNC-MILL-03,106,2.202,56.51,32.1,False
VPW-CNC-MILL-03,107,2.223,57.44,30.65,False
VPW-CNC-MILL-03,108,2.272,58.42,40.02,False
VPW-CNC-MILL-03,109,2.005,58.17,23.04,False
VPW-CNC-MILL-03,110,2.133,57.92,24.81,False
VPW-CNC-MILL-03,111,2.185,57.52,26.26,False
VPW-CNC-MILL-03,112,2.064,56.24,22.68,False
VPW-CNC-MILL-03,113,2.023,58.01,31.12,False
VPW-CNC-MILL-03,114,1.931,57.84,25.89,False
VPW-CNC-MILL-03,115,2.025,56.49,38.96,False
VPW-CNC-MILL-03,116,1.948,57.64,28.51,False
VPW-CNC-MILL-03,117,1.84,57.69,40.95,False
VPW-CNC-MILL-03,118,1.924,57.46,29.05,False
VPW-CNC-MILL-03,119,2.084,55.98,26.1,False
VPW-CNC-MILL-03,120,2.008,57.02,45.57,False
VPW-CNC-MILL-03,121,1.962,57.86,40.25,False
VPW-CNC-MILL-03,122,1.704,57.72,33.63,False
VPW-CNC-MILL-03,123,1.931,56.78,32.59,False
VPW-CNC-MILL-03,124,1.966,57.3,28.03,False
VPW-CNC-MILL-03,125,1.96,58.64,34.87,False
VPW-CNC-MILL-03,126,1.958,58.4,21.07,False
VPW-CNC-MILL-03,127,1.914,58.53,25.18,False
VPW-CNC-MILL-03,128,1.807,57.45,40.93,False
VPW-CNC-MILL-03,129,1.665,57.89,45.99,False
VPW-CNC-MILL-03,130,1.807,58.81,31.2,False
VPW-CNC-MILL-03,131,1.733,57.71,18.31,False
VPW-CNC-MILL-03,132,1.896,57.57,46.1,False
VPW-CNC-MILL-03,133,1.863,57.86,17.94,False
VPW-CNC-MILL-03,134,2.124,58.07,30.08,False
VPW-CNC-MILL-03,135,1.896,57.82,28.06,False
VPW-CNC-MILL-03,136,1.778,58.48,36.31,False
VPW-CNC-MILL-03,137,1.826,58.46,34.48,False
VPW-CNC-MILL-03,138,1.762,58.57,19.94,False
VPW-CNC-MILL-03,139,2.046,58.04,21.11,False
VPW-CNC-MILL-03,140,1.778,57.51,39.84,False
VPW-CNC-MILL-03,141,2.005,59.43,34.3,False
VPW-CNC-MILL-03,142,1.93,57.76,35.37,False
VPW-CNC-MILL-03,143,1.878,60.07,30.25,False
VPW-CNC-MILL-03,144,2.033,57.54,20.5,False
VPW-CNC-MILL-03,145,2.016,56.98,22.29,False
VPW-CNC-MILL-03,146,1.979,58.24,24.33,False
VPW-CNC-MILL-03,147,2.077,58.58,20.03,False
VPW-CNC-MILL-03,148,1.946,58.69,25.04,False
VPW-CNC-MILL-03,149,2.078,58.91,44.37,False
VPW-CNC-MILL-03,150,1.962,59.42,36.22,False
VPW-CNC-MILL-03,151,1.999,57.44,26.75,False
VPW-CNC-MILL-03,152,1.965,59.32,40.48,False
VPW-CNC-MILL-03,153,2.194,58.85,29.13,False
VPW-CNC-MILL-03,154,1.912,60.49,30.91,False
VPW-CNC-MILL-03,155,2.188,59.16,38.97,False
VPW-CNC-MILL-03,156,2.139,60.11,19.81,False
VPW-CNC-MILL-03,157,2.339,59.46,22.98,False
VPW-CNC-MILL-03,158,2.211,59.11,19.89,False
VPW-CNC-MILL-03,159,2.304,58.97,21.12,False
VPW-CNC-MILL-03,160,2.028,61.01,23.63,False
VPW-CNC-MILL-03,161,2.262,59.45,38.9,False
VPW-CNC-MILL-03,162,2.132,60.26,32.06,False
VPW-CNC-MILL-03,163,2.208,59.92,20.53,False
VPW-CNC-MILL-03,164,2.342,60.48,38.13,False
VPW-CNC-MILL-03,165,2.35,61.95,19.23,False
VPW-CNC-MILL-03,166,2.338,59.93,44.86,False
VPW-CNC-MILL-03,167,2.195,60.93,21.77,False
VPW-CNC-MILL-03,168,2.284,61.02,45.61,False
VPW-CNC-MILL-03,169,2.161,59.23,39.84,False
VPW-CNC-MILL-03,170,2.284,62.34,39.64,False
VPW-CNC-MILL-03,171,2.21,61.5,31.7,False
VPW-CNC-MILL-03,172,2.382,60.27,23.26,False
VPW-CNC-MILL-03,173,2.3,60.22,35.68,False
VPW-CNC-MILL-03,174,2.309,61.86,45.9,False
VPW-CNC-MILL-03,175,2.39,60.87,23.4,False
VPW-CNC-MILL-03,176,2.22,60.72,37.36,False
VPW-CNC-MILL-03,177,2.336,61.19,29.11,False
VPW-CNC-MILL-03,178,2.288,60.1,32.07,False
VPW-CNC-MILL-03,179,2.333,62.28,35.57,False
VPW-CNC-MILL-03,180,2.171,62.46,41.42,False
VPW-CNC-MILL-03,181,2.392,61.54,42.9,False
VPW-CNC-MILL-03,182,2.282,60.85,29.41,False
VPW-CNC-MILL-03,183,2.232,58.09,38.76,False
VPW-CNC-MILL-03,184,2.083,60.03,24.4,False
VPW-CNC-MILL-03,185,2.173,61.5,24.02,False
VPW-CNC-MILL-03,186,2.004,61.37,20.76,False
VPW-CNC-MILL-03,187,2.175,60.13,41.68,False
VPW-CNC-MILL-03,188,2.094,60.81,40.25,False
VPW-CNC-MILL-03,189,2.1,60.92,19.48,False
VPW-CNC-MILL-03,190,2.084,59.6,42.55,False
VPW-CNC-MILL-03,191,2.092,61.97,45.12,False
VPW-CNC-MILL-03,192,1.979,61.26,18.34,False
VPW-CNC-MILL-03,193,2.029,59.62,41.46,False
VPW-CNC-MILL-03,194,2.015,61.98,31.97,False
VPW-CNC-MILL-03,195,1.958,61.28,19.21,False
VPW-CNC-MILL-03,196,1.849,61.3,38.47,False
VPW-CNC-MILL-03,197,1.952,61.41,22.71,False
VPW-CNC-MILL-03,198,1.901,59.82,34.69,False
VPW-CNC-MILL-03,199,1.858,60.84,37.29,False
VPW-CNC-MILL-03,200,2.036,61.34,27.41,False
VPW-CNC-MILL-03,201,1.935,60.93,21.27,False
VPW-CNC-MILL-03,202,1.859,62.44,20.11,False
VPW-CNC-MILL-03,203,2.12,59.39,23.85,False
VPW-CNC-MILL-03,204,1.887,61.48,46.96,False
VPW-CNC-MILL-03,205,1.893,60.16,41.45,False
VPW-CNC-MILL-03,206,1.71,60.13,41.28,False
VPW-CNC-MILL-03,207,1.812,59.7,27.0,False
VPW-CNC-MILL-03,208,1.869,60.12,44.01,False
VPW-CNC-MILL-03,209,2.019,61.16,25.09,False
VPW-CNC-MILL-03,210,1.875,59.85,39.68,False
VPW-CNC-MILL-03,211,1.841,60.51,26.37,False
VPW-CNC-MILL-03,212,1.697,60.29,38.16,False
VPW-CNC-MILL-03,213,1.855,61.18,34.94,False
VPW-CNC-MILL-03,214,1.892,60.34,27.05,False
VPW-CNC-MILL-03,215,2.065,61.5,18.51,False
VPW-CNC-MILL-03,216,1.843,61.23,41.11,False
VPW-CNC-MILL-03,217,1.898,60.55,38.08,False
VPW-CNC-MILL-03,218,2.023,60.29,46.33,False
VPW-CNC-MILL-03,219,1.826,59.68,24.4,False
VPW-CNC-MILL-03,220,2.018,60.22,32.12,False
VPW-CNC-MILL-03,221,1.856,61.05,39.41,False
VPW-CNC-MILL-03,222,2.077,59.19,23.04,False
VPW-CNC-MILL-03,223,1.985,60.8,43.66,False
VPW-CNC-MILL-03,224,2.021,60.26,37.17,False
VPW-CNC-MILL-03,225,2.08,60.19,36.64,False
VPW-CNC-MILL-03,226,2.142,61.4,41.39,False
VPW-CNC-MILL-03,227,2.056,59.46,34.72,False
VPW-CNC-MILL-03,228,2.036,59.33,33.3,False
VPW-CNC-MILL-03,229,2.23,59.38,34.02,False
VPW-CNC-MILL-03,230,2.066,60.97,19.58,False
VPW-CNC-MILL-03,231,2.191,58.95,27.63,False
VPW-CNC-MILL-03,232,2.217,59.51,44.73,False
VPW-CNC-MILL-03,233,2.314,56.98,27.34,False
VPW-CNC-MILL-03,234,2.388,59.48,38.99,False
VPW-CNC-MILL-03,235,2.206,58.32,42.13,False
VPW-CNC-MILL-03,236,2.287,59.63,42.77,False
VPW-CNC-MILL-03,237,2.334,59.12,24.33,False
VPW-CNC-MILL-03,238,2.268,57.68,33.8,False
VPW-CNC-MILL-03,239,2.193,57.66,35.93,False
VPW-CNC-MILL-03,240,2.266,58.4,23.58,False
VPW-CNC-MILL-03,241,2.159,60.05,31.84,False
VPW-CNC-MILL-03,242,2.446,58.93,21.67,False
VPW-CNC-MILL-03,243,2.38,60.55,25.38,False
VPW-CNC-MILL-03,244,2.195,58.48,21.91,False
VPW-CNC-MILL-03,245,2.284,59.07,33.51,False
VPW-CNC-MILL-03,246,2.26,58.18,23.13,False
VPW-CNC-MILL-03,247,2.294,58.14,31.29,False
VPW-CNC-MILL-03,248,2.306,57.71,31.15,False
VPW-CNC-MILL-03,249,2.511,58.52,35.6,False
VPW-CNC-MILL-03,250,2.39,58.05,23.85,False
VPW-CNC-MILL-03,251,2.465,57.57,22.98,False
VPW-CNC-MILL-03,252,2.278,59.41,27.61,False
VPW-CNC-MILL-03,253,2.441,58.98,18.1,False
VPW-CNC-MILL-03,254,2.005,58.3,32.44,False
VPW-CNC-MILL-03,255,2.191,56.95,18.67,False
VPW-CNC-MILL-03,256,2.222,58.21,45.38,False
VPW-CNC-MILL-03,257,2.251,57.2,20.03,False
VPW-CNC-MILL-03,258,2.253,56.97,35.21,False
VPW-CNC-MILL-03,259,2.192,56.97,22.49,False
VPW-CNC-MILL-03,260,2.309,59.07,39.43,False
VPW-CNC-MILL-03,261,2.159,58.39,45.82,False
VPW-CNC-MILL-03,262,2.08,58.57,28.37,False
VPW-CNC-MILL-03,263,2.062,59.36,46.3,False
VPW-CNC-MILL-03,264,2.002,58.43,20.11,False
VPW-CNC-MILL-03,265,1.955,58.42,43.42,False
VPW-CNC-MILL-03,266,2.066,57.09,26.08,False
VPW-CNC-MILL-03,267,2.199,57.17,29.77,False
VPW-CNC-MILL-03,268,2.105,58.25,25.02,False
VPW-CNC-MILL-03,269,1.961,56.72,21.54,False
VPW-CNC-MILL-03,270,2.101,57.5,31.03,False
VPW-CNC-MILL-03,271,1.983,57.48,29.12,False
VPW-CNC-MILL-03,272,1.996,58.41,32.31,False
VPW-CNC-MILL-03,273,1.937,57.97,32.55,False
VPW-CNC-MILL-03,274,1.872,58.82,27.16,False
VPW-CNC-MILL-03,275,2.012,59.0,23.1,False
VPW-CNC-MILL-03,276,1.97,58.62,22.62,False
VPW-CNC-MILL-03,277,1.99,57.81,44.16,False
VPW-CNC-MILL-03,278,1.904,58.16,42.33,False
VPW-CNC-MILL-03,279,1.908,58.92,40.26,False
VPW-CNC-MILL-03,280,2.022,58.47,45.33,False
VPW-CNC-MILL-03,281,1.81,57.89,18.85,False
VPW-CNC-MILL-03,282,2.014,58.69,39.93,False
VPW-CNC-MILL-03,283,1.984,58.47,20.63,False
VPW-CNC-MILL-03,284,2.046,58.99,40.83,False
VPW-CNC-MILL-03,285,1.938,58.31,21.22,False
VPW-CNC-MILL-03,286,1.904,61.25,41.12,False
VPW-CNC-MILL-03,287,1.89,59.04,30.58,False
VPW-CNC-MILL-03,288,1.918,57.94,29.36,False
VPW-CNC-MILL-03,289,2.104,58.1,20.1,False
VPW-CNC-MILL-03,290,2.04,59.01,36.28,False
VPW-CNC-MILL-03,291,1.88,57.7,21.41,False
VPW-CNC-MILL-03,292,1.976,58.61,26.09,False
VPW-CNC-MILL-03,293,1.959,58.22,21.08,False
VPW-CNC-MILL-03,294,1.917,59.59,31.84,False
VPW-CNC-MILL-03,295,2.002,61.18,39.53,False
VPW-CNC-MILL-03,296,1.969,58.89,28.39,False
VPW-CNC-MILL-03,297,2.107,59.76,23.95,False
VPW-CNC-MILL-03,298,2.129,60.4,31.28,False
VPW-CNC-MILL-03,299,2.201,58.86,33.2,False
VPW-CNC-MILL-03,300,2.149,61.2,21.64,False
VPW-CNC-MILL-03,301,2.052,60.22,41.54,False
VPW-CNC-MILL-03,302,1.919,59.4,44.02,False
VPW-CNC-MILL-03,303,2.238,58.66,38.12,False
VPW-CNC-MILL-03,304,2.185,60.92,22.3,False
VPW-CNC-MILL-03,305,2.202,60.46,43.86,False
VPW-CNC-MILL-03,306,2.276,59.34,21.73,False
VPW-CNC-MILL-03,307,2.23,61.17,38.93,False
VPW-CNC-MILL-03,308,2.149,60.0,38.51,False
VPW-CNC-MILL-03,309,2.137,60.22,39.69,False
VPW-CNC-MILL-03,310,2.355,59.38,44.87,False
VPW-CNC-MILL-03,311,2.126,59.28,45.58,False
VPW-CNC-MILL-03,312,2.381,61.04,26.49,False
VPW-CNC-MILL-03,313,2.453,60.64,42.41,False
VPW-CNC-MILL-03,314,2.409,60.66,17.93,False
VPW-CNC-MILL-03,315,2.262,60.77,20.22,False
VPW-CNC-MILL-03,316,2.347,61.05,39.01,False
VPW-CNC-MILL-03,317,2.294,61.15,35.18,False
VPW-CNC-MILL-03,318,2.493,59.29,36.73,False
VPW-CNC-MILL-03,319,2.379,60.41,23.98,False
VPW-CNC-MILL-03,320,2.304,60.1,37.89,False
VPW-CNC-MILL-03,321,2.337,60.04,39.83,False
VPW-CNC-MILL-03,322,2.569,60.74,43.05,False
VPW-CNC-MILL-03,323,2.344,60.26,21.75,False
VPW-CNC-MILL-03,324,2.306,61.13,42.06,False
VPW-CNC-MILL-03,325,2.324,59.54,28.89,False
VPW-CNC-MILL-03,326,2.37,60.79,23.93,False
VPW-CNC-MILL-03,327,2.219,61.05,35.35,False
VPW-CNC-MILL-03,328,2.238,60.57,32.17,False
VPW-CNC-MILL-03,329,2.221,61.1,28.51,False
VPW-CNC-MILL-03,330,2.307,60.89,45.1,False
VPW-CNC-MILL-03,331,2.178,61.76,23.74,False
VPW-CNC-MILL-03,332,2.436,60.35,29.31,False
VPW-CNC-MILL-03,333,2.248,61.21,24.25,False
VPW-CNC-MILL-03,334,2.384,61.03,33.98,False
VPW-CNC-MILL-03,335,2.346,60.51,26.01,False
VPW-CNC-MILL-03,336,2.16,61.63,31.79,False
VPW-CNC-MILL-03,337,2.115,62.14,32.1,False
VPW-CNC-MILL-03,338,2.269,61.72,20.89,False
VPW-CNC-MILL-03,339,2.261,61.17,35.19,False
VPW-CNC-MILL-03,340,1.929,61.14,34.45,False
VPW-CNC-MILL-03,341,2.011,61.68,26.76,False
VPW-CNC-MILL-03,342,2.202,61.3,20.06,False
VPW-CNC-MILL-03,343,2.102,60.97,29.03,False
VPW-CNC-MILL-03,344,1.973,61.75,37.75,False
VPW-CNC-MILL-03,345,2.035,62.39,18.8,False
VPW-CNC-MILL-03,346,1.843,62.86,32.39,False
VPW-CNC-MILL-03,347,2.101,61.1,27.62,False
VPW-CNC-MILL-03,348,1.994,62.06,33.8,False
VPW-CNC-MILL-03,349,1.945,62.34,34.2,False
VPW-CNC-MILL-03,350,1.899,61.02,28.52,False
VPW-CNC-MILL-03,351,1.996,62.84,31.3,False
VPW-CNC-MILL-03,352,1.877,62.46,44.35,False
VPW-CNC-MILL-03,353,1.848,60.15,35.31,False
VPW-CNC-MILL-03,354,1.852,61.9,37.66,False
VPW-CNC-MILL-03,355,2.014,63.94,26.95,False
VPW-CNC-MILL-03,356,1.962,60.96,40.02,False
VPW-CNC-MILL-03,357,1.795,62.45,33.74,False
VPW-CNC-MILL-03,358,1.914,61.02,22.0,False
VPW-CNC-MILL-03,359,1.97,61.16,28.75,False
VPW-CNC-MILL-03,360,1.889,61.91,27.26,False
VPW-CNC-MILL-03,361,1.892,61.06,24.29,False
VPW-CNC-MILL-03,362,1.825,61.66,32.33,False
VPW-CNC-MILL-03,363,2.01,59.0,40.65,False
VPW-CNC-MILL-03,364,2.06,60.83,31.43,False
VPW-CNC-MILL-03,365,2.082,61.23,46.23,False
VPW-CNC-MILL-03,366,2.051,60.93,29.89,False
VPW-CNC-MILL-03,367,1.942,59.45,38.81,False
VPW-CNC-MILL-03,368,1.892,60.51,29.9,False
VPW-CNC-MILL-03,369,2.096,62.16,41.77,False
VPW-CNC-MILL-03,370,1.893,60.22,27.49,False
VPW-CNC-MILL-03,371,1.976,60.02,24.51,False
VPW-CNC-MILL-03,372,2.193,61.04,32.8,False
VPW-CNC-MILL-03,373,2.059,61.13,23.35,False
VPW-CNC-MILL-03,374,2.203,59.14,39.21,False
VPW-CNC-MILL-03,375,1.938,59.53,46.44,False
VPW-CNC-MILL-03,376,1.944,59.2,36.98,False
VPW-CNC-MILL-03,377,2.232,59.46,34.79,False
VPW-CNC-MILL-03,378,2.157,59.51,35.0,False
VPW-CNC-MILL-03,379,2.249,60.45,43.73,False
VPW-CNC-MILL-03,380,2.099,61.12,44.76,False
VPW-CNC-MILL-03,381,2.297,59.5,41.49,False
VPW-CNC-MILL-03,382,2.356,60.03,18.07,False
VPW-CNC-MILL-03,383,2.289,59.7,20.15,False
VPW-CNC-MILL-03,384,2.139,58.56,28.04,False
VPW-CNC-MILL-03,385,2.221,61.39,30.33,False
VPW-CNC-MILL-03,386,2.326,59.65,29.81,False
VPW-CNC-MILL-03,387,2.209,60.44,31.23,False
VPW-CNC-MILL-03,388,2.329,59.25,36.15,False
VPW-CNC-MILL-03,389,2.224,59.78,30.33,False
VPW-CNC-MILL-03,390,2.158,59.44,19.32,False
VPW-CNC-MILL-03,391,2.435,57.48,22.76,False
VPW-CNC-MILL-03,392,2.333,57.88,29.6,False
VPW-CNC-MILL-03,393,2.335,58.96,40.06,False
VPW-CNC-MILL-03,394,2.284,58.11,22.68,False
VPW-CNC-MILL-03,395,2.184,59.46,35.61,False
VPW-CNC-MILL-03,396,2.407,58.24,33.44,False
VPW-CNC-MILL-03,397,2.431,58.67,41.23,False
VPW-CNC-MILL-03,398,2.413,59.26,20.19,False
VPW-CNC-MILL-03,399,2.255,59.84,41.19,False
VPW-CNC-MILL-03,400,2.505,58.71,28.96,False
VPW-CNC-MILL-03,401,2.37,59.22,43.16,False
VPW-CNC-MILL-03,402,2.456,58.05,30.92,False
VPW-CNC-MILL-03,403,2.38,60.22,19.26,False
VPW-CNC-MILL-03,404,2.068,56.9,26.1,False
VPW-CNC-MILL-03,405,2.302,58.57,24.63,False
VPW-CNC-MILL-03,406,2.194,58.12,22.39,False
VPW-CNC-MILL-03,407,2.062,58.26,24.05,False
VPW-CNC-MILL-03,408,2.285,57.74,43.69,False
VPW-CNC-MILL-03,409,2.181,59.37,36.17,False
VPW-CNC-MILL-03,410,2.156,58.77,34.74,False
VPW-CNC-MILL-03,411,2.256,58.13,27.15,False
VPW-CNC-MILL-03,412,2.101,58.73,33.12,False
VPW-CNC-MILL-03,413,2.269,60.27,25.17,False
VPW-CNC-MILL-03,414,2.308,57.84,30.46,False
VPW-CNC-MILL-03,415,2.188,59.05,40.46,False
VPW-CNC-MILL-03,416,2.159,59.47,43.53,False
VPW-CNC-MILL-03,417,2.031,57.77,38.87,False
VPW-CNC-MILL-03,418,2.056,57.97,37.72,False
VPW-CNC-MILL-03,419,2.107,58.52,36.82,False
VPW-CNC-MILL-03,420,1.848,59.36,29.93,False
VPW-CNC-MILL-03,421,2.231,57.25,37.49,False
VPW-CNC-MILL-03,422,2.054,58.49,26.84,False
VPW-CNC-MILL-03,423,1.931,58.32,29.5,False
VPW-CNC-MILL-03,424,1.874,58.7,38.76,False
VPW-CNC-MILL-03,425,1.904,59.62,24.3,False
VPW-CNC-MILL-03,426,1.985,59.64,23.39,False
VPW-CNC-MILL-03,427,2.103,58.23,41.28,False
VPW-CNC-MILL-03,428,1.993,57.23,37.65,False
VPW-CNC-MILL-03,429,1.919,59.33,35.61,False
VPW-CNC-MILL-03,430,1.95,59.25,41.92,False
VPW-CNC-MILL-03,431,2.019,57.57,41.46,False
VPW-CNC-MILL-03,432,1.943,59.25,28.79,False
VPW-CNC-MILL-03,433,1.932,57.41,31.19,False
VPW-CNC-MILL-03,434,1.962,58.08,42.99,False
VPW-CNC-MILL-03,435,2.009,58.83,20.48,False
VPW-CNC-MILL-03,436,2.06,58.46,44.59,False
VPW-CNC-MILL-03,437,1.885,58.81,39.45,False
VPW-CNC-MILL-03,438,1.996,57.34,37.54,False
VPW-CNC-MILL-03,439,1.963,59.75,36.99,False
VPW-CNC-MILL-03,440,1.999,59.01,23.04,False
VPW-CNC-MILL-03,441,1.833,60.37,30.06,False
VPW-CNC-MILL-03,442,1.943,58.71,21.6,False
VPW-CNC-MILL-03,443,1.858,58.89,31.01,False
VPW-CNC-MILL-03,444,1.999,60.21,28.6,False
VPW-CNC-MILL-03,445,2.003,59.39,34.87,False
VPW-CNC-MILL-03,446,2.057,59.59,36.16,False
VPW-CNC-MILL-03,447,2.274,61.35,26.5,False
VPW-CNC-MILL-03,448,2.104,59.77,17.67,False
VPW-CNC-MILL-03,449,2.018,60.66,18.89,False
VPW-CNC-MILL-03,450,2.028,59.62,21.07,False
VPW-CNC-MILL-03,451,1.989,60.52,36.38,False
VPW-CNC-MILL-03,452,2.205,60.28,20.16,False
VPW-CNC-MILL-03,453,2.202,60.25,35.07,False
VPW-CNC-MILL-03,454,2.271,60.57,26.17,False
VPW-CNC-MILL-03,455,2.231,61.35,20.64,False
VPW-CNC-MILL-03,456,2.131,60.77,32.52,False
VPW-CNC-MILL-03,457,2.196,60.05,40.62,False
VPW-CNC-MILL-03,458,2.374,60.86,43.2,False
VPW-CNC-MILL-03,459,2.234,60.08,21.55,False
VPW-CNC-MILL-03,460,2.277,60.76,31.69,False
VPW-CNC-MILL-03,461,2.273,60.16,44.96,False
VPW-CNC-MILL-03,462,2.268,61.43,43.98,False
VPW-CNC-MILL-03,463,2.371,61.21,41.22,False
VPW-CNC-MILL-03,464,2.341,59.87,36.67,False
VPW-CNC-MILL-03,465,2.393,61.7,24.01,False
VPW-CNC-MILL-03,466,2.397,60.49,19.53,False
VPW-CNC-MILL-03,467,2.444,61.92,40.34,False
VPW-CNC-MILL-03,468,2.164,61.64,25.25,False
VPW-CNC-MILL-03,469,2.435,60.72,17.78,False
VPW-CNC-MILL-03,470,2.4,60.61,29.14,False
VPW-CNC-MILL-03,471,2.378,60.87,38.37,False
VPW-CNC-MILL-03,472,2.479,60.26,45.88,False
VPW-CNC-MILL-03,473,2.285,61.97,18.76,False
VPW-CNC-MILL-03,474,2.424,60.49,34.81,False
VPW-CNC-MILL-03,475,2.377,62.1,24.38,False
VPW-CNC-MILL-03,476,2.295,60.78,36.92,False
VPW-CNC-MILL-03,477,2.346,62.23,30.47,False
VPW-CNC-MILL-03,478,2.274,61.22,38.17,False
VPW-CNC-MILL-03,479,2.496,63.24,32.11,False
VPW-CNC-MILL-03,480,2.314,61.69,21.44,False
VPW-CNC-MILL-03,481,2.355,62.32,27.2,False
VPW-CNC-MILL-03,482,2.415,59.88,34.95,False
VPW-CNC-MILL-03,483,2.472,61.19,21.56,False
VPW-CNC-MILL-03,484,2.298,61.12,21.75,False
VPW-CNC-MILL-03,485,2.194,61.35,39.58,False
VPW-CNC-MILL-03,486,2.296,60.99,43.72,False
VPW-CNC-MILL-03,487,2.339,62.22,43.73,False
VPW-CNC-MILL-03,488,2.105,62.52,31.05,False
VPW-CNC-MILL-03,489,2.167,61.28,27.82,False
VPW-CNC-MILL-03,490,2.132,60.91,34.27,False
VPW-CNC-MILL-03,491,2.173,63.0,23.15,False
VPW-CNC-MILL-03,492,2.129,61.4,39.7,False
VPW-CNC-MILL-03,493,2.033,61.73,30.99,False
VPW-CNC-MILL-03,494,2.14,62.1,32.32,False
VPW-CNC-MILL-03,495,2.022,61.72,29.06,False
VPW-CNC-MILL-03,496,2.268,61.79,32.31,False
VPW-CNC-MILL-03,497,2.139,61.06,24.74,False
VPW-CNC-MILL-03,498,2.161,61.56,27.53,False
VPW-CNC-MILL-03,499,2.137,61.96,34.13,False
VPW-CNC-MILL-03,500,2.12,62.36,41.49,False
VPW-CNC-MILL-03,501,2.146,61.98,39.77,False
VPW-CNC-MILL-03,502,2.114,61.11,24.54,False
VPW-CNC-MILL-03,503,1.988,60.48,27.88,False
VPW-CNC-MILL-03,504,1.978,60.52,36.44,False
VPW-CNC-MILL-03,505,1.862,62.02,35.29,False
VPW-CNC-MILL-03,506,1.942,60.04,28.32,False
VPW-CNC-MILL-03,507,1.87,60.12,45.58,False
VPW-CNC-MILL-03,508,1.87,62.05,26.71,False
VPW-CNC-MILL-03,509,2.111,61.47,38.96,False
VPW-CNC-MILL-03,510,1.935,60.86,27.39,False
VPW-CNC-MILL-03,511,2.037,60.89,36.22,False
VPW-CNC-MILL-03,512,1.811,61.55,36.09,False
VPW-CNC-MILL-03,513,1.959,62.14,42.82,False
VPW-CNC-MILL-03,514,1.981,61.53,25.06,False
VPW-CNC-MILL-03,515,2.037,61.48,42.62,False
VPW-CNC-MILL-03,516,2.02,62.38,30.85,False
VPW-CNC-MILL-03,517,1.916,60.96,37.23,False
VPW-CNC-MILL-03,518,1.898,60.87,19.27,False
VPW-CNC-MILL-03,519,2.031,60.81,41.58,False
VPW-CNC-MILL-03,520,2.083,61.27,44.91,False
VPW-CNC-MILL-03,521,1.978,59.77,39.61,False
VPW-CNC-MILL-03,522,2.207,61.73,39.5,False
VPW-CNC-MILL-03,523,2.02,60.06,27.37,False
VPW-CNC-MILL-03,524,2.142,60.19,42.39,False
VPW-CNC-MILL-03,525,2.231,60.3,42.36,False
VPW-CNC-MILL-03,526,2.235,58.98,27.16,False
VPW-CNC-MILL-03,527,2.139,61.29,26.03,False
VPW-CNC-MILL-03,528,2.18,62.09,26.35,False
VPW-CNC-MILL-03,529,2.067,59.73,19.14,False
VPW-CNC-MILL-03,530,2.263,60.84,29.81,False
VPW-CNC-MILL-03,531,2.342,60.69,23.81,False
VPW-CNC-MILL-03,532,2.439,60.58,29.63,False
VPW-CNC-MILL-03,533,2.383,61.72,29.5,False
VPW-CNC-MILL-03,534,2.35,59.22,33.16,False
VPW-CNC-MILL-03,535,2.341,58.68,32.76,False
VPW-CNC-MILL-03,536,2.325,59.59,37.15,False
VPW-CNC-MILL-03,537,2.312,60.01,19.85,False
VPW-CNC-MILL-03,538,2.451,61.57,27.82,False
VPW-CNC-MILL-03,539,2.396,60.27,43.5,False
VPW-CNC-MILL-03,540,2.327,59.7,23.51,False
VPW-CNC-MILL-03,541,2.288,59.54,29.15,False
VPW-CNC-MILL-03,542,2.334,59.24,32.06,False
VPW-CNC-MILL-03,543,2.383,59.18,28.86,False
VPW-CNC-MILL-03,544,2.307,58.25,21.06,False
VPW-CNC-MILL-03,545,2.351,58.94,24.11,False
VPW-CNC-MILL-03,546,2.496,60.41,37.22,False
VPW-CNC-MILL-03,547,2.478,57.6,26.55,False
VPW-CNC-MILL-03,548,2.362,59.95,24.18,False
VPW-CNC-MILL-03,549,2.388,60.31,23.0,False
VPW-CNC-MILL-03,550,2.298,59.56,41.94,False
VPW-CNC-MILL-03,551,2.3,59.87,20.66,False
VPW-CNC-MILL-03,552,2.395,59.45,24.97,False
VPW-CNC-MILL-03,553,2.425,60.84,42.96,False
VPW-CNC-MILL-03,554,2.265,59.58,18.75,False
VPW-CNC-MILL-03,555,2.534,57.98,25.91,False
VPW-CNC-MILL-03,556,2.481,58.55,33.27,False
VPW-CNC-MILL-03,557,2.364,59.19,25.43,False
VPW-CNC-MILL-03,558,2.386,58.94,42.99,False
VPW-CNC-MILL-03,559,2.184,60.1,31.16,False
VPW-CNC-MILL-03,560,2.084,59.77,38.17,False
VPW-CNC-MILL-03,561,2.386,59.73,38.82,False
VPW-CNC-MILL-03,562,2.373,58.01,33.73,False
VPW-CNC-MILL-03,563,2.166,58.26,45.67,False
VPW-CNC-MILL-03,564,2.284,58.39,29.46,False
VPW-CNC-MILL-03,565,2.325,58.17,37.13,False
VPW-CNC-MILL-03,566,2.283,59.0,27.15,False
VPW-CNC-MILL-03,567,2.173,59.3,28.05,False
VPW-CNC-MILL-03,568,2.003,59.28,41.28,False
VPW-CNC-MILL-03,569,2.142,58.22,20.68,False
VPW-CNC-MILL-03,570,1.974,58.58,21.08,False
VPW-CNC-MILL-03,571,2.062,59.11,44.4,False
VPW-CNC-MILL-03,572,2.215,61.03,36.97,False
VPW-CNC-MILL-03,573,2.176,59.22,36.49,False
VPW-CNC-MILL-03,574,1.921,59.13,40.97,False
VPW-CNC-MILL-03,575,1.942,59.53,43.32,False
VPW-CNC-MILL-03,576,1.817,59.89,38.13,False
VPW-CNC-MILL-03,577,1.932,59.62,21.54,False
VPW-CNC-MILL-03,578,1.877,60.33,20.47,False
VPW-CNC-MILL-03,579,1.844,58.74,30.2,False
VPW-CNC-MILL-03,580,2.033,59.48,22.71,False
VPW-CNC-MILL-03,581,1.91,59.06,26.22,False
VPW-CNC-MILL-03,582,2.054,58.77,41.92,False
VPW-CNC-MILL-03,583,1.959,60.19,34.48,False
VPW-CNC-MILL-03,584,1.951,57.9,39.7,False
VPW-CNC-MILL-03,585,2.032,59.23,29.7,False
VPW-CNC-MILL-03,586,2.016,58.98,41.2,False
VPW-CNC-MILL-03,587,2.036,58.57,34.85,False
VPW-CNC-MILL-03,588,1.99,60.57,35.98,False
VPW-CNC-MILL-03,589,2.062,58.09,44.98,False
VPW-CNC-MILL-03,590,1.893,59.66,20.36,False
VPW-CNC-MILL-03,591,2.024,59.96,44.15,False
VPW-CNC-MILL-03,592,1.877,59.32,29.29,False
VPW-CNC-MILL-03,593,2.01,59.54,22.98,False
VPW-CNC-MILL-03,594,2.131,62.49,38.09,False
VPW-CNC-MILL-03,595,2.103,59.48,43.24,False
VPW-CNC-MILL-03,596,1.982,59.35,26.75,False
VPW-CNC-MILL-03,597,2.107,60.4,37.32,False
VPW-CNC-MILL-03,598,2.065,60.81,37.54,False
VPW-CNC-MILL-03,599,2.12,60.24,20.03,False
VPW-CNC-MILL-03,600,2.191,59.24,36.41,False
VPW-CNC-MILL-03,601,2.318,60.86,40.57,False
VPW-CNC-MILL-03,602,2.323,60.53,29.62,False
VPW-CNC-MILL-03,603,2.224,59.87,19.2,False
VPW-CNC-MILL-03,604,2.208,61.31,42.69,False
VPW-CNC-MILL-03,605,2.186,61.4,40.12,False
VPW-CNC-MILL-03,606,2.306,61.8,43.95,False
VPW-CNC-MILL-03,607,2.404,60.88,44.54,False
VPW-CNC-MILL-03,608,2.35,61.88,45.32,False
VPW-CNC-MILL-03,609,2.412,60.69,20.96,False
VPW-CNC-MILL-03,610,2.365,60.69,24.26,False
VPW-CNC-MILL-03,611,2.281,62.41,29.05,False
VPW-CNC-MILL-03,612,2.268,61.66,39.01,False
VPW-CNC-MILL-03,613,2.421,61.27,45.13,False
VPW-CNC-MILL-03,614,2.522,62.11,27.95,False
VPW-CNC-MILL-03,615,2.418,60.08,20.4,False
VPW-CNC-MILL-03,616,2.38,60.26,32.02,False
VPW-CNC-MILL-03,617,2.404,60.73,21.8,False
VPW-CNC-MILL-03,618,2.493,60.98,38.28,False
VPW-CNC-MILL-03,619,2.45,62.36,38.47,False
VPW-CNC-MILL-03,620,2.246,62.06,31.76,False
VPW-CNC-MILL-03,621,2.316,62.78,40.41,False
VPW-CNC-MILL-03,622,2.352,61.73,22.41,False
VPW-CNC-MILL-03,623,2.352,61.63,32.9,False
VPW-CNC-MILL-03,624,2.35,61.49,29.51,False
VPW-CNC-MILL-03,625,2.555,62.7,20.4,False
VPW-CNC-MILL-03,626,2.406,63.99,35.24,False
VPW-CNC-MILL-03,627,2.485,61.8,34.43,False
VPW-CNC-MILL-03,628,2.49,61.26,35.56,False
VPW-CNC-MILL-03,629,2.483,61.65,37.7,False
VPW-CNC-MILL-03,630,2.394,62.3,39.64,False
VPW-CNC-MILL-03,631,2.347,63.01,29.84,False
VPW-CNC-MILL-03,632,2.378,63.3,30.42,False
VPW-CNC-MILL-03,633,2.307,63.08,29.33,False
VPW-CNC-MILL-03,634,2.189,61.75,31.76,False
VPW-CNC-MILL-03,635,2.293,62.3,24.55,False
VPW-CNC-MILL-03,636,2.322,61.22,29.42,False
VPW-CNC-MILL-03,637,2.419,62.52,43.38,False
VPW-CNC-MILL-03,638,2.126,62.16,37.92,False
VPW-CNC-MILL-03,639,2.234,61.09,18.06,False
VPW-CNC-MILL-03,640,2.252,62.6,38.7,False
VPW-CNC-MILL-03,641,2.273,63.67,40.11,False
VPW-CNC-MILL-03,642,2.078,63.72,18.13,False
VPW-CNC-MILL-03,643,2.212,62.58,40.93,False
VPW-CNC-MILL-03,644,2.228,61.62,36.17,False
VPW-CNC-MILL-03,645,2.26,63.68,25.31,False
VPW-CNC-MILL-03,646,2.022,61.51,41.02,False
VPW-CNC-MILL-03,647,2.07,62.06,25.82,False
VPW-CNC-MILL-03,648,2.115,61.05,38.99,False
VPW-CNC-MILL-03,649,2.184,60.64,35.36,False
VPW-CNC-MILL-03,650,1.973,63.03,42.38,False
VPW-CNC-MILL-03,651,1.992,63.15,41.97,False
VPW-CNC-MILL-03,652,2.174,62.06,31.01,False
VPW-CNC-MILL-03,653,2.164,61.86,40.75,False
VPW-CNC-MILL-03,654,2.0,62.15,43.22,False
VPW-CNC-MILL-03,655,2.075,62.51,40.77,False
VPW-CNC-MILL-03,656,2.155,62.03,30.47,False
VPW-CNC-MILL-03,657,1.974,62.2,27.93,False
VPW-CNC-MILL-03,658,2.048,61.92,29.23,False
VPW-CNC-MILL-03,659,1.988,61.55,28.55,False
VPW-CNC-MILL-03,660,2.052,62.22,38.21,False
VPW-CNC-MILL-03,661,2.036,62.02,42.76,False
VPW-CNC-MILL-03,662,2.035,60.79,40.99,False
VPW-CNC-MILL-03,663,1.788,60.37,21.57,False
VPW-CNC-MILL-03,664,2.007,61.97,30.4,False
VPW-CNC-MILL-03,665,1.887,59.89,40.3,False
VPW-CNC-MILL-03,666,1.981,60.64,18.62,False
VPW-CNC-MILL-03,667,2.02,62.28,42.52,False
VPW-CNC-MILL-03,668,2.118,60.98,35.65,False
VPW-CNC-MILL-03,669,2.204,61.66,23.37,False
VPW-CNC-MILL-03,670,2.08,62.18,34.68,False
VPW-CNC-MILL-03,671,2.042,60.43,43.42,False
VPW-CNC-MILL-03,672,1.923,60.54,30.23,False
VPW-CNC-MILL-03,673,2.216,61.37,19.38,False
VPW-CNC-MILL-03,674,2.227,62.51,23.47,False
VPW-CNC-MILL-03,675,2.1,60.88,39.65,False
VPW-CNC-MILL-03,676,2.303,61.8,21.17,False
VPW-CNC-MILL-03,677,2.188,60.81,18.04,False
VPW-CNC-MILL-03,678,2.143,61.68,30.55,False
VPW-CNC-MILL-03,679,2.12,59.68,36.62,False
VPW-CNC-MILL-03,680,2.179,59.57,20.72,False
VPW-CNC-MILL-03,681,2.164,60.79,21.27,False
VPW-CNC-MILL-03,682,2.153,58.7,44.82,False
VPW-CNC-MILL-03,683,2.422,60.09,18.83,False
VPW-CNC-MILL-03,684,2.393,60.63,43.39,False
VPW-CNC-MILL-03,685,2.359,60.17,31.93,False
VPW-CNC-MILL-03,686,2.199,60.93,32.3,False
VPW-CNC-MILL-03,687,2.341,60.43,25.14,False
VPW-CNC-MILL-03,688,2.457,59.53,40.55,False
VPW-CNC-MILL-03,689,2.283,61.86,21.72,False
VPW-CNC-MILL-03,690,2.418,59.9,33.37,False
VPW-CNC-MILL-03,691,2.482,59.96,33.55,False
VPW-CNC-MILL-03,692,2.362,61.12,42.85,False
VPW-CNC-MILL-03,693,2.424,60.56,43.91,False
VPW-CNC-MILL-03,694,2.413,60.27,44.16,False
VPW-CNC-MILL-03,695,2.392,59.37,41.9,False
VPW-CNC-MILL-03,696,2.546,60.08,31.04,False
VPW-CNC-MILL-03,697,2.45,61.01,31.57,False
VPW-CNC-MILL-03,698,2.588,60.92,27.97,False
VPW-CNC-MILL-03,699,2.385,59.29,28.55,False
VPW-CNC-MILL-03,700,2.513,60.1,34.87,False
VPW-CNC-MILL-03,701,2.402,60.25,29.32,False
VPW-CNC-MILL-03,702,2.545,60.02,31.4,False
VPW-CNC-MILL-03,703,2.46,59.73,19.99,False
VPW-CNC-MILL-03,704,2.414,59.98,26.05,False
VPW-CNC-MILL-03,705,2.376,59.56,32.37,False
VPW-CNC-MILL-03,706,2.371,59.31,22.23,False
VPW-CNC-MILL-03,707,2.309,59.42,18.16,False
VPW-CNC-MILL-03,708,2.383,59.35,33.76,False
VPW-CNC-MILL-03,709,2.418,58.56,22.89,False
VPW-CNC-MILL-03,710,2.396,58.3,34.04,False
VPW-CNC-MILL-03,711,2.375,60.31,46.18,False
VPW-CNC-MILL-03,712,2.33,59.34,45.66,False
VPW-CNC-MILL-03,713,2.341,58.41,34.5,False
VPW-CNC-MILL-03,714,2.359,57.91,22.34,False
VPW-CNC-MILL-03,715,2.293,58.54,40.55,False
VPW-CNC-MILL-03,716,2.161,58.56,25.9,False
VPW-CNC-MILL-03,717,2.19,59.46,33.84,False
VPW-CNC-MILL-03,718,2.263,60.36,37.1,False
VPW-CNC-MILL-03,719,2.263,59.42,41.09,False
VPW-CNC-MILL-04,0,2.474,49.06,19.02,False
VPW-CNC-MILL-04,1,2.324,48.93,34.45,False
VPW-CNC-MILL-04,2,2.446,48.75,32.89,False
VPW-CNC-MILL-04,3,2.591,50.56,34.44,False
VPW-CNC-MILL-04,4,2.451,48.5,27.79,False
VPW-CNC-MILL-04,5,2.468,49.82,32.74,False
VPW-CNC-MILL-04,6,2.52,49.75,19.27,False
VPW-CNC-MILL-04,7,2.476,48.51,22.99,False
VPW-CNC-MILL-04,8,2.664,49.91,43.68,False
VPW-CNC-MILL-04,9,2.575,51.17,28.63,False
VPW-CNC-MILL-04,10,2.525,49.02,20.24,False
VPW-CNC-MILL-04,11,2.714,48.05,39.42,False
VPW-CNC-MILL-04,12,2.698,49.54,33.1,False
VPW-CNC-MILL-04,13,2.535,49.52,33.16,False
VPW-CNC-MILL-04,14,2.633,50.37,44.28,False
VPW-CNC-MILL-04,15,2.796,50.22,37.46,False
VPW-CNC-MILL-04,16,2.762,50.78,44.14,False
VPW-CNC-MILL-04,17,2.697,49.2,38.23,False
VPW-CNC-MILL-04,18,2.603,49.17,20.59,False
VPW-CNC-MILL-04,19,2.806,49.73,30.46,False
VPW-CNC-MILL-04,20,2.549,51.79,41.83,False
VPW-CNC-MILL-04,21,2.738,49.96,41.8,False
VPW-CNC-MILL-04,22,2.619,50.43,36.01,False
VPW-CNC-MILL-04,23,2.64,50.73,38.27,False
VPW-CNC-MILL-04,24,2.851,50.9,39.91,False
VPW-CNC-MILL-04,25,2.779,52.22,45.02,False
VPW-CNC-MILL-04,26,2.602,50.45,34.93,False
VPW-CNC-MILL-04,27,2.598,49.86,22.48,False
VPW-CNC-MILL-04,28,2.544,49.59,42.02,False
VPW-CNC-MILL-04,29,2.64,50.02,42.34,False
VPW-CNC-MILL-04,30,2.586,50.19,45.29,False
VPW-CNC-MILL-04,31,2.84,51.5,35.8,False
VPW-CNC-MILL-04,32,2.481,49.74,44.85,False
VPW-CNC-MILL-04,33,2.626,51.52,33.02,False
VPW-CNC-MILL-04,34,2.678,51.5,25.09,False
VPW-CNC-MILL-04,35,2.625,50.59,43.55,False
VPW-CNC-MILL-04,36,2.667,50.76,37.24,False
VPW-CNC-MILL-04,37,2.352,50.34,41.38,False
VPW-CNC-MILL-04,38,2.564,49.51,28.56,False
VPW-CNC-MILL-04,39,2.403,51.6,22.54,False
VPW-CNC-MILL-04,40,2.383,50.86,23.43,False
VPW-CNC-MILL-04,41,2.417,50.43,37.37,False
VPW-CNC-MILL-04,42,2.394,50.48,27.48,False
VPW-CNC-MILL-04,43,2.355,52.19,20.81,False
VPW-CNC-MILL-04,44,2.415,50.25,26.4,False
VPW-CNC-MILL-04,45,2.371,50.84,30.09,False
VPW-CNC-MILL-04,46,2.363,49.14,45.59,False
VPW-CNC-MILL-04,47,2.183,51.55,19.13,False
VPW-CNC-MILL-04,48,2.362,52.05,30.81,False
VPW-CNC-MILL-04,49,2.251,51.45,22.55,False
VPW-CNC-MILL-04,50,2.413,50.15,34.73,False
VPW-CNC-MILL-04,51,2.158,50.48,19.43,False
VPW-CNC-MILL-04,52,2.29,52.14,20.04,False
VPW-CNC-MILL-04,53,2.267,51.74,21.64,False
VPW-CNC-MILL-04,54,2.155,50.43,47.08,False
VPW-CNC-MILL-04,55,2.201,49.99,32.04,False
VPW-CNC-MILL-04,56,2.303,51.4,44.29,False
VPW-CNC-MILL-04,57,2.328,50.39,43.03,False
VPW-CNC-MILL-04,58,2.234,50.29,44.98,False
VPW-CNC-MILL-04,59,2.111,50.95,22.41,False
VPW-CNC-MILL-04,60,2.154,50.52,22.25,False
VPW-CNC-MILL-04,61,2.286,50.17,20.28,False
VPW-CNC-MILL-04,62,2.332,51.59,42.87,False
VPW-CNC-MILL-04,63,2.195,50.54,30.93,False
VPW-CNC-MILL-04,64,2.288,50.77,22.93,False
VPW-CNC-MILL-04,65,2.254,50.59,31.56,False
VPW-CNC-MILL-04,66,2.23,49.26,30.0,False
VPW-CNC-MILL-04,67,2.245,49.64,24.65,False
VPW-CNC-MILL-04,68,2.359,49.52,28.55,False
VPW-CNC-MILL-04,69,2.38,49.37,34.14,False
VPW-CNC-MILL-04,70,2.4,51.37,19.44,False
VPW-CNC-MILL-04,71,2.345,51.17,35.81,False
VPW-CNC-MILL-04,72,2.491,49.77,29.55,False
VPW-CNC-MILL-04,73,2.521,49.03,27.14,False
VPW-CNC-MILL-04,74,2.403,50.39,24.6,False
VPW-CNC-MILL-04,75,2.512,48.51,23.74,False
VPW-CNC-MILL-04,76,2.625,48.46,27.63,False
VPW-CNC-MILL-04,77,2.4,49.9,40.29,False
VPW-CNC-MILL-04,78,2.337,49.69,44.05,False
VPW-CNC-MILL-04,79,2.524,48.45,22.72,False
VPW-CNC-MILL-04,80,2.658,48.78,34.95,False
VPW-CNC-MILL-04,81,2.671,48.76,32.67,False
VPW-CNC-MILL-04,82,2.594,49.11,31.96,False
VPW-CNC-MILL-04,83,2.625,48.69,41.67,False
VPW-CNC-MILL-04,84,2.575,48.03,30.02,False
VPW-CNC-MILL-04,85,2.56,50.31,22.31,False
VPW-CNC-MILL-04,86,2.758,48.43,29.42,False
VPW-CNC-MILL-04,87,2.676,47.96,23.28,False
VPW-CNC-MILL-04,88,2.664,48.6,20.65,False
VPW-CNC-MILL-04,89,2.683,49.19,41.49,False
VPW-CNC-MILL-04,90,2.646,49.94,36.72,False
VPW-CNC-MILL-04,91,2.783,48.35,31.76,False
VPW-CNC-MILL-04,92,2.713,47.7,21.7,False
VPW-CNC-MILL-04,93,2.607,47.48,44.6,False
VPW-CNC-MILL-04,94,2.831,47.69,18.9,False
VPW-CNC-MILL-04,95,2.569,49.52,29.09,False
VPW-CNC-MILL-04,96,2.587,46.99,36.05,False
VPW-CNC-MILL-04,97,2.73,48.45,39.2,False
VPW-CNC-MILL-04,98,2.733,47.76,19.52,False
VPW-CNC-MILL-04,99,2.713,46.26,42.16,False
VPW-CNC-MILL-04,100,2.776,48.2,37.3,False
VPW-CNC-MILL-04,101,2.759,48.61,33.01,False
VPW-CNC-MILL-04,102,2.659,48.51,19.2,False
VPW-CNC-MILL-04,103,2.682,47.4,25.13,False
VPW-CNC-MILL-04,104,2.528,47.1,24.5,False
VPW-CNC-MILL-04,105,2.67,48.75,25.22,False
VPW-CNC-MILL-04,106,2.331,47.91,31.79,False
VPW-CNC-MILL-04,107,2.593,47.94,18.25,False
VPW-CNC-MILL-04,108,2.533,48.19,42.9,False
VPW-CNC-MILL-04,109,2.587,48.26,32.65,False
VPW-CNC-MILL-04,110,2.47,47.97,44.15,False
VPW-CNC-MILL-04,111,2.463,48.7,42.39,False
VPW-CNC-MILL-04,112,2.503,47.38,35.84,False
VPW-CNC-MILL-04,113,2.43,46.48,29.82,False
VPW-CNC-MILL-04,114,2.566,47.36,30.88,False
VPW-CNC-MILL-04,115,2.172,46.8,25.31,False
VPW-CNC-MILL-04,116,2.552,48.63,21.8,False
VPW-CNC-MILL-04,117,2.368,48.19,22.86,False
VPW-CNC-MILL-04,118,2.393,48.38,24.98,False
VPW-CNC-MILL-04,119,2.411,46.13,38.99,False
VPW-CNC-MILL-04,120,2.482,48.91,38.16,False
VPW-CNC-MILL-04,121,2.25,49.0,29.7,False
VPW-CNC-MILL-04,122,2.317,48.02,22.83,False
VPW-CNC-MILL-04,123,2.327,48.64,18.91,False
VPW-CNC-MILL-04,124,2.239,46.91,32.58,False
VPW-CNC-MILL-04,125,2.226,49.91,45.62,False
VPW-CNC-MILL-04,126,2.295,47.27,38.51,False
VPW-CNC-MILL-04,127,2.35,49.27,32.44,False
VPW-CNC-MILL-04,128,2.396,48.27,38.77,False
VPW-CNC-MILL-04,129,2.232,46.83,20.14,False
VPW-CNC-MILL-04,130,2.23,48.63,25.66,False
VPW-CNC-MILL-04,131,2.342,48.49,41.84,False
VPW-CNC-MILL-04,132,2.161,47.21,33.45,False
VPW-CNC-MILL-04,133,2.302,48.34,21.86,False
VPW-CNC-MILL-04,134,2.26,48.43,42.7,False
VPW-CNC-MILL-04,135,2.243,49.63,41.85,False
VPW-CNC-MILL-04,136,2.187,48.8,36.32,False
VPW-CNC-MILL-04,137,2.426,48.9,37.95,False
VPW-CNC-MILL-04,138,2.22,48.91,22.93,False
VPW-CNC-MILL-04,139,2.364,49.71,41.09,False
VPW-CNC-MILL-04,140,2.423,48.53,38.48,False
VPW-CNC-MILL-04,141,2.372,49.44,35.96,False
VPW-CNC-MILL-04,142,2.361,50.65,29.57,False
VPW-CNC-MILL-04,143,2.387,49.1,38.76,False
VPW-CNC-MILL-04,144,2.492,49.68,20.11,False
VPW-CNC-MILL-04,145,2.454,49.61,24.97,False
VPW-CNC-MILL-04,146,2.391,48.73,40.95,False
VPW-CNC-MILL-04,147,2.44,48.7,32.57,False
VPW-CNC-MILL-04,148,2.417,47.83,39.84,False
VPW-CNC-MILL-04,149,2.574,49.81,40.4,False
VPW-CNC-MILL-04,150,2.413,48.88,26.93,False
VPW-CNC-MILL-04,151,2.535,50.54,22.56,False
VPW-CNC-MILL-04,152,2.511,49.31,27.81,False
VPW-CNC-MILL-04,153,2.423,48.84,19.0,False
VPW-CNC-MILL-04,154,2.665,50.21,20.59,False
VPW-CNC-MILL-04,155,2.527,50.62,42.57,False
VPW-CNC-MILL-04,156,2.465,49.37,19.1,False
VPW-CNC-MILL-04,157,2.7,49.44,21.2,False
VPW-CNC-MILL-04,158,2.717,50.9,21.54,False
VPW-CNC-MILL-04,159,2.717,49.87,35.87,False
VPW-CNC-MILL-04,160,2.857,49.55,40.57,False
VPW-CNC-MILL-04,161,2.797,49.56,42.69,False
VPW-CNC-MILL-04,162,2.557,50.44,37.08,False
VPW-CNC-MILL-04,163,2.675,49.14,24.88,False
VPW-CNC-MILL-04,164,2.759,50.49,27.7,False
VPW-CNC-MILL-04,165,2.439,50.78,25.78,False
VPW-CNC-MILL-04,166,2.76,49.72,27.01,False
VPW-CNC-MILL-04,167,2.717,50.36,35.64,False
VPW-CNC-MILL-04,168,2.696,50.27,17.9,False
VPW-CNC-MILL-04,169,2.688,51.85,34.17,False
VPW-CNC-MILL-04,170,2.676,51.01,40.93,False
VPW-CNC-MILL-04,171,2.593,50.69,26.65,False
VPW-CNC-MILL-04,172,2.689,50.89,21.35,False
VPW-CNC-MILL-04,173,2.582,50.62,23.59,False
VPW-CNC-MILL-04,174,2.589,51.4,25.72,False
VPW-CNC-MILL-04,175,2.578,51.43,40.1,False
VPW-CNC-MILL-04,176,2.869,50.85,20.97,False
VPW-CNC-MILL-04,177,2.912,51.14,46.16,False
VPW-CNC-MILL-04,178,2.57,50.8,29.15,False
VPW-CNC-MILL-04,179,2.712,51.42,19.28,False
VPW-CNC-MILL-04,180,2.69,50.99,41.49,False
VPW-CNC-MILL-04,181,2.71,51.89,42.05,False
VPW-CNC-MILL-04,182,2.491,51.92,33.7,False
VPW-CNC-MILL-04,183,2.506,51.51,35.81,False
VPW-CNC-MILL-04,184,2.591,52.17,28.78,False
VPW-CNC-MILL-04,185,2.631,51.31,39.49,False
VPW-CNC-MILL-04,186,2.602,51.81,45.06,False
VPW-CNC-MILL-04,187,2.656,51.61,31.56,False
VPW-CNC-MILL-04,188,2.463,51.36,19.83,False
VPW-CNC-MILL-04,189,2.424,49.54,28.42,False
VPW-CNC-MILL-04,190,2.549,51.63,29.75,False
VPW-CNC-MILL-04,191,2.346,50.78,22.85,False
VPW-CNC-MILL-04,192,2.383,49.94,35.93,False
VPW-CNC-MILL-04,193,2.412,51.04,34.21,False
VPW-CNC-MILL-04,194,2.409,50.7,38.84,False
VPW-CNC-MILL-04,195,2.407,52.6,32.87,False
VPW-CNC-MILL-04,196,2.414,51.99,20.97,False
VPW-CNC-MILL-04,197,2.443,51.29,33.83,False
VPW-CNC-MILL-04,198,2.512,52.06,41.5,False
VPW-CNC-MILL-04,199,2.404,49.51,37.87,False
VPW-CNC-MILL-04,200,2.219,50.48,36.47,False
VPW-CNC-MILL-04,201,2.332,50.58,33.03,False
VPW-CNC-MILL-04,202,2.437,51.97,45.48,False
VPW-CNC-MILL-04,203,2.422,50.5,36.54,False
VPW-CNC-MILL-04,204,2.245,50.87,36.26,False
VPW-CNC-MILL-04,205,2.524,51.44,23.94,False
VPW-CNC-MILL-04,206,2.242,51.86,42.49,False
VPW-CNC-MILL-04,207,2.423,50.76,31.38,False
VPW-CNC-MILL-04,208,2.138,50.51,27.72,False
VPW-CNC-MILL-04,209,2.278,50.45,33.01,False
VPW-CNC-MILL-04,210,2.182,50.58,24.32,False
VPW-CNC-MILL-04,211,2.403,50.33,45.47,False
VPW-CNC-MILL-04,212,2.4,49.34,27.96,False
VPW-CNC-MILL-04,213,2.269,50.61,37.1,False
VPW-CNC-MILL-04,214,2.288,49.92,35.79,False
VPW-CNC-MILL-04,215,2.337,50.39,35.25,False
VPW-CNC-MILL-04,216,2.436,49.63,33.12,False
VPW-CNC-MILL-04,217,2.368,50.49,26.49,False
VPW-CNC-MILL-04,218,2.397,51.59,32.11,False
VPW-CNC-MILL-04,219,2.474,49.9,28.18,False
VPW-CNC-MILL-04,220,2.428,49.61,41.01,False
VPW-CNC-MILL-04,221,2.435,48.72,25.74,False
VPW-CNC-MILL-04,222,2.395,50.1,30.5,False
VPW-CNC-MILL-04,223,2.605,50.95,36.27,False
VPW-CNC-MILL-04,224,2.62,49.23,33.93,False
VPW-CNC-MILL-04,225,2.374,49.94,18.31,False
VPW-CNC-MILL-04,226,2.585,50.26,32.69,False
VPW-CNC-MILL-04,227,2.499,49.42,39.84,False
VPW-CNC-MILL-04,228,2.423,50.4,30.37,False
VPW-CNC-MILL-04,229,2.603,49.94,41.86,False
VPW-CNC-MILL-04,230,2.819,47.98,44.7,False
VPW-CNC-MILL-04,231,2.363,50.22,43.4,False
VPW-CNC-MILL-04,232,2.679,49.96,21.61,False
VPW-CNC-MILL-04,233,2.617,49.26,22.92,False
VPW-CNC-MILL-04,234,2.697,49.21,43.98,False
VPW-CNC-MILL-04,235,2.619,49.39,19.92,False
VPW-CNC-MILL-04,236,2.704,48.39,23.44,False
VPW-CNC-MILL-04,237,2.656,48.88,25.08,False
VPW-CNC-MILL-04,238,2.759,48.74,39.69,False
VPW-CNC-MILL-04,239,2.711,48.3,19.77,False
VPW-CNC-MILL-04,240,2.738,48.18,23.73,False
VPW-CNC-MILL-04,241,2.859,49.63,41.93,False
VPW-CNC-MILL-04,242,2.764,49.63,31.8,False
VPW-CNC-MILL-04,243,2.863,48.82,25.59,False
VPW-CNC-MILL-04,244,2.751,48.53,21.02,False
VPW-CNC-MILL-04,245,2.694,48.96,33.4,False
VPW-CNC-MILL-04,246,2.76,48.4,40.17,False
VPW-CNC-MILL-04,247,2.791,48.4,29.07,False
VPW-CNC-MILL-04,248,2.73,47.96,46.34,False
VPW-CNC-MILL-04,249,2.736,48.13,24.91,False
VPW-CNC-MILL-04,250,2.711,46.96,19.06,False
VPW-CNC-MILL-04,251,2.646,47.86,22.22,False
VPW-CNC-MILL-04,252,2.782,47.01,37.09,False
VPW-CNC-MILL-04,253,2.647,47.23,42.53,False
VPW-CNC-MILL-04,254,2.74,49.73,44.27,False
VPW-CNC-MILL-04,255,2.79,49.66,35.14,False
VPW-CNC-MILL-04,256,2.725,49.24,32.26,False
VPW-CNC-MILL-04,257,2.74,48.49,30.72,False
VPW-CNC-MILL-04,258,2.61,48.18,34.24,False
VPW-CNC-MILL-04,259,2.43,48.51,41.97,False
VPW-CNC-MILL-04,260,2.505,47.76,33.7,False
VPW-CNC-MILL-04,261,2.472,47.28,25.41,False
VPW-CNC-MILL-04,262,2.654,48.86,22.32,False
VPW-CNC-MILL-04,263,2.55,49.32,45.56,False
VPW-CNC-MILL-04,264,2.52,47.79,39.27,False
VPW-CNC-MILL-04,265,2.519,47.78,27.92,False
VPW-CNC-MILL-04,266,2.353,48.31,39.39,False
VPW-CNC-MILL-04,267,2.518,48.62,37.97,False
VPW-CNC-MILL-04,268,2.296,49.48,22.94,False
VPW-CNC-MILL-04,269,2.433,47.76,42.68,False
VPW-CNC-MILL-04,270,2.28,47.81,45.7,False
VPW-CNC-MILL-04,271,2.466,49.61,21.83,False
VPW-CNC-MILL-04,272,2.414,49.87,24.05,False
VPW-CNC-MILL-04,273,2.467,48.81,32.82,False
VPW-CNC-MILL-04,274,2.446,47.91,22.98,False
VPW-CNC-MILL-04,275,2.373,47.57,43.31,False
VPW-CNC-MILL-04,276,2.422,47.48,33.64,False
VPW-CNC-MILL-04,277,2.427,49.95,22.54,False
VPW-CNC-MILL-04,278,2.347,47.96,21.03,False
VPW-CNC-MILL-04,279,2.273,49.68,23.02,False
VPW-CNC-MILL-04,280,2.37,47.67,29.1,False
VPW-CNC-MILL-04,281,2.365,49.22,36.94,False
VPW-CNC-MILL-04,282,2.354,48.3,27.72,False
VPW-CNC-MILL-04,283,2.393,48.25,39.92,False
VPW-CNC-MILL-04,284,2.443,47.83,26.45,False
VPW-CNC-MILL-04,285,2.361,49.44,33.82,False
VPW-CNC-MILL-04,286,2.305,47.46,30.11,False
VPW-CNC-MILL-04,287,2.398,48.94,41.0,False
VPW-CNC-MILL-04,288,2.233,48.72,34.71,False
VPW-CNC-MILL-04,289,2.544,49.64,34.82,False
VPW-CNC-MILL-04,290,2.351,49.26,43.01,False
VPW-CNC-MILL-04,291,2.253,47.51,42.46,False
VPW-CNC-MILL-04,292,2.286,49.93,21.16,False
VPW-CNC-MILL-04,293,2.439,48.39,41.75,False
VPW-CNC-MILL-04,294,2.346,50.33,17.94,False
VPW-CNC-MILL-04,295,2.351,47.65,29.84,False
VPW-CNC-MILL-04,296,2.283,48.37,36.25,False
VPW-CNC-MILL-04,297,2.591,49.71,22.44,False
VPW-CNC-MILL-04,298,2.355,49.96,31.8,False
VPW-CNC-MILL-04,299,2.665,50.41,39.09,False
VPW-CNC-MILL-04,300,2.657,49.48,42.35,False
VPW-CNC-MILL-04,301,2.461,49.0,28.87,False
VPW-CNC-MILL-04,302,2.579,50.78,29.23,False
VPW-CNC-MILL-04,303,2.559,50.9,28.65,False
VPW-CNC-MILL-04,304,2.678,50.9,44.0,False
VPW-CNC-MILL-04,305,2.595,51.97,21.43,False
VPW-CNC-MILL-04,306,2.75,48.69,35.27,False
VPW-CNC-MILL-04,307,2.661,50.89,18.69,False
VPW-CNC-MILL-04,308,2.647,50.84,25.45,False
VPW-CNC-MILL-04,309,2.679,49.56,21.0,False
VPW-CNC-MILL-04,310,2.679,50.56,44.67,True
VPW-CNC-MILL-04,311,2.789,50.09,39.9,True
VPW-CNC-MILL-04,312,2.752,50.31,23.13,True
VPW-CNC-MILL-04,313,2.747,51.99,28.25,True
VPW-CNC-MILL-04,314,2.664,50.8,44.22,True
VPW-CNC-MILL-04,315,2.535,50.53,25.94,True
VPW-CNC-MILL-04,316,2.905,51.63,40.2,True
VPW-CNC-MILL-04,317,2.836,52.81,34.74,True
VPW-CNC-MILL-04,318,2.672,51.05,46.12,True
VPW-CNC-MILL-04,319,2.812,50.71,40.77,True
VPW-CNC-MILL-04,320,2.899,51.83,19.57,True
VPW-CNC-MILL-04,321,2.792,52.68,22.97,True
VPW-CNC-MILL-04,322,2.865,52.33,29.43,True
VPW-CNC-MILL-04,323,2.758,51.63,27.13,True
VPW-CNC-MILL-04,324,2.858,51.35,19.23,True
VPW-CNC-MILL-04,325,2.71,51.86,34.34,True
VPW-CNC-MILL-04,326,2.786,51.5,26.51,True
VPW-CNC-MILL-04,327,2.727,52.45,28.18,True
VPW-CNC-MILL-04,328,2.824,51.4,26.41,True
VPW-CNC-MILL-04,329,2.793,52.43,44.65,True
VPW-CNC-MILL-04,330,2.745,52.73,32.02,True
VPW-CNC-MILL-04,331,2.861,51.82,41.79,True
VPW-CNC-MILL-04,332,2.58,51.48,20.92,True
VPW-CNC-MILL-04,333,2.746,51.4,40.32,True
VPW-CNC-MILL-04,334,2.773,51.95,21.52,True
VPW-CNC-MILL-04,335,2.67,51.38,31.83,True
VPW-CNC-MILL-04,336,2.789,53.07,21.76,True
VPW-CNC-MILL-04,337,2.6,52.17,20.22,True
VPW-CNC-MILL-04,338,2.697,52.36,21.85,True
VPW-CNC-MILL-04,339,2.742,53.53,29.28,True
VPW-CNC-MILL-04,340,2.793,51.13,44.31,True
VPW-CNC-MILL-04,341,2.559,50.96,41.09,True
VPW-CNC-MILL-04,342,2.639,53.13,42.26,True
VPW-CNC-MILL-04,343,2.603,53.84,33.34,True
VPW-CNC-MILL-04,344,2.732,52.18,35.66,True
VPW-CNC-MILL-04,345,2.658,53.62,27.11,True
VPW-CNC-MILL-04,346,2.494,53.63,22.72,True
VPW-CNC-MILL-04,347,2.617,53.79,30.08,True
VPW-CNC-MILL-04,348,2.465,52.59,34.92,True
VPW-CNC-MILL-04,349,2.523,52.94,44.2,True
VPW-CNC-MILL-04,350,2.625,53.75,25.98,True
VPW-CNC-MILL-04,351,2.558,51.87,36.0,True
VPW-CNC-MILL-04,352,2.376,53.93,27.84,True
VPW-CNC-MILL-04,353,2.524,53.06,19.36,True
VPW-CNC-MILL-04,354,2.435,53.42,35.28,True
VPW-CNC-MILL-04,355,2.582,53.97,35.92,True
VPW-CNC-MILL-04,356,2.538,53.56,39.67,True
VPW-CNC-MILL-04,357,2.562,52.19,18.52,True
VPW-CNC-MILL-04,358,2.545,53.95,37.01,True
VPW-CNC-MILL-04,359,2.566,53.59,31.2,True
VPW-CNC-MILL-04,360,2.527,54.26,37.52,True
VPW-CNC-MILL-04,361,2.596,53.68,44.75,True
VPW-CNC-MILL-04,362,2.648,53.7,20.17,True
VPW-CNC-MILL-04,363,2.49,51.4,19.51,True
VPW-CNC-MILL-04,364,2.687,51.87,33.26,True
VPW-CNC-MILL-04,365,2.566,53.07,44.15,True
VPW-CNC-MILL-04,366,2.653,53.44,31.52,True
VPW-CNC-MILL-04,367,2.609,53.33,20.72,True
VPW-CNC-MILL-04,368,2.671,51.91,35.71,True
VPW-CNC-MILL-04,369,2.603,53.41,42.68,True
VPW-CNC-MILL-04,370,2.558,52.79,43.12,True
VPW-CNC-MILL-04,371,2.76,52.69,46.31,True
VPW-CNC-MILL-04,372,2.652,52.55,41.21,True
VPW-CNC-MILL-04,373,2.618,52.74,23.66,True
VPW-CNC-MILL-04,374,2.827,53.36,21.77,True
VPW-CNC-MILL-04,375,2.747,54.34,21.13,True
VPW-CNC-MILL-04,376,2.87,53.95,39.5,True
VPW-CNC-MILL-04,377,2.852,53.4,39.5,True
VPW-CNC-MILL-04,378,2.914,52.92,27.79,True
VPW-CNC-MILL-04,379,2.879,52.47,23.14,True
VPW-CNC-MILL-04,380,2.961,53.25,39.4,True
VPW-CNC-MILL-04,381,3.008,53.37,37.57,True
VPW-CNC-MILL-04,382,3.087,52.3,38.98,True
VPW-CNC-MILL-04,383,3.003,52.66,25.49,True
VPW-CNC-MILL-04,384,3.129,52.47,44.64,True
VPW-CNC-MILL-04,385,3.099,53.02,20.67,True
VPW-CNC-MILL-04,386,3.111,53.01,46.77,True
VPW-CNC-MILL-04,387,3.02,53.54,32.45,True
VPW-CNC-MILL-04,388,3.05,52.87,30.04,True
VPW-CNC-MILL-04,389,3.15,52.29,26.77,True
VPW-CNC-MILL-04,390,3.06,52.31,23.96,True
VPW-CNC-MILL-04,391,3.054,52.93,21.2,True
VPW-CNC-MILL-04,392,3.113,53.44,41.39,True
VPW-CNC-MILL-04,393,3.21,51.81,44.97,True
VPW-CNC-MILL-04,394,3.128,54.01,39.61,True
VPW-CNC-MILL-04,395,3.24,53.01,26.08,True
VPW-CNC-MILL-04,396,3.011,52.87,23.17,True
VPW-CNC-MILL-04,397,3.115,53.52,24.89,True
VPW-CNC-MILL-04,398,3.287,51.73,43.31,True
VPW-CNC-MILL-04,399,3.135,53.89,19.99,True
VPW-CNC-MILL-04,400,3.171,55.01,44.03,True
VPW-CNC-MILL-04,401,3.182,53.21,41.59,True
VPW-CNC-MILL-04,402,3.198,53.07,36.1,True
VPW-CNC-MILL-04,403,3.143,53.72,40.72,True
VPW-CNC-MILL-04,404,3.125,53.76,42.16,True
VPW-CNC-MILL-04,405,3.191,53.84,34.37,True
VPW-CNC-MILL-04,406,3.479,54.68,30.47,True
VPW-CNC-MILL-04,407,3.249,53.75,29.49,True
VPW-CNC-MILL-04,408,3.142,53.09,33.82,True
VPW-CNC-MILL-04,409,3.243,53.8,24.62,True
VPW-CNC-MILL-04,410,3.148,54.22,29.02,True
VPW-CNC-MILL-04,411,3.08,53.11,19.09,True
VPW-CNC-MILL-04,412,3.104,55.15,45.78,True
VPW-CNC-MILL-04,413,3.213,54.39,34.52,True
VPW-CNC-MILL-04,414,3.049,55.43,35.68,True
VPW-CNC-MILL-04,415,2.925,53.39,42.59,True
VPW-CNC-MILL-04,416,3.124,53.34,43.87,True
VPW-CNC-MILL-04,417,3.05,53.57,45.32,True
VPW-CNC-MILL-04,418,2.957,55.74,41.76,True
VPW-CNC-MILL-04,419,3.278,52.94,27.13,True
VPW-CNC-MILL-04,420,3.142,54.88,42.25,True
VPW-CNC-MILL-04,421,2.982,54.39,29.34,True
VPW-CNC-MILL-04,422,2.962,55.49,46.64,True
VPW-CNC-MILL-04,423,3.013,54.97,43.47,True
VPW-CNC-MILL-04,424,3.057,55.66,25.71,True
VPW-CNC-MILL-04,425,2.874,56.16,26.28,True
VPW-CNC-MILL-04,426,2.9,55.78,32.1,True
VPW-CNC-MILL-04,427,3.153,55.48,40.45,True
VPW-CNC-MILL-04,428,3.065,53.73,40.7,True
VPW-CNC-MILL-04,429,3.062,56.5,35.5,True
VPW-CNC-MILL-04,430,2.972,56.07,23.88,True
VPW-CNC-MILL-04,431,3.162,55.76,31.94,True
VPW-CNC-MILL-04,432,3.079,54.56,41.24,True
VPW-CNC-MILL-04,433,2.967,55.8,40.67,True
VPW-CNC-MILL-04,434,3.085,56.65,19.28,True
VPW-CNC-MILL-04,435,3.143,56.34,27.42,True
VPW-CNC-MILL-04,436,3.02,56.86,30.02,True
VPW-CNC-MILL-04,437,3.2,55.81,46.55,True
VPW-CNC-MILL-04,438,2.904,56.94,42.8,True
VPW-CNC-MILL-04,439,2.998,56.72,43.5,True
VPW-CNC-MILL-04,440,3.068,56.23,41.32,True
VPW-CNC-MILL-04,441,3.053,56.51,42.89,True
VPW-CNC-MILL-04,442,3.078,57.14,22.02,True
VPW-CNC-MILL-04,443,3.082,57.54,20.51,True
VPW-CNC-MILL-04,444,3.072,58.92,33.76,True
VPW-CNC-MILL-04,445,3.157,58.35,43.96,True
VPW-CNC-MILL-04,446,3.096,57.82,45.94,True
VPW-CNC-MILL-04,447,3.329,57.0,23.89,True
VPW-CNC-MILL-04,448,3.284,57.38,35.48,True
VPW-CNC-MILL-04,449,3.195,56.7,36.18,True
VPW-CNC-MILL-04,450,3.204,57.85,40.8,True
VPW-CNC-MILL-04,451,3.378,57.33,22.2,True
VPW-CNC-MILL-04,452,3.305,59.24,46.37,True
VPW-CNC-MILL-04,453,3.255,59.55,42.31,True
VPW-CNC-MILL-04,454,3.324,58.35,37.34,True
VPW-CNC-MILL-04,455,3.281,60.21,23.26,True
VPW-CNC-MILL-04,456,3.469,59.08,29.96,True
VPW-CNC-MILL-04,457,3.53,59.23,34.1,True
VPW-CNC-MILL-04,458,3.526,59.59,39.86,True
VPW-CNC-MILL-04,459,3.471,59.67,48.02,True
VPW-CNC-MILL-04,460,3.549,59.33,43.72,True
VPW-CNC-MILL-04,461,3.397,60.13,23.62,True
VPW-CNC-MILL-04,462,3.66,60.51,30.92,True
VPW-CNC-MILL-04,463,3.532,60.14,30.86,True
VPW-CNC-MILL-04,464,3.651,60.8,47.02,True
VPW-CNC-MILL-04,465,3.632,59.91,20.92,True
VPW-CNC-MILL-04,466,3.78,61.16,25.99,True
VPW-CNC-MILL-04,467,3.663,61.04,29.65,True
VPW-CNC-MILL-04,468,3.626,60.96,26.58,True
VPW-CNC-MILL-04,469,3.657,61.36,47.46,True
VPW-CNC-MILL-04,470,3.701,60.49,22.16,True
VPW-CNC-MILL-04,471,3.731,59.87,36.88,True
VPW-CNC-MILL-04,472,3.66,61.31,27.5,True
VPW-CNC-MILL-04,473,3.678,60.67,26.26,True
VPW-CNC-MILL-04,474,3.703,61.79,48.49,True
VPW-CNC-MILL-04,475,3.753,60.82,21.09,True
VPW-CNC-MILL-04,476,3.756,63.33,40.71,True
VPW-CNC-MILL-04,477,3.765,62.79,39.93,True
VPW-CNC-MILL-04,478,3.874,63.51,31.76,True
VPW-CNC-MILL-04,479,3.791,60.81,35.65,True
VPW-CNC-MILL-04,480,3.801,61.89,45.96,True
VPW-CNC-MILL-04,481,3.718,63.7,32.62,True
VPW-CNC-MILL-04,482,3.634,62.49,21.86,True
VPW-CNC-MILL-04,483,3.65,63.52,34.96,True
VPW-CNC-MILL-04,484,3.538,62.97,26.11,True
VPW-CNC-MILL-04,485,3.732,62.2,36.36,True
VPW-CNC-MILL-04,486,3.658,61.33,26.99,True
VPW-CNC-MILL-04,487,3.643,63.47,35.74,True
VPW-CNC-MILL-04,488,3.801,63.58,45.89,True
VPW-CNC-MILL-04,489,3.837,62.73,46.41,True
VPW-CNC-MILL-04,490,3.548,63.48,44.6,True
VPW-CNC-MILL-04,491,3.625,62.41,27.58,True
VPW-CNC-MILL-04,492,3.596,63.63,44.9,True
VPW-CNC-MILL-04,493,3.646,63.79,48.49,True
VPW-CNC-MILL-04,494,3.603,62.15,42.17,True
VPW-CNC-MILL-04,495,3.424,63.99,26.72,True
VPW-CNC-MILL-04,496,3.424,64.67,46.14,True
VPW-CNC-MILL-04,497,3.558,62.36,30.97,True
VPW-CNC-MILL-04,498,3.622,64.52,43.54,True
VPW-CNC-MILL-04,499,3.581,65.02,40.51,True
VPW-CNC-MILL-04,500,3.61,64.9,27.19,True
VPW-CNC-MILL-04,501,3.599,65.25,49.29,True
VPW-CNC-MILL-04,502,3.608,62.93,44.47,True
VPW-CNC-MILL-04,503,3.508,62.71,24.15,True
VPW-CNC-MILL-04,504,3.506,62.85,31.64,True
VPW-CNC-MILL-04,505,3.524,63.63,34.98,True
VPW-CNC-MILL-04,506,3.55,64.68,38.44,True
VPW-CNC-MILL-04,507,3.589,64.94,47.5,True
VPW-CNC-MILL-04,508,3.493,63.36,32.91,True
VPW-CNC-MILL-04,509,3.411,64.89,47.37,True
VPW-CNC-MILL-04,510,3.689,64.78,48.25,True
VPW-CNC-MILL-04,511,3.56,63.51,44.56,True
VPW-CNC-MILL-04,512,3.557,62.68,25.66,True
VPW-CNC-MILL-04,513,3.719,64.74,49.24,True
VPW-CNC-MILL-04,514,3.663,65.17,42.94,True
VPW-CNC-MILL-04,515,3.698,65.94,33.33,True
VPW-CNC-MILL-04,516,3.72,64.86,22.26,True
VPW-CNC-MILL-04,517,3.54,66.47,42.4,True
VPW-CNC-MILL-04,518,3.662,64.18,23.12,True
VPW-CNC-MILL-04,519,3.782,65.22,40.15,True
VPW-CNC-MILL-04,520,3.573,65.18,49.47,True
VPW-CNC-MILL-04,521,3.683,66.39,26.91,True
VPW-CNC-MILL-04,522,3.994,64.83,44.72,True
VPW-CNC-MILL-04,523,3.823,63.91,29.76,True
VPW-CNC-MILL-04,524,3.933,64.54,31.49,True
VPW-CNC-MILL-04,525,3.88,65.27,24.38,True
VPW-CNC-MILL-04,526,3.954,63.29,27.06,True
VPW-CNC-MILL-04,527,3.879,64.59,32.89,True
VPW-CNC-MILL-04,528,3.89,64.95,27.84,True
VPW-CNC-MILL-04,529,3.811,63.97,44.42,True
VPW-CNC-MILL-04,530,3.98,64.22,43.26,True
VPW-CNC-MILL-04,531,4.065,64.0,44.23,True
VPW-CNC-MILL-04,532,4.042,63.27,43.6,True
VPW-CNC-MILL-04,533,4.048,63.94,23.73,True
VPW-CNC-MILL-04,534,4.206,65.01,44.37,True
VPW-CNC-MILL-04,535,4.162,65.42,40.74,True
VPW-CNC-MILL-04,536,3.99,66.09,48.19,True
VPW-CNC-MILL-04,537,4.358,63.92,40.6,True
VPW-CNC-MILL-04,538,4.244,65.21,37.67,True
VPW-CNC-MILL-04,539,4.137,65.12,41.25,True
VPW-CNC-MILL-04,540,4.236,67.65,31.0,True
VPW-CNC-MILL-04,541,4.269,67.6,36.11,True
VPW-CNC-MILL-04,542,4.32,65.3,49.58,True
VPW-CNC-MILL-04,543,4.39,64.59,35.55,True
VPW-CNC-MILL-04,544,4.206,64.52,29.33,True
VPW-CNC-MILL-04,545,4.312,66.0,47.11,True
VPW-CNC-MILL-04,546,4.23,64.73,42.71,True
VPW-CNC-MILL-04,547,4.314,65.39,38.26,True
VPW-CNC-MILL-04,548,4.327,66.93,40.22,True
VPW-CNC-MILL-04,549,4.27,65.03,30.67,True
VPW-CNC-MILL-04,550,4.372,64.88,36.78,True
VPW-CNC-MILL-04,551,4.305,65.39,28.87,True
VPW-CNC-MILL-04,552,4.421,66.48,39.73,True
VPW-CNC-MILL-04,553,4.42,64.99,28.38,True
VPW-CNC-MILL-04,554,4.381,66.9,38.46,True
VPW-CNC-MILL-04,555,4.342,66.23,28.79,True
VPW-CNC-MILL-04,556,4.406,66.51,23.88,True
VPW-CNC-MILL-04,557,4.553,65.1,42.03,True
VPW-CNC-MILL-04,558,4.348,63.98,41.25,True
VPW-CNC-MILL-04,559,4.312,66.88,42.13,True
VPW-CNC-MILL-04,560,4.327,65.83,25.57,True
VPW-CNC-MILL-04,561,4.331,63.98,46.58,True
VPW-CNC-MILL-04,562,4.401,65.4,30.47,True
VPW-CNC-MILL-04,563,4.143,66.45,34.04,True
VPW-CNC-MILL-04,564,4.335,65.81,24.94,True
VPW-CNC-MILL-04,565,4.238,66.86,26.65,True
VPW-CNC-MILL-04,566,4.276,67.29,33.42,True
VPW-CNC-MILL-04,567,4.084,67.04,25.88,True
VPW-CNC-MILL-04,568,4.305,65.66,36.42,True
VPW-CNC-MILL-04,569,4.083,67.95,29.74,True
VPW-CNC-MILL-04,570,4.276,68.0,24.93,True
VPW-CNC-MILL-04,571,4.3,66.88,48.01,True
VPW-CNC-MILL-04,572,4.175,67.01,36.53,True
VPW-CNC-MILL-04,573,4.142,67.52,46.37,True
VPW-CNC-MILL-04,574,4.065,68.18,46.02,True
VPW-CNC-MILL-04,575,3.963,67.8,37.05,True
VPW-CNC-MILL-04,576,4.128,67.54,28.57,True
VPW-CNC-MILL-04,577,4.071,67.77,40.29,True
VPW-CNC-MILL-04,578,4.12,67.98,33.31,True
VPW-CNC-MILL-04,579,4.128,67.88,28.07,True
VPW-CNC-MILL-04,580,4.269,68.53,39.53,True
VPW-CNC-MILL-04,581,4.232,68.88,47.91,True
VPW-CNC-MILL-04,582,4.037,67.2,39.27,True
VPW-CNC-MILL-04,583,4.101,68.26,46.46,True
VPW-CNC-MILL-04,584,4.218,70.36,26.55,True
VPW-CNC-MILL-04,585,4.264,70.07,29.34,True
VPW-CNC-MILL-04,586,4.11,69.49,40.49,True
VPW-CNC-MILL-04,587,4.309,67.7,42.39,True
VPW-CNC-MILL-04,588,4.236,68.9,30.41,True
VPW-CNC-MILL-04,589,4.123,70.02,25.71,True
VPW-CNC-MILL-04,590,4.313,68.44,44.4,True
VPW-CNC-MILL-04,591,4.297,70.19,26.35,True
VPW-CNC-MILL-04,592,4.287,69.63,24.83,True
VPW-CNC-MILL-04,593,4.316,70.84,42.53,True
VPW-CNC-MILL-04,594,4.241,71.07,29.24,True
VPW-CNC-MILL-04,595,4.561,70.28,39.4,True
VPW-CNC-MILL-04,596,4.479,70.08,27.02,True
VPW-CNC-MILL-04,597,4.572,69.99,38.18,True
VPW-CNC-MILL-04,598,4.418,71.06,41.6,True
VPW-CNC-MILL-04,599,4.428,70.5,28.6,True
VPW-CNC-MILL-04,600,4.509,71.6,29.64,True
VPW-CNC-MILL-04,601,4.684,71.79,25.7,True
VPW-CNC-MILL-04,602,4.579,72.59,29.67,True
VPW-CNC-MILL-04,603,4.643,73.32,46.02,True
VPW-CNC-MILL-04,604,4.687,73.8,38.97,True
VPW-CNC-MILL-04,605,4.715,73.24,42.83,True
VPW-CNC-MILL-04,606,4.596,73.32,47.02,True
VPW-CNC-MILL-04,607,4.672,72.04,46.74,True
VPW-CNC-MILL-04,608,4.744,72.03,36.87,True
VPW-CNC-MILL-04,609,4.661,73.48,35.78,True
VPW-CNC-MILL-04,610,4.714,73.12,25.73,True
VPW-CNC-MILL-04,611,4.716,74.82,45.85,True
VPW-CNC-MILL-04,612,4.814,74.47,46.23,True
VPW-CNC-MILL-04,613,5.054,74.05,34.98,True
VPW-CNC-MILL-04,614,4.87,74.74,42.72,True
VPW-CNC-MILL-04,615,4.854,73.48,42.45,True
VPW-CNC-MILL-04,616,5.073,75.2,32.56,True
VPW-CNC-MILL-04,617,4.879,74.19,28.33,True
VPW-CNC-MILL-04,618,4.923,74.83,34.9,True
VPW-CNC-MILL-04,619,4.945,74.85,33.39,True
VPW-CNC-MILL-04,620,4.995,73.06,51.16,True
VPW-CNC-MILL-04,621,4.823,74.7,30.84,True
VPW-CNC-MILL-04,622,4.937,75.3,29.41,True
VPW-CNC-MILL-04,623,4.917,73.93,25.73,True
VPW-CNC-MILL-04,624,5.147,75.45,28.06,True
VPW-CNC-MILL-04,625,4.964,75.99,31.45,True
VPW-CNC-MILL-04,626,4.988,75.85,36.29,True
VPW-CNC-MILL-04,627,5.016,76.87,52.27,True
VPW-CNC-MILL-04,628,4.952,75.97,41.56,True
VPW-CNC-MILL-04,629,4.92,75.71,28.2,True
VPW-CNC-MILL-04,630,4.899,76.11,44.91,True
VPW-CNC-MILL-04,631,5.07,75.83,40.62,True
VPW-CNC-MILL-04,632,5.176,75.82,39.49,True
VPW-CNC-MILL-04,633,4.969,77.7,42.57,True
VPW-CNC-MILL-04,634,4.95,77.38,41.48,True
VPW-CNC-MILL-04,635,4.997,76.63,33.43,True
VPW-CNC-MILL-04,636,4.981,78.84,37.58,True
VPW-CNC-MILL-04,637,4.847,76.16,32.31,True
VPW-CNC-MILL-04,638,5.149,80.03,42.21,True
VPW-CNC-MILL-04,639,4.853,77.37,42.04,True
VPW-CNC-MILL-04,640,4.995,77.07,26.34,True
VPW-CNC-MILL-04,641,4.794,77.83,49.22,True
VPW-CNC-MILL-04,642,4.773,79.44,51.59,True
VPW-CNC-MILL-04,643,4.992,78.39,35.64,True
VPW-CNC-MILL-04,644,4.851,79.15,30.88,True
VPW-CNC-MILL-04,645,4.801,78.72,31.09,True
VPW-CNC-MILL-04,646,4.775,78.36,50.08,True
VPW-CNC-MILL-04,647,4.939,77.89,44.56,True
VPW-CNC-MILL-04,648,4.931,76.6,29.97,True
VPW-CNC-MILL-04,649,4.897,78.61,33.59,True
VPW-CNC-MILL-04,650,4.851,78.16,44.57,True
VPW-CNC-MILL-04,651,4.878,78.11,35.64,True
VPW-CNC-MILL-04,652,4.852,79.57,26.11,True
VPW-CNC-MILL-04,653,4.791,77.66,40.85,True
VPW-CNC-MILL-04,654,4.869,78.76,51.72,True
VPW-CNC-MILL-04,655,4.883,78.25,27.72,True
VPW-CNC-MILL-04,656,5.067,78.22,25.9,True
VPW-CNC-MILL-04,657,4.957,78.13,46.71,True
VPW-CNC-MILL-04,658,4.911,80.37,42.83,True
VPW-CNC-MILL-04,659,4.936,79.49,51.82,True
VPW-CNC-MILL-04,660,4.896,78.58,51.33,True
VPW-CNC-MILL-04,661,5.119,77.97,32.9,True
VPW-CNC-MILL-04,662,4.974,79.21,26.78,True
VPW-CNC-MILL-04,663,4.855,78.92,36.6,True
VPW-CNC-MILL-04,664,5.017,79.14,31.89,True
VPW-CNC-MILL-04,665,5.007,78.07,53.3,True
VPW-CNC-MILL-04,666,5.081,79.53,46.21,True
VPW-CNC-MILL-04,667,4.933,80.14,39.79,True
VPW-CNC-MILL-04,668,5.224,80.36,29.62,True
VPW-CNC-MILL-04,669,5.077,80.01,40.82,True
VPW-CNC-MILL-04,670,5.017,80.61,39.23,True
VPW-CNC-MILL-04,671,4.98,80.32,34.78,True
VPW-CNC-MILL-04,672,5.422,80.15,45.03,True
VPW-CNC-MILL-04,673,5.226,81.06,45.84,True
VPW-CNC-MILL-04,674,5.214,78.88,39.42,True
VPW-CNC-MILL-04,675,5.155,79.26,41.89,True
VPW-CNC-MILL-04,676,5.199,79.98,41.49,True
VPW-CNC-MILL-04,677,5.275,79.72,40.45,True
VPW-CNC-MILL-04,678,5.429,80.46,45.35,True
VPW-CNC-MILL-04,679,5.382,78.96,45.19,True
VPW-CNC-MILL-04,680,5.396,80.01,39.39,True
VPW-CNC-MILL-04,681,5.411,80.2,43.03,True
VPW-CNC-MILL-04,682,5.363,81.6,28.32,True
VPW-CNC-MILL-04,683,5.302,79.9,28.76,True
VPW-CNC-MILL-04,684,5.494,79.64,28.77,True
VPW-CNC-MILL-04,685,5.59,79.77,36.85,True
VPW-CNC-MILL-04,686,5.635,79.65,31.35,True
VPW-CNC-MILL-04,687,5.259,79.81,39.2,True
VPW-CNC-MILL-04,688,5.559,82.41,31.55,True
VPW-CNC-MILL-04,689,5.603,80.91,29.63,True
VPW-CNC-MILL-04,690,5.665,79.51,44.94,True
VPW-CNC-MILL-04,691,5.538,80.09,53.74,True
VPW-CNC-MILL-04,692,5.626,81.8,35.37,True
VPW-CNC-MILL-04,693,5.73,80.32,27.86,True
VPW-CNC-MILL-04,694,5.657,81.01,34.57,True
VPW-CNC-MILL-04,695,5.642,80.48,48.25,True
VPW-CNC-MILL-04,696,5.707,81.96,39.04,True
VPW-CNC-MILL-04,697,5.795,81.25,39.78,True
VPW-CNC-MILL-04,698,5.684,80.52,32.94,True
VPW-CNC-MILL-04,699,5.775,80.61,29.05,True
VPW-CNC-MILL-04,700,5.745,81.72,49.85,True
VPW-CNC-MILL-04,701,5.787,79.89,42.65,True
VPW-CNC-MILL-04,702,5.892,81.41,26.46,True
VPW-CNC-MILL-04,703,5.858,80.58,28.72,True
VPW-CNC-MILL-04,704,5.667,80.39,26.56,True
VPW-CNC-MILL-04,705,5.704,81.41,28.27,True
VPW-CNC-MILL-04,706,5.78,80.82,27.86,True
VPW-CNC-MILL-04,707,5.704,81.23,52.55,True
VPW-CNC-MILL-04,708,5.722,81.14,51.19,True
VPW-CNC-MILL-04,709,5.749,81.03,34.4,True
VPW-CNC-MILL-04,710,5.769,82.17,51.77,True
VPW-CNC-MILL-04,711,5.836,81.52,40.95,True
VPW-CNC-MILL-04,712,5.673,83.42,47.53,True
VPW-CNC-MILL-04,713,5.749,83.18,44.68,True
VPW-CNC-MILL-04,714,5.731,81.93,34.46,True
VPW-CNC-MILL-04,715,5.717,81.76,50.74,True
VPW-CNC-MILL-04,716,5.61,81.8,49.11,True
VPW-CNC-MILL-04,717,5.559,82.57,34.38,True
VPW-CNC-MILL-04,718,5.595,82.52,37.6,True
VPW-CNC-MILL-04,719,5.575,82.47,52.94,True
VPW-CNC-MILL-05,0,1.659,46.08,42.9,False
VPW-CNC-MILL-05,1,1.598,45.84,42.8,False
VPW-CNC-MILL-05,2,1.647,47.22,34.86,False
VPW-CNC-MILL-05,3,1.658,47.03,27.57,False
VPW-CNC-MILL-05,4,1.657,46.4,44.02,False
VPW-CNC-MILL-05,5,1.711,47.64,24.77,False
VPW-CNC-MILL-05,6,1.706,48.07,23.29,False
VPW-CNC-MILL-05,7,1.61,47.46,40.7,False
VPW-CNC-MILL-05,8,1.587,49.09,31.89,False
VPW-CNC-MILL-05,9,1.669,48.12,32.72,False
VPW-CNC-MILL-05,10,1.786,48.01,36.49,False
VPW-CNC-MILL-05,11,1.875,49.7,20.04,False
VPW-CNC-MILL-05,12,1.84,47.63,32.86,False
VPW-CNC-MILL-05,13,1.737,48.24,32.11,False
VPW-CNC-MILL-05,14,1.723,48.24,34.94,False
VPW-CNC-MILL-05,15,1.791,50.06,39.06,False
VPW-CNC-MILL-05,16,1.764,48.04,44.67,False
VPW-CNC-MILL-05,17,1.835,47.89,26.71,False
VPW-CNC-MILL-05,18,1.591,48.26,40.87,False
VPW-CNC-MILL-05,19,1.957,48.24,35.58,False
VPW-CNC-MILL-05,20,1.902,48.1,33.79,False
VPW-CNC-MILL-05,21,1.713,47.11,26.77,False
VPW-CNC-MILL-05,22,1.879,48.63,31.55,False
VPW-CNC-MILL-05,23,1.736,47.88,32.21,False
VPW-CNC-MILL-05,24,1.796,49.13,38.15,False
VPW-CNC-MILL-05,25,1.844,48.21,44.57,False
VPW-CNC-MILL-05,26,1.756,48.84,29.96,False
VPW-CNC-MILL-05,27,1.677,48.19,43.72,False
VPW-CNC-MILL-05,28,1.59,47.68,39.98,False
VPW-CNC-MILL-05,29,1.737,48.71,24.47,False
VPW-CNC-MILL-05,30,1.663,49.54,17.73,False
VPW-CNC-MILL-05,31,1.55,47.56,22.89,False
VPW-CNC-MILL-05,32,1.564,47.15,39.75,False
VPW-CNC-MILL-05,33,1.808,48.57,24.22,False
VPW-CNC-MILL-05,34,1.722,49.06,44.59,False
VPW-CNC-MILL-05,35,1.719,50.13,30.78,False
VPW-CNC-MILL-05,36,1.66,48.58,38.61,False
VPW-CNC-MILL-05,37,1.682,48.11,18.47,False
VPW-CNC-MILL-05,38,1.573,47.16,32.75,False
VPW-CNC-MILL-05,39,1.676,49.7,26.72,False
VPW-CNC-MILL-05,40,1.51,48.95,28.96,False
VPW-CNC-MILL-05,41,1.463,49.74,28.12,False
VPW-CNC-MILL-05,42,1.558,49.67,18.53,False
VPW-CNC-MILL-05,43,1.496,48.17,27.95,False
VPW-CNC-MILL-05,44,1.358,48.05,31.79,False
VPW-CNC-MILL-05,45,1.51,47.22,27.85,False
VPW-CNC-MILL-05,46,1.304,50.19,23.81,False
VPW-CNC-MILL-05,47,1.529,48.12,29.39,False
VPW-CNC-MILL-05,48,1.449,48.27,22.92,False
VPW-CNC-MILL-05,49,1.504,48.43,35.92,False
VPW-CNC-MILL-05,50,1.574,48.98,29.86,False
VPW-CNC-MILL-05,51,1.425,49.48,24.64,False
VPW-CNC-MILL-05,52,1.344,49.1,33.25,False
VPW-CNC-MILL-05,53,1.353,49.83,37.9,False
VPW-CNC-MILL-05,54,1.37,49.02,20.58,False
VPW-CNC-MILL-05,55,1.473,48.45,27.55,False
VPW-CNC-MILL-05,56,1.349,47.72,25.73,False
VPW-CNC-MILL-05,57,1.443,49.22,42.81,False
VPW-CNC-MILL-05,58,1.562,48.17,40.94,False
VPW-CNC-MILL-05,59,1.483,47.65,31.84,False
VPW-CNC-MILL-05,60,1.493,46.89,18.65,False
VPW-CNC-MILL-05,61,1.193,48.16,41.69,False
VPW-CNC-MILL-05,62,1.323,47.97,38.15,False
VPW-CNC-MILL-05,63,1.5,48.15,25.04,False
VPW-CNC-MILL-05,64,1.577,49.04,21.24,False
VPW-CNC-MILL-05,65,1.443,47.42,43.77,False
VPW-CNC-MILL-05,66,1.281,47.38,45.06,False
VPW-CNC-MILL-05,67,1.422,46.61,37.66,False
VPW-CNC-MILL-05,68,1.623,46.75,34.17,False
VPW-CNC-MILL-05,69,1.515,47.67,32.61,False
VPW-CNC-MILL-05,70,1.535,47.61,38.1,False
VPW-CNC-MILL-05,71,1.511,47.73,20.75,False
VPW-CNC-MILL-05,72,1.596,46.74,41.4,False
VPW-CNC-MILL-05,73,1.398,47.64,31.83,False
VPW-CNC-MILL-05,74,1.461,47.35,37.31,False
VPW-CNC-MILL-05,75,1.507,48.0,20.8,False
VPW-CNC-MILL-05,76,1.654,47.24,22.88,False
VPW-CNC-MILL-05,77,1.721,47.8,43.01,False
VPW-CNC-MILL-05,78,1.444,46.43,40.5,False
VPW-CNC-MILL-05,79,1.713,46.56,40.69,False
VPW-CNC-MILL-05,80,1.511,45.55,44.14,False
VPW-CNC-MILL-05,81,1.685,46.31,37.14,False
VPW-CNC-MILL-05,82,1.674,47.8,33.1,False
VPW-CNC-MILL-05,83,1.748,47.81,27.03,False
VPW-CNC-MILL-05,84,1.75,47.45,18.0,False
VPW-CNC-MILL-05,85,1.795,45.88,25.21,False
VPW-CNC-MILL-05,86,1.53,46.2,34.82,False
VPW-CNC-MILL-05,87,1.682,45.77,38.78,False
VPW-CNC-MILL-05,88,1.753,45.03,27.79,False
VPW-CNC-MILL-05,89,1.818,46.51,45.22,False
VPW-CNC-MILL-05,90,1.763,45.13,24.58,False
VPW-CNC-MILL-05,91,1.737,47.66,38.74,False
VPW-CNC-MILL-05,92,1.786,46.34,20.69,False
VPW-CNC-MILL-05,93,1.727,44.83,45.69,False
VPW-CNC-MILL-05,94,1.826,47.07,33.2,False
VPW-CNC-MILL-05,95,1.891,46.96,41.4,False
VPW-CNC-MILL-05,96,1.757,44.96,21.43,False
VPW-CNC-MILL-05,97,1.886,45.33,34.57,False
VPW-CNC-MILL-05,98,1.832,47.4,22.37,False
VPW-CNC-MILL-05,99,1.717,46.09,37.85,False
VPW-CNC-MILL-05,100,1.818,45.94,41.46,False
VPW-CNC-MILL-05,101,1.673,46.13,24.29,False
VPW-CNC-MILL-05,102,1.736,45.68,27.89,False
VPW-CNC-MILL-05,103,1.611,46.7,29.26,False
VPW-CNC-MILL-05,104,1.705,45.22,34.06,False
VPW-CNC-MILL-05,105,1.754,46.06,24.56,False
VPW-CNC-MILL-05,106,1.773,45.13,27.94,False
VPW-CNC-MILL-05,107,1.534,46.0,23.93,False
VPW-CNC-MILL-05,108,1.715,45.4,33.82,False
VPW-CNC-MILL-05,109,1.624,46.38,34.6,False
VPW-CNC-MILL-05,110,1.7,45.79,32.32,False
VPW-CNC-MILL-05,111,1.609,46.11,31.47,False
VPW-CNC-MILL-05,112,1.571,46.76,33.5,False
VPW-CNC-MILL-05,113,1.818,45.87,20.57,False
VPW-CNC-MILL-05,114,1.587,45.04,25.83,False
VPW-CNC-MILL-05,115,1.57,44.39,30.93,False
VPW-CNC-MILL-05,116,1.606,44.34,43.19,False
VPW-CNC-MILL-05,117,1.463,45.47,38.76,False
VPW-CNC-MILL-05,118,1.514,44.74,22.37,False
VPW-CNC-MILL-05,119,1.416,45.96,41.02,False
VPW-CNC-MILL-05,120,1.424,46.35,25.75,False
VPW-CNC-MILL-05,121,1.654,46.29,28.03,False
VPW-CNC-MILL-05,122,1.382,44.69,35.44,False
VPW-CNC-MILL-05,123,1.408,44.96,39.45,False
VPW-CNC-MILL-05,124,1.443,47.28,23.99,False
VPW-CNC-MILL-05,125,1.426,46.89,27.61,False
VPW-CNC-MILL-05,126,1.466,46.72,34.07,False
VPW-CNC-MILL-05,127,1.37,46.47,38.77,False
VPW-CNC-MILL-05,128,1.38,45.15,28.15,False
VPW-CNC-MILL-05,129,1.401,45.75,42.42,False
VPW-CNC-MILL-05,130,1.258,46.15,20.21,False
VPW-CNC-MILL-05,131,1.483,46.51,34.94,False
VPW-CNC-MILL-05,132,1.33,46.14,45.48,False
VPW-CNC-MILL-05,133,1.327,45.52,27.17,False
VPW-CNC-MILL-05,134,1.421,47.78,36.25,False
VPW-CNC-MILL-05,135,1.328,45.05,26.59,False
VPW-CNC-MILL-05,136,1.509,45.14,40.06,False
VPW-CNC-MILL-05,137,1.298,46.73,35.44,False
VPW-CNC-MILL-05,138,1.349,47.0,41.07,False
VPW-CNC-MILL-05,139,1.48,47.05,37.68,False
VPW-CNC-MILL-05,140,1.435,45.41,43.9,False
VPW-CNC-MILL-05,141,1.436,47.35,22.02,False
VPW-CNC-MILL-05,142,1.456,46.87,44.24,False
VPW-CNC-MILL-05,143,1.196,47.58,34.9,False
VPW-CNC-MILL-05,144,1.538,46.13,22.17,False
VPW-CNC-MILL-05,145,1.503,46.4,43.61,False
VPW-CNC-MILL-05,146,1.569,46.56,24.11,False
VPW-CNC-MILL-05,147,1.598,48.3,26.07,False
VPW-CNC-MILL-05,148,1.557,47.78,41.21,False
VPW-CNC-MILL-05,149,1.544,48.17,34.44,False
VPW-CNC-MILL-05,150,1.533,47.94,39.23,False
VPW-CNC-MILL-05,151,1.626,46.7,34.34,False
VPW-CNC-MILL-05,152,1.698,48.3,25.16,False
VPW-CNC-MILL-05,153,1.816,46.23,29.69,False
VPW-CNC-MILL-05,154,1.908,48.88,23.3,False
VPW-CNC-MILL-05,155,1.559,49.05,43.92,False
VPW-CNC-MILL-05,156,1.841,48.3,45.83,False
VPW-CNC-MILL-05,157,1.882,47.93,17.17,False
VPW-CNC-MILL-05,158,1.722,46.87,29.11,False
VPW-CNC-MILL-05,159,1.845,48.42,20.83,False
VPW-CNC-MILL-05,160,1.764,48.2,21.47,False
VPW-CNC-MILL-05,161,1.771,48.09,28.34,False
VPW-CNC-MILL-05,162,1.649,48.1,37.44,False
VPW-CNC-MILL-05,163,1.982,48.9,33.44,False
VPW-CNC-MILL-05,164,1.85,50.15,33.0,False
VPW-CNC-MILL-05,165,1.956,49.77,46.59,False
VPW-CNC-MILL-05,166,1.897,48.99,34.38,False
VPW-CNC-MILL-05,167,1.822,49.14,38.18,False
VPW-CNC-MILL-05,168,1.682,49.25,31.88,False
VPW-CNC-MILL-05,169,1.972,49.86,28.56,False
VPW-CNC-MILL-05,170,1.937,48.64,42.0,False
VPW-CNC-MILL-05,171,1.907,48.25,20.66,False
VPW-CNC-MILL-05,172,1.865,47.57,22.22,False
VPW-CNC-MILL-05,173,1.646,49.82,27.27,False
VPW-CNC-MILL-05,174,1.981,48.94,33.86,False
VPW-CNC-MILL-05,175,1.893,50.14,27.98,False
VPW-CNC-MILL-05,176,1.965,48.93,28.41,False
VPW-CNC-MILL-05,177,1.972,48.44,37.46,False
VPW-CNC-MILL-05,178,1.834,48.72,34.21,False
VPW-CNC-MILL-05,179,1.884,48.75,37.21,False
VPW-CNC-MILL-05,180,1.583,49.08,37.24,False
VPW-CNC-MILL-05,181,1.765,47.73,24.29,False
VPW-CNC-MILL-05,182,1.797,47.8,45.11,False
VPW-CNC-MILL-05,183,1.721,49.5,32.04,False
VPW-CNC-MILL-05,184,1.675,48.14,34.36,False
VPW-CNC-MILL-05,185,1.625,48.51,23.36,False
VPW-CNC-MILL-05,186,1.581,49.46,38.9,False
VPW-CNC-MILL-05,187,1.658,48.53,43.32,False
VPW-CNC-MILL-05,188,1.782,49.38,24.17,False
VPW-CNC-MILL-05,189,1.663,48.87,29.63,False
VPW-CNC-MILL-05,190,1.55,49.19,24.6,False
VPW-CNC-MILL-05,191,1.709,49.99,36.88,False
VPW-CNC-MILL-05,192,1.532,48.67,26.85,False
VPW-CNC-MILL-05,193,1.513,48.42,33.55,False
VPW-CNC-MILL-05,194,1.636,49.37,29.91,False
VPW-CNC-MILL-05,195,1.582,48.95,45.02,False
VPW-CNC-MILL-05,196,1.401,50.19,18.75,False
VPW-CNC-MILL-05,197,1.553,47.84,27.31,False
VPW-CNC-MILL-05,198,1.457,47.82,31.02,False
VPW-CNC-MILL-05,199,1.582,48.69,20.76,False
VPW-CNC-MILL-05,200,1.391,50.76,37.54,False
VPW-CNC-MILL-05,201,1.49,48.7,38.92,False
VPW-CNC-MILL-05,202,1.189,48.83,28.37,False
VPW-CNC-MILL-05,203,1.463,49.32,30.44,False
VPW-CNC-MILL-05,204,1.316,50.47,45.32,False
VPW-CNC-MILL-05,205,1.525,49.75,23.54,False
VPW-CNC-MILL-05,206,1.389,49.16,44.31,False
VPW-CNC-MILL-05,207,1.484,49.2,33.72,False
VPW-CNC-MILL-05,208,1.504,49.03,40.0,False
VPW-CNC-MILL-05,209,1.502,48.97,39.74,False
VPW-CNC-MILL-05,210,1.368,47.69,26.47,False
VPW-CNC-MILL-05,211,1.313,48.62,38.65,False
VPW-CNC-MILL-05,212,1.506,49.19,27.89,False
VPW-CNC-MILL-05,213,1.39,48.25,29.43,False
VPW-CNC-MILL-05,214,1.457,48.92,39.1,False
VPW-CNC-MILL-05,215,1.354,47.64,44.17,False
VPW-CNC-MILL-05,216,1.453,49.91,26.19,False
VPW-CNC-MILL-05,217,1.452,47.51,22.87,False
VPW-CNC-MILL-05,218,1.588,48.45,25.62,False
VPW-CNC-MILL-05,219,1.649,47.04,34.59,False
VPW-CNC-MILL-05,220,1.544,47.42,28.96,False
VPW-CNC-MILL-05,221,1.528,48.37,39.59,False
VPW-CNC-MILL-05,222,1.689,48.49,19.44,False
VPW-CNC-MILL-05,223,1.538,47.63,28.96,False
VPW-CNC-MILL-05,224,1.612,47.22,34.71,False
VPW-CNC-MILL-05,225,1.523,47.52,35.9,False
VPW-CNC-MILL-05,226,1.725,48.34,28.73,False
VPW-CNC-MILL-05,227,1.539,47.47,39.13,False
VPW-CNC-MILL-05,228,1.539,46.21,29.51,False
VPW-CNC-MILL-05,229,1.549,48.68,29.89,False
VPW-CNC-MILL-05,230,1.749,47.01,27.15,False
VPW-CNC-MILL-05,231,1.676,47.75,39.19,False
VPW-CNC-MILL-05,232,1.914,47.79,42.56,False
VPW-CNC-MILL-05,233,1.735,47.92,41.63,False
VPW-CNC-MILL-05,234,1.929,49.04,31.7,False
VPW-CNC-MILL-05,235,1.841,48.37,21.41,False
VPW-CNC-MILL-05,236,1.867,47.98,38.12,False
VPW-CNC-MILL-05,237,1.878,47.33,44.95,False
VPW-CNC-MILL-05,238,1.808,47.03,28.93,False
VPW-CNC-MILL-05,239,1.755,45.75,32.15,False
VPW-CNC-MILL-05,240,1.791,45.11,38.14,False
VPW-CNC-MILL-05,241,1.96,46.95,22.45,False
VPW-CNC-MILL-05,242,1.815,46.7,25.55,False
VPW-CNC-MILL-05,243,1.839,46.57,32.73,False
VPW-CNC-MILL-05,244,1.918,47.67,41.46,False
VPW-CNC-MILL-05,245,2.025,46.26,42.6,False
VPW-CNC-MILL-05,246,1.947,45.49,19.55,False
VPW-CNC-MILL-05,247,1.906,47.72,31.94,False
VPW-CNC-MILL-05,248,1.67,46.3,17.72,False
VPW-CNC-MILL-05,249,1.839,47.02,43.01,False
VPW-CNC-MILL-05,250,1.807,45.3,24.99,False
VPW-CNC-MILL-05,251,1.865,47.25,35.41,False
VPW-CNC-MILL-05,252,1.86,46.8,40.07,False
VPW-CNC-MILL-05,253,1.994,46.48,21.4,False
VPW-CNC-MILL-05,254,1.869,46.46,45.61,False
VPW-CNC-MILL-05,255,1.875,45.79,24.8,False
VPW-CNC-MILL-05,256,1.715,46.16,43.97,False
VPW-CNC-MILL-05,257,1.694,46.01,34.23,False
VPW-CNC-MILL-05,258,1.755,45.85,28.43,False
VPW-CNC-MILL-05,259,1.702,45.08,45.1,False
VPW-CNC-MILL-05,260,1.793,45.61,21.98,False
VPW-CNC-MILL-05,261,1.653,45.18,20.09,False
VPW-CNC-MILL-05,262,1.711,46.6,37.3,False
VPW-CNC-MILL-05,263,1.723,46.55,38.79,False
VPW-CNC-MILL-05,264,1.657,46.5,23.09,False
VPW-CNC-MILL-05,265,1.553,46.29,38.52,False
VPW-CNC-MILL-05,266,1.639,46.47,20.29,False
VPW-CNC-MILL-05,267,1.567,45.03,34.62,False
VPW-CNC-MILL-05,268,1.34,46.79,35.2,False
VPW-CNC-MILL-05,269,1.428,45.85,32.94,False
VPW-CNC-MILL-05,270,1.542,46.11,38.21,False
VPW-CNC-MILL-05,271,1.407,45.24,45.21,False
VPW-CNC-MILL-05,272,1.441,46.76,18.8,False
VPW-CNC-MILL-05,273,1.685,45.11,35.9,False
VPW-CNC-MILL-05,274,1.452,46.68,26.59,False
VPW-CNC-MILL-05,275,1.475,46.28,22.79,False
VPW-CNC-MILL-05,276,1.484,47.04,31.6,False
VPW-CNC-MILL-05,277,1.55,47.02,43.61,False
VPW-CNC-MILL-05,278,1.573,45.48,44.85,False
VPW-CNC-MILL-05,279,1.404,47.32,44.68,False
VPW-CNC-MILL-05,280,1.503,46.24,45.38,False
VPW-CNC-MILL-05,281,1.525,46.55,32.85,False
VPW-CNC-MILL-05,282,1.478,46.99,22.28,False
VPW-CNC-MILL-05,283,1.498,47.3,21.8,False
VPW-CNC-MILL-05,284,1.388,47.06,42.81,False
VPW-CNC-MILL-05,285,1.382,46.85,37.32,False
VPW-CNC-MILL-05,286,1.506,46.78,42.52,False
VPW-CNC-MILL-05,287,1.452,46.8,23.79,False
VPW-CNC-MILL-05,288,1.483,46.77,45.16,False
VPW-CNC-MILL-05,289,1.427,45.84,29.0,False
VPW-CNC-MILL-05,290,1.277,48.08,33.77,False
VPW-CNC-MILL-05,291,1.5,47.42,28.94,False
VPW-CNC-MILL-05,292,1.574,46.83,40.65,False
VPW-CNC-MILL-05,293,1.598,47.46,31.21,False
VPW-CNC-MILL-05,294,1.511,47.21,17.28,False
VPW-CNC-MILL-05,295,1.436,48.11,22.47,False
VPW-CNC-MILL-05,296,1.589,46.55,40.24,False
VPW-CNC-MILL-05,297,1.533,48.17,21.81,False
VPW-CNC-MILL-05,298,1.705,47.24,42.74,False
VPW-CNC-MILL-05,299,1.531,50.09,32.86,False
VPW-CNC-MILL-05,300,1.761,47.77,38.82,False
VPW-CNC-MILL-05,301,1.657,49.11,26.07,False
VPW-CNC-MILL-05,302,1.756,48.1,31.45,False
VPW-CNC-MILL-05,303,1.696,47.82,18.47,False
VPW-CNC-MILL-05,304,1.762,47.74,42.19,False
VPW-CNC-MILL-05,305,1.667,48.14,43.66,False
VPW-CNC-MILL-05,306,1.664,47.6,27.66,False
VPW-CNC-MILL-05,307,1.672,48.09,42.17,False
VPW-CNC-MILL-05,308,1.769,47.47,44.98,False
VPW-CNC-MILL-05,309,1.947,48.39,38.52,False
VPW-CNC-MILL-05,310,1.828,48.38,36.34,False
VPW-CNC-MILL-05,311,1.992,49.06,22.29,False
VPW-CNC-MILL-05,312,1.8,48.61,24.72,False
VPW-CNC-MILL-05,313,1.748,49.01,19.41,False
VPW-CNC-MILL-05,314,1.82,49.82,31.21,False
VPW-CNC-MILL-05,315,1.831,48.02,21.47,False
VPW-CNC-MILL-05,316,2.077,48.31,39.17,False
VPW-CNC-MILL-05,317,1.93,48.64,44.14,False
VPW-CNC-MILL-05,318,2.018,48.18,39.99,False
VPW-CNC-MILL-05,319,1.79,49.37,31.29,False
VPW-CNC-MILL-05,320,1.912,48.21,33.3,False
VPW-CNC-MILL-05,321,1.885,49.07,43.91,False
VPW-CNC-MILL-05,322,1.926,47.98,39.45,False
VPW-CNC-MILL-05,323,1.818,49.65,36.85,False
VPW-CNC-MILL-05,324,1.922,49.43,25.33,False
VPW-CNC-MILL-05,325,1.834,49.23,29.36,False
VPW-CNC-MILL-05,326,1.747,49.76,31.75,False
VPW-CNC-MILL-05,327,1.887,49.24,27.43,False
VPW-CNC-MILL-05,328,1.774,49.36,29.03,False
VPW-CNC-MILL-05,329,1.803,49.1,30.62,False
VPW-CNC-MILL-05,330,1.9,49.0,32.86,False
VPW-CNC-MILL-05,331,1.79,48.39,24.16,False
VPW-CNC-MILL-05,332,1.748,50.12,32.07,False
VPW-CNC-MILL-05,333,1.75,48.44,23.0,False
VPW-CNC-MILL-05,334,1.804,50.57,29.22,False
VPW-CNC-MILL-05,335,1.796,49.95,44.99,False
VPW-CNC-MILL-05,336,1.732,48.49,27.02,False
VPW-CNC-MILL-05,337,1.67,49.17,35.34,False
VPW-CNC-MILL-05,338,1.925,49.07,23.26,False
VPW-CNC-MILL-05,339,1.779,49.97,24.51,False
VPW-CNC-MILL-05,340,1.718,49.73,20.53,False
VPW-CNC-MILL-05,341,1.655,50.84,34.52,False
VPW-CNC-MILL-05,342,1.713,49.15,43.47,False
VPW-CNC-MILL-05,343,1.684,49.78,42.59,False
VPW-CNC-MILL-05,344,1.74,50.64,20.07,False
VPW-CNC-MILL-05,345,1.51,49.89,38.25,False
VPW-CNC-MILL-05,346,1.637,49.51,23.03,False
VPW-CNC-MILL-05,347,1.59,48.39,43.04,False
VPW-CNC-MILL-05,348,1.506,48.34,24.74,False
VPW-CNC-MILL-05,349,1.438,51.4,34.25,False
VPW-CNC-MILL-05,350,1.416,47.99,42.84,False
VPW-CNC-MILL-05,351,1.441,49.23,30.23,False
VPW-CNC-MILL-05,352,1.548,49.36,24.53,False
VPW-CNC-MILL-05,353,1.437,47.24,28.58,False
VPW-CNC-MILL-05,354,1.381,50.22,24.45,False
VPW-CNC-MILL-05,355,1.301,49.25,37.72,False
VPW-CNC-MILL-05,356,1.369,49.23,27.51,False
VPW-CNC-MILL-05,357,1.411,50.3,26.87,False
VPW-CNC-MILL-05,358,1.396,49.28,28.22,False
VPW-CNC-MILL-05,359,1.588,48.78,18.66,False
VPW-CNC-MILL-05,360,1.382,49.28,44.58,False
VPW-CNC-MILL-05,361,1.553,48.65,22.14,False
VPW-CNC-MILL-05,362,1.526,46.94,18.64,False
VPW-CNC-MILL-05,363,1.453,47.76,35.47,False
VPW-CNC-MILL-05,364,1.349,49.08,38.93,False
VPW-CNC-MILL-05,365,1.531,49.0,33.5,False
VPW-CNC-MILL-05,366,1.36,49.66,33.15,False
VPW-CNC-MILL-05,367,1.365,48.36,43.75,False
VPW-CNC-MILL-05,368,1.466,49.43,38.96,False
VPW-CNC-MILL-05,369,1.643,48.25,30.76,False
VPW-CNC-MILL-05,370,1.68,47.67,21.12,False
VPW-CNC-MILL-05,371,1.482,49.21,29.75,False
VPW-CNC-MILL-05,372,1.635,47.8,25.11,False
VPW-CNC-MILL-05,373,1.563,46.73,38.06,False
VPW-CNC-MILL-05,374,1.692,48.63,40.0,False
VPW-CNC-MILL-05,375,1.546,48.86,36.21,False
VPW-CNC-MILL-05,376,1.743,48.61,44.7,False
VPW-CNC-MILL-05,377,1.764,49.31,34.83,False
VPW-CNC-MILL-05,378,1.67,47.77,34.7,False
VPW-CNC-MILL-05,379,1.65,47.72,23.38,False
VPW-CNC-MILL-05,380,1.806,48.65,34.64,False
VPW-CNC-MILL-05,381,1.758,47.67,33.11,False
VPW-CNC-MILL-05,382,1.756,48.5,30.64,False
VPW-CNC-MILL-05,383,1.784,47.16,22.07,False
VPW-CNC-MILL-05,384,1.726,47.62,32.22,False
VPW-CNC-MILL-05,385,1.854,49.37,38.18,False
VPW-CNC-MILL-05,386,1.668,47.61,40.62,False
VPW-CNC-MILL-05,387,1.805,48.28,25.89,False
VPW-CNC-MILL-05,388,1.774,47.61,24.68,False
VPW-CNC-MILL-05,389,1.989,46.28,39.73,False
VPW-CNC-MILL-05,390,1.761,48.77,28.5,False
VPW-CNC-MILL-05,391,1.845,45.67,40.91,False
VPW-CNC-MILL-05,392,1.861,47.59,26.92,False
VPW-CNC-MILL-05,393,1.928,47.25,27.43,False
VPW-CNC-MILL-05,394,1.857,45.98,25.49,False
VPW-CNC-MILL-05,395,1.883,46.04,29.44,False
VPW-CNC-MILL-05,396,1.886,46.61,41.32,False
VPW-CNC-MILL-05,397,1.88,47.71,44.75,False
VPW-CNC-MILL-05,398,1.914,46.41,31.55,False
VPW-CNC-MILL-05,399,1.95,46.61,41.17,False
VPW-CNC-MILL-05,400,1.872,46.02,31.55,False
VPW-CNC-MILL-05,401,1.815,47.65,43.67,False
VPW-CNC-MILL-05,402,1.831,45.66,43.81,False
VPW-CNC-MILL-05,403,1.897,46.94,45.51,False
VPW-CNC-MILL-05,404,1.779,48.16,41.9,False
VPW-CNC-MILL-05,405,1.816,46.28,28.05,False
VPW-CNC-MILL-05,406,1.741,46.94,26.21,False
VPW-CNC-MILL-05,407,1.757,47.09,19.74,False
VPW-CNC-MILL-05,408,1.876,44.53,18.33,False
VPW-CNC-MILL-05,409,1.766,46.27,24.17,False
VPW-CNC-MILL-05,410,1.815,46.58,24.41,False
VPW-CNC-MILL-05,411,1.747,44.42,20.13,False
VPW-CNC-MILL-05,412,1.733,46.07,45.77,False
VPW-CNC-MILL-05,413,1.752,47.13,24.88,False
VPW-CNC-MILL-05,414,1.612,47.4,28.52,False
VPW-CNC-MILL-05,415,1.744,46.5,22.1,False
VPW-CNC-MILL-05,416,1.641,46.92,39.0,False
VPW-CNC-MILL-05,417,1.599,48.15,42.57,False
VPW-CNC-MILL-05,418,1.602,46.36,19.41,False
VPW-CNC-MILL-05,419,1.554,46.67,33.44,False
VPW-CNC-MILL-05,420,1.488,47.31,41.51,False
VPW-CNC-MILL-05,421,1.561,46.99,21.72,False
VPW-CNC-MILL-05,422,1.552,47.53,38.28,False
VPW-CNC-MILL-05,423,1.557,47.67,39.55,False
VPW-CNC-MILL-05,424,1.567,46.66,46.09,False
VPW-CNC-MILL-05,425,1.651,47.48,31.57,False
VPW-CNC-MILL-05,426,1.397,47.57,33.88,False
VPW-CNC-MILL-05,427,1.588,45.87,27.45,False
VPW-CNC-MILL-05,428,1.593,46.89,41.37,False
VPW-CNC-MILL-05,429,1.432,47.9,31.73,False
VPW-CNC-MILL-05,430,1.437,46.21,19.94,False
VPW-CNC-MILL-05,431,1.509,47.25,38.4,False
VPW-CNC-MILL-05,432,1.592,47.77,20.42,False
VPW-CNC-MILL-05,433,1.533,47.0,25.69,False
VPW-CNC-MILL-05,434,1.584,47.73,27.35,False
VPW-CNC-MILL-05,435,1.436,47.58,17.84,False
VPW-CNC-MILL-05,436,1.593,47.72,29.64,False
VPW-CNC-MILL-05,437,1.428,47.19,19.0,False
VPW-CNC-MILL-05,438,1.426,47.34,44.34,False
VPW-CNC-MILL-05,439,1.417,47.16,45.8,False
VPW-CNC-MILL-05,440,1.563,46.48,25.71,False
VPW-CNC-MILL-05,441,1.29,47.79,33.78,False
VPW-CNC-MILL-05,442,1.579,47.54,34.96,False
VPW-CNC-MILL-05,443,1.469,46.78,33.07,False
VPW-CNC-MILL-05,444,1.551,47.55,33.3,False
VPW-CNC-MILL-05,445,1.592,47.99,18.81,False
VPW-CNC-MILL-05,446,1.474,47.09,26.57,False
VPW-CNC-MILL-05,447,1.646,47.74,35.27,False
VPW-CNC-MILL-05,448,1.714,47.56,30.19,False
VPW-CNC-MILL-05,449,1.63,48.64,31.71,False
VPW-CNC-MILL-05,450,1.705,47.69,37.03,False
VPW-CNC-MILL-05,451,1.786,49.27,34.82,False
VPW-CNC-MILL-05,452,1.624,48.71,37.8,False
VPW-CNC-MILL-05,453,1.766,48.97,43.1,False
VPW-CNC-MILL-05,454,1.508,48.83,44.44,False
VPW-CNC-MILL-05,455,1.789,48.77,33.13,False
VPW-CNC-MILL-05,456,1.848,46.69,31.17,False
VPW-CNC-MILL-05,457,1.772,47.68,21.8,False
VPW-CNC-MILL-05,458,1.8,48.5,23.06,False
VPW-CNC-MILL-05,459,1.8,48.54,42.92,False
VPW-CNC-MILL-05,460,1.735,48.73,21.0,False
VPW-CNC-MILL-05,461,1.857,49.46,42.82,False
VPW-CNC-MILL-05,462,1.906,49.46,35.64,False
VPW-CNC-MILL-05,463,1.885,49.8,40.35,False
VPW-CNC-MILL-05,464,1.997,47.04,27.28,False
VPW-CNC-MILL-05,465,1.948,49.33,38.15,False
VPW-CNC-MILL-05,466,1.73,48.44,24.9,False
VPW-CNC-MILL-05,467,1.865,48.53,23.01,False
VPW-CNC-MILL-05,468,1.977,49.67,41.84,False
VPW-CNC-MILL-05,469,1.953,49.49,35.85,False
VPW-CNC-MILL-05,470,1.963,50.52,32.14,False
VPW-CNC-MILL-05,471,2.044,51.35,24.99,False
VPW-CNC-MILL-05,472,1.823,47.85,42.32,False
VPW-CNC-MILL-05,473,1.89,49.64,20.18,False
VPW-CNC-MILL-05,474,1.958,49.77,34.71,False
VPW-CNC-MILL-05,475,1.952,50.62,38.52,False
VPW-CNC-MILL-05,476,2.025,50.27,38.21,False
VPW-CNC-MILL-05,477,1.777,49.41,44.26,False
VPW-CNC-MILL-05,478,1.944,48.5,28.89,False
VPW-CNC-MILL-05,479,1.902,49.59,25.4,False
VPW-CNC-MILL-05,480,1.821,49.42,35.79,False
VPW-CNC-MILL-05,481,1.793,50.25,23.54,False
VPW-CNC-MILL-05,482,1.731,50.33,33.44,False
VPW-CNC-MILL-05,483,1.898,49.11,29.61,False
VPW-CNC-MILL-05,484,1.914,50.7,43.23,False
VPW-CNC-MILL-05,485,1.858,50.72,40.2,False
VPW-CNC-MILL-05,486,1.972,50.1,33.39,False
VPW-CNC-MILL-05,487,1.907,50.41,30.27,False
VPW-CNC-MILL-05,488,1.843,49.48,27.02,False
VPW-CNC-MILL-05,489,1.84,50.27,28.9,False
VPW-CNC-MILL-05,490,1.884,50.07,38.82,False
VPW-CNC-MILL-05,491,1.801,50.61,23.95,False
VPW-CNC-MILL-05,492,1.712,47.89,38.63,False
VPW-CNC-MILL-05,493,1.724,49.12,43.68,False
VPW-CNC-MILL-05,494,1.799,50.88,29.48,False
VPW-CNC-MILL-05,495,1.467,50.61,19.86,False
VPW-CNC-MILL-05,496,1.671,49.88,29.06,False
VPW-CNC-MILL-05,497,1.694,49.49,28.93,False
VPW-CNC-MILL-05,498,1.663,51.31,26.72,False
VPW-CNC-MILL-05,499,1.66,50.79,32.5,False
VPW-CNC-MILL-05,500,1.589,49.86,40.1,False
VPW-CNC-MILL-05,501,1.562,51.08,19.24,False
VPW-CNC-MILL-05,502,1.559,51.05,24.01,False
VPW-CNC-MILL-05,503,1.522,50.63,37.67,False
VPW-CNC-MILL-05,504,1.597,51.67,30.83,False
VPW-CNC-MILL-05,505,1.325,49.35,39.25,False
VPW-CNC-MILL-05,506,1.659,48.8,23.11,False
VPW-CNC-MILL-05,507,1.398,51.31,44.89,False
VPW-CNC-MILL-05,508,1.456,48.81,25.57,False
VPW-CNC-MILL-05,509,1.514,50.13,19.23,False
VPW-CNC-MILL-05,510,1.506,50.1,25.87,False
VPW-CNC-MILL-05,511,1.68,48.97,37.91,False
VPW-CNC-MILL-05,512,1.562,49.3,44.05,False
VPW-CNC-MILL-05,513,1.563,48.86,29.59,False
VPW-CNC-MILL-05,514,1.549,47.62,34.05,False
VPW-CNC-MILL-05,515,1.564,50.89,44.22,False
VPW-CNC-MILL-05,516,1.434,48.35,29.03,False
VPW-CNC-MILL-05,517,1.616,50.06,46.22,False
VPW-CNC-MILL-05,518,1.599,47.94,30.53,False
VPW-CNC-MILL-05,519,1.643,49.38,33.21,False
VPW-CNC-MILL-05,520,1.509,49.31,45.67,False
VPW-CNC-MILL-05,521,1.614,48.78,32.41,False
VPW-CNC-MILL-05,522,1.68,49.1,27.71,False
VPW-CNC-MILL-05,523,1.81,47.85,44.79,False
VPW-CNC-MILL-05,524,1.581,49.7,19.54,False
VPW-CNC-MILL-05,525,1.734,47.9,32.5,False
VPW-CNC-MILL-05,526,1.685,48.63,35.68,False
VPW-CNC-MILL-05,527,1.774,49.71,37.95,False
VPW-CNC-MILL-05,528,1.741,47.82,23.29,False
VPW-CNC-MILL-05,529,1.792,47.22,22.72,False
VPW-CNC-MILL-05,530,1.741,48.28,18.35,False
VPW-CNC-MILL-05,531,1.814,47.8,33.01,False
VPW-CNC-MILL-05,532,1.849,46.99,23.88,False
VPW-CNC-MILL-05,533,1.764,47.8,30.34,False
VPW-CNC-MILL-05,534,1.793,48.1,44.08,False
VPW-CNC-MILL-05,535,1.85,47.06,32.41,False
VPW-CNC-MILL-05,536,1.926,48.64,18.11,False
VPW-CNC-MILL-05,537,1.943,48.56,40.16,False
VPW-CNC-MILL-05,538,2.016,47.75,26.99,False
VPW-CNC-MILL-05,539,1.869,47.24,21.4,False
VPW-CNC-MILL-05,540,2.012,46.75,41.18,False
VPW-CNC-MILL-05,541,1.969,47.06,30.51,False
VPW-CNC-MILL-05,542,2.028,47.43,37.59,False
VPW-CNC-MILL-05,543,1.769,47.65,19.43,False
VPW-CNC-MILL-05,544,1.903,46.78,26.2,False
VPW-CNC-MILL-05,545,1.971,45.96,23.64,False
VPW-CNC-MILL-05,546,1.861,49.52,30.2,False
VPW-CNC-MILL-05,547,2.042,47.16,39.49,False
VPW-CNC-MILL-05,548,2.032,46.87,36.44,False
VPW-CNC-MILL-05,549,1.946,47.18,27.2,False
VPW-CNC-MILL-05,550,1.966,47.47,20.98,False
VPW-CNC-MILL-05,551,1.966,48.62,29.31,False
VPW-CNC-MILL-05,552,1.819,48.03,24.96,False
VPW-CNC-MILL-05,553,1.879,46.88,36.37,False
VPW-CNC-MILL-05,554,1.973,47.3,22.41,False
VPW-CNC-MILL-05,555,1.864,47.3,31.32,False
VPW-CNC-MILL-05,556,1.881,47.09,24.97,False
VPW-CNC-MILL-05,557,1.977,46.76,43.14,False
VPW-CNC-MILL-05,558,1.693,46.67,21.11,False
VPW-CNC-MILL-05,559,1.804,46.47,25.73,False
VPW-CNC-MILL-05,560,1.832,46.57,27.1,False
VPW-CNC-MILL-05,561,1.793,47.06,25.58,False
VPW-CNC-MILL-05,562,1.72,44.16,20.56,False
VPW-CNC-MILL-05,563,1.646,46.59,23.54,False
VPW-CNC-MILL-05,564,1.805,47.36,42.22,False
VPW-CNC-MILL-05,565,1.82,45.48,23.3,False
VPW-CNC-MILL-05,566,1.832,46.4,36.09,False
VPW-CNC-MILL-05,567,1.747,47.82,21.75,False
VPW-CNC-MILL-05,568,1.661,47.25,28.77,False
VPW-CNC-MILL-05,569,1.822,46.33,44.24,False
VPW-CNC-MILL-05,570,1.661,46.08,31.3,False
VPW-CNC-MILL-05,571,1.525,46.66,18.63,False
VPW-CNC-MILL-05,572,1.608,48.79,35.04,False
VPW-CNC-MILL-05,573,1.56,46.15,19.36,False
VPW-CNC-MILL-05,574,1.687,47.07,17.79,False
VPW-CNC-MILL-05,575,1.657,47.45,44.83,False
VPW-CNC-MILL-05,576,1.688,48.17,30.82,False
VPW-CNC-MILL-05,577,1.604,47.18,34.57,False
VPW-CNC-MILL-05,578,1.732,48.05,38.31,False
VPW-CNC-MILL-05,579,1.598,48.92,43.26,False
VPW-CNC-MILL-05,580,1.516,46.09,43.69,False
VPW-CNC-MILL-05,581,1.548,46.54,21.0,False
VPW-CNC-MILL-05,582,1.362,47.04,30.73,False
VPW-CNC-MILL-05,583,1.571,46.94,20.08,False
VPW-CNC-MILL-05,584,1.387,46.97,22.65,False
VPW-CNC-MILL-05,585,1.512,49.73,38.55,False
VPW-CNC-MILL-05,586,1.587,47.81,20.49,False
VPW-CNC-MILL-05,587,1.337,48.59,43.37,False
VPW-CNC-MILL-05,588,1.599,46.9,40.82,False
VPW-CNC-MILL-05,589,1.594,47.04,22.78,False
VPW-CNC-MILL-05,590,1.492,48.05,37.43,False
VPW-CNC-MILL-05,591,1.566,47.94,42.14,False
VPW-CNC-MILL-05,592,1.527,46.1,31.1,False
VPW-CNC-MILL-05,593,1.611,47.74,43.22,False
VPW-CNC-MILL-05,594,1.535,48.54,19.93,False
VPW-CNC-MILL-05,595,1.572,48.37,43.83,False
VPW-CNC-MILL-05,596,1.637,49.49,44.79,False
VPW-CNC-MILL-05,597,1.709,48.48,25.07,False
VPW-CNC-MILL-05,598,1.67,47.72,45.85,False
VPW-CNC-MILL-05,599,1.667,47.46,30.9,False
VPW-CNC-MILL-05,600,1.717,48.26,35.32,False
VPW-CNC-MILL-05,601,1.661,48.04,25.12,False
VPW-CNC-MILL-05,602,1.88,49.36,33.75,False
VPW-CNC-MILL-05,603,1.676,49.44,22.42,False
VPW-CNC-MILL-05,604,1.834,49.71,29.28,False
VPW-CNC-MILL-05,605,1.78,49.2,29.61,False
VPW-CNC-MILL-05,606,1.926,49.56,37.98,False
VPW-CNC-MILL-05,607,1.867,48.62,25.96,False
VPW-CNC-MILL-05,608,1.963,50.1,20.84,False
VPW-CNC-MILL-05,609,2.041,48.46,43.75,False
VPW-CNC-MILL-05,610,1.832,49.13,30.91,False
VPW-CNC-MILL-05,611,1.805,49.78,35.67,False
VPW-CNC-MILL-05,612,1.923,49.3,23.81,False
VPW-CNC-MILL-05,613,2.02,50.04,22.7,False
VPW-CNC-MILL-05,614,1.829,51.24,28.43,False
VPW-CNC-MILL-05,615,1.969,48.95,21.12,False
VPW-CNC-MILL-05,616,1.879,49.47,22.49,False
VPW-CNC-MILL-05,617,1.928,50.15,25.65,False
VPW-CNC-MILL-05,618,1.937,48.36,25.59,False
VPW-CNC-MILL-05,619,2.018,51.61,44.58,False
VPW-CNC-MILL-05,620,1.913,50.14,36.91,False
VPW-CNC-MILL-05,621,1.988,49.28,42.9,False
VPW-CNC-MILL-05,622,1.966,49.19,25.83,False
VPW-CNC-MILL-05,623,1.953,50.32,26.25,False
VPW-CNC-MILL-05,624,1.916,50.81,27.14,False
VPW-CNC-MILL-05,625,1.926,50.11,25.06,False
VPW-CNC-MILL-05,626,2.128,49.74,37.76,False
VPW-CNC-MILL-05,627,1.876,50.15,20.83,False
VPW-CNC-MILL-05,628,2.026,49.22,25.14,False
VPW-CNC-MILL-05,629,1.819,50.56,20.2,False
VPW-CNC-MILL-05,630,2.027,50.48,37.02,False
VPW-CNC-MILL-05,631,1.91,51.05,41.81,False
VPW-CNC-MILL-05,632,1.863,51.7,26.18,False
VPW-CNC-MILL-05,633,1.753,49.18,30.44,False
VPW-CNC-MILL-05,634,1.768,50.55,43.15,False
VPW-CNC-MILL-05,635,1.973,49.68,36.36,False
VPW-CNC-MILL-05,636,1.821,50.4,21.24,False
VPW-CNC-MILL-05,637,1.829,50.42,25.94,False
VPW-CNC-MILL-05,638,1.739,51.87,28.34,False
VPW-CNC-MILL-05,639,1.751,52.47,40.55,False
VPW-CNC-MILL-05,640,1.795,50.32,41.48,False
VPW-CNC-MILL-05,641,1.914,49.76,34.87,False
VPW-CNC-MILL-05,642,1.711,52.08,27.56,False
VPW-CNC-MILL-05,643,1.803,50.98,22.85,False
VPW-CNC-MILL-05,644,1.715,49.58,40.42,False
VPW-CNC-MILL-05,645,1.836,51.25,34.77,False
VPW-CNC-MILL-05,646,1.529,49.08,29.6,False
VPW-CNC-MILL-05,647,1.78,51.27,23.78,False
VPW-CNC-MILL-05,648,1.566,49.99,34.6,False
VPW-CNC-MILL-05,649,1.56,50.26,18.49,False
VPW-CNC-MILL-05,650,1.677,50.48,34.21,False
VPW-CNC-MILL-05,651,1.564,50.66,18.01,False
VPW-CNC-MILL-05,652,1.439,50.5,23.72,False
VPW-CNC-MILL-05,653,1.509,49.22,19.49,False
VPW-CNC-MILL-05,654,1.654,51.71,41.93,False
VPW-CNC-MILL-05,655,1.613,48.62,29.56,False
VPW-CNC-MILL-05,656,1.408,49.87,17.91,False
VPW-CNC-MILL-05,657,1.548,50.55,23.76,False
VPW-CNC-MILL-05,658,1.632,49.56,45.67,False
VPW-CNC-MILL-05,659,1.535,49.56,39.67,False
VPW-CNC-MILL-05,660,1.577,50.97,41.91,False
VPW-CNC-MILL-05,661,1.473,48.95,35.34,False
VPW-CNC-MILL-05,662,1.669,51.4,32.28,False
VPW-CNC-MILL-05,663,1.604,50.03,18.89,False
VPW-CNC-MILL-05,664,1.488,49.67,41.53,False
VPW-CNC-MILL-05,665,1.636,48.16,43.22,False
VPW-CNC-MILL-05,666,1.553,50.06,42.83,False
VPW-CNC-MILL-05,667,1.539,49.84,24.83,False
VPW-CNC-MILL-05,668,1.529,48.75,22.92,False
VPW-CNC-MILL-05,669,1.638,51.25,19.14,False
VPW-CNC-MILL-05,670,1.625,49.21,32.04,False
VPW-CNC-MILL-05,671,1.62,50.1,42.61,False
VPW-CNC-MILL-05,672,1.669,50.08,22.37,False
VPW-CNC-MILL-05,673,1.725,48.68,18.78,False
VPW-CNC-MILL-05,674,1.844,48.63,20.56,False
VPW-CNC-MILL-05,675,1.758,50.56,35.39,False
VPW-CNC-MILL-05,676,1.619,48.11,33.01,False
VPW-CNC-MILL-05,677,1.848,48.91,29.47,False
VPW-CNC-MILL-05,678,1.808,47.76,24.37,False
VPW-CNC-MILL-05,679,1.868,48.92,38.1,False
VPW-CNC-MILL-05,680,1.833,48.79,24.21,False
VPW-CNC-MILL-05,681,1.788,48.91,27.46,False
VPW-CNC-MILL-05,682,2.057,49.42,27.98,False
VPW-CNC-MILL-05,683,1.908,49.79,27.73,False
VPW-CNC-MILL-05,684,1.732,47.19,21.16,False
VPW-CNC-MILL-05,685,1.848,48.25,36.81,False
VPW-CNC-MILL-05,686,1.848,46.69,18.86,False
VPW-CNC-MILL-05,687,1.836,48.2,38.63,False
VPW-CNC-MILL-05,688,2.029,47.6,31.54,False
VPW-CNC-MILL-05,689,1.96,48.49,30.17,False
VPW-CNC-MILL-05,690,2.01,49.24,30.08,False
VPW-CNC-MILL-05,691,1.836,49.3,23.96,False
VPW-CNC-MILL-05,692,1.937,48.01,37.65,False
VPW-CNC-MILL-05,693,2.057,47.57,25.09,False
VPW-CNC-MILL-05,694,2.063,48.24,40.58,False
VPW-CNC-MILL-05,695,1.86,48.33,18.68,False
VPW-CNC-MILL-05,696,2.033,47.06,24.11,False
VPW-CNC-MILL-05,697,1.918,46.76,35.68,False
VPW-CNC-MILL-05,698,1.975,49.06,24.0,False
VPW-CNC-MILL-05,699,2.198,47.21,39.56,False
VPW-CNC-MILL-05,700,1.961,47.61,19.1,False
VPW-CNC-MILL-05,701,2.167,49.39,19.61,False
VPW-CNC-MILL-05,702,1.93,48.2,27.19,False
VPW-CNC-MILL-05,703,1.918,47.51,38.23,False
VPW-CNC-MILL-05,704,1.984,46.29,32.42,False
VPW-CNC-MILL-05,705,2.156,46.7,21.82,False
VPW-CNC-MILL-05,706,2.047,47.97,42.25,False
VPW-CNC-MILL-05,707,1.934,48.26,34.16,False
VPW-CNC-MILL-05,708,1.945,49.04,31.37,False
VPW-CNC-MILL-05,709,1.792,47.91,32.52,False
VPW-CNC-MILL-05,710,1.865,48.29,25.37,False
VPW-CNC-MILL-05,711,1.882,48.0,36.8,False
VPW-CNC-MILL-05,712,1.779,48.57,26.23,False
VPW-CNC-MILL-05,713,1.861,48.74,21.18,False
VPW-CNC-MILL-05,714,1.828,47.43,45.99,False
VPW-CNC-MILL-05,715,1.762,48.72,33.83,False
VPW-CNC-MILL-05,716,1.928,47.72,29.71,False
VPW-CNC-MILL-05,717,1.839,48.18,33.84,False
VPW-CNC-MILL-05,718,1.766,47.72,21.85,False
VPW-CNC-MILL-05,719,1.628,47.31,35.35,False
VPW-HYD-PRESS-01,0,2.003,43.89,43.92,False
VPW-HYD-PRESS-01,1,1.784,43.76,43.37,False
VPW-HYD-PRESS-01,2,1.906,43.26,25.43,False
VPW-HYD-PRESS-01,3,1.858,44.57,32.54,False
VPW-HYD-PRESS-01,4,1.882,42.81,26.1,False
VPW-HYD-PRESS-01,5,2.034,42.68,44.1,False
VPW-HYD-PRESS-01,6,2.129,43.33,30.58,False
VPW-HYD-PRESS-01,7,1.978,42.98,35.32,False
VPW-HYD-PRESS-01,8,1.956,43.6,38.98,False
VPW-HYD-PRESS-01,9,2.167,43.03,18.88,False
VPW-HYD-PRESS-01,10,1.978,42.44,44.0,False
VPW-HYD-PRESS-01,11,2.039,44.48,26.68,False
VPW-HYD-PRESS-01,12,1.967,42.96,22.22,False
VPW-HYD-PRESS-01,13,2.118,44.1,43.87,False
VPW-HYD-PRESS-01,14,2.084,44.42,43.07,False
VPW-HYD-PRESS-01,15,1.946,44.27,38.47,False
VPW-HYD-PRESS-01,16,2.09,45.5,22.7,False
VPW-HYD-PRESS-01,17,2.115,43.89,42.34,False
VPW-HYD-PRESS-01,18,2.007,45.17,29.55,False
VPW-HYD-PRESS-01,19,2.181,44.31,43.53,False
VPW-HYD-PRESS-01,20,1.94,44.69,19.65,False
VPW-HYD-PRESS-01,21,2.173,43.21,35.15,False
VPW-HYD-PRESS-01,22,2.137,45.12,30.09,False
VPW-HYD-PRESS-01,23,2.196,44.56,34.21,False
VPW-HYD-PRESS-01,24,1.808,43.59,31.85,False
VPW-HYD-PRESS-01,25,2.065,43.17,28.48,False
VPW-HYD-PRESS-01,26,2.111,45.47,36.31,False
VPW-HYD-PRESS-01,27,2.09,44.79,45.42,False
VPW-HYD-PRESS-01,28,2.065,45.64,23.87,False
VPW-HYD-PRESS-01,29,1.959,44.09,38.45,False
VPW-HYD-PRESS-01,30,2.081,45.22,22.09,False
VPW-HYD-PRESS-01,31,2.1,43.08,42.44,False
VPW-HYD-PRESS-01,32,1.889,44.35,45.43,False
VPW-HYD-PRESS-01,33,1.833,44.76,41.56,False
VPW-HYD-PRESS-01,34,1.789,43.77,34.22,False
VPW-HYD-PRESS-01,35,1.966,44.45,33.93,False
VPW-HYD-PRESS-01,36,1.871,44.56,42.88,False
VPW-HYD-PRESS-01,37,1.916,44.75,41.23,False
VPW-HYD-PRESS-01,38,2.068,45.35,29.83,False
VPW-HYD-PRESS-01,39,1.86,45.26,40.53,False
VPW-HYD-PRESS-01,40,1.899,43.99,34.4,False
VPW-HYD-PRESS-01,41,1.686,45.86,19.93,False
VPW-HYD-PRESS-01,42,1.99,44.39,46.22,False
VPW-HYD-PRESS-01,43,1.843,44.8,39.74,False
VPW-HYD-PRESS-01,44,1.819,43.88,33.27,False
VPW-HYD-PRESS-01,45,1.737,43.67,45.54,False
VPW-HYD-PRESS-01,46,1.661,44.07,26.46,False
VPW-HYD-PRESS-01,47,1.663,46.41,38.52,False
VPW-HYD-PRESS-01,48,1.709,44.38,22.94,False
VPW-HYD-PRESS-01,49,1.679,45.19,46.27,False
VPW-HYD-PRESS-01,50,1.868,44.84,24.75,False
VPW-HYD-PRESS-01,51,1.61,44.8,45.21,False
VPW-HYD-PRESS-01,52,1.73,43.61,28.84,False
VPW-HYD-PRESS-01,53,1.698,44.64,35.19,False
VPW-HYD-PRESS-01,54,1.67,45.17,39.03,False
VPW-HYD-PRESS-01,55,1.725,44.11,35.8,False
VPW-HYD-PRESS-01,56,1.819,45.7,23.92,False
VPW-HYD-PRESS-01,57,1.748,44.63,44.29,False
VPW-HYD-PRESS-01,58,1.555,44.41,29.15,False
VPW-HYD-PRESS-01,59,1.713,44.28,44.89,False
VPW-HYD-PRESS-01,60,1.724,45.05,26.75,False
VPW-HYD-PRESS-01,61,1.676,44.7,31.67,False
VPW-HYD-PRESS-01,62,1.737,44.0,19.49,False
VPW-HYD-PRESS-01,63,1.764,44.31,21.44,False
VPW-HYD-PRESS-01,64,1.8,44.77,36.99,False
VPW-HYD-PRESS-01,65,1.938,43.48,37.41,False
VPW-HYD-PRESS-01,66,1.68,43.98,28.42,False
VPW-HYD-PRESS-01,67,1.802,43.3,35.14,False
VPW-HYD-PRESS-01,68,1.691,44.02,18.82,False
VPW-HYD-PRESS-01,69,1.828,43.51,39.68,False
VPW-HYD-PRESS-01,70,1.938,44.72,23.52,False
VPW-HYD-PRESS-01,71,1.803,43.39,21.41,False
VPW-HYD-PRESS-01,72,1.96,44.61,24.43,False
VPW-HYD-PRESS-01,73,1.987,44.02,36.32,False
VPW-HYD-PRESS-01,74,1.924,43.33,23.93,False
VPW-HYD-PRESS-01,75,1.905,43.28,40.53,False
VPW-HYD-PRESS-01,76,1.954,42.85,42.53,False
VPW-HYD-PRESS-01,77,2.05,43.18,26.3,False
VPW-HYD-PRESS-01,78,1.807,43.0,27.74,False
VPW-HYD-PRESS-01,79,2.062,41.81,31.43,False
VPW-HYD-PRESS-01,80,1.9,41.7,21.15,False
VPW-HYD-PRESS-01,81,2.106,43.93,28.59,False
VPW-HYD-PRESS-01,82,2.059,43.38,41.86,False
VPW-HYD-PRESS-01,83,2.097,42.25,23.88,False
VPW-HYD-PRESS-01,84,2.054,42.22,36.24,False
VPW-HYD-PRESS-01,85,2.113,41.9,41.88,False
VPW-HYD-PRESS-01,86,2.022,43.07,31.61,False
VPW-HYD-PRESS-01,87,2.132,42.09,39.24,False
VPW-HYD-PRESS-01,88,2.202,43.57,19.79,False
VPW-HYD-PRESS-01,89,2.161,42.66,20.0,False
VPW-HYD-PRESS-01,90,2.189,42.28,42.45,False
VPW-HYD-PRESS-01,91,2.082,42.47,38.87,False
VPW-HYD-PRESS-01,92,2.108,42.44,32.66,False
VPW-HYD-PRESS-01,93,2.121,42.29,42.29,False
VPW-HYD-PRESS-01,94,2.149,43.11,26.69,False
VPW-HYD-PRESS-01,95,2.044,43.88,39.88,False
VPW-HYD-PRESS-01,96,2.175,42.66,26.61,False
VPW-HYD-PRESS-01,97,2.094,41.55,36.12,False
VPW-HYD-PRESS-01,98,2.204,42.59,28.65,False
VPW-HYD-PRESS-01,99,2.127,43.67,27.94,False
VPW-HYD-PRESS-01,100,2.089,42.72,41.9,False
VPW-HYD-PRESS-01,101,2.254,41.38,20.1,False
VPW-HYD-PRESS-01,102,2.13,42.34,21.24,False
VPW-HYD-PRESS-01,103,2.089,41.69,33.68,False
VPW-HYD-PRESS-01,104,2.017,42.69,32.27,False
VPW-HYD-PRESS-01,105,2.145,41.31,42.06,False
VPW-HYD-PRESS-01,106,1.801,41.77,34.48,False
VPW-HYD-PRESS-01,107,2.038,43.14,35.31,False
VPW-HYD-PRESS-01,108,1.911,42.12,37.44,False
VPW-HYD-PRESS-01,109,1.925,42.65,30.38,False
VPW-HYD-PRESS-01,110,1.833,41.53,39.27,False
VPW-HYD-PRESS-01,111,2.029,43.33,22.74,False
VPW-HYD-PRESS-01,112,1.851,42.05,24.31,False
VPW-HYD-PRESS-01,113,1.886,41.76,40.47,False
VPW-HYD-PRESS-01,114,1.896,40.85,42.4,False
VPW-HYD-PRESS-01,115,1.857,41.25,26.15,False
VPW-HYD-PRESS-01,116,1.979,41.66,28.41,False
VPW-HYD-PRESS-01,117,1.824,42.44,33.41,False
VPW-HYD-PRESS-01,118,1.863,41.57,20.63,False
VPW-HYD-PRESS-01,119,1.813,42.48,30.33,False
VPW-HYD-PRESS-01,120,1.778,40.67,18.37,False
VPW-HYD-PRESS-01,121,1.989,41.06,38.06,False
VPW-HYD-PRESS-01,122,1.683,40.42,42.0,False
VPW-HYD-PRESS-01,123,1.787,42.03,44.96,False
VPW-HYD-PRESS-01,124,1.718,43.05,22.03,False
VPW-HYD-PRESS-01,125,1.882,41.27,40.87,False
VPW-HYD-PRESS-01,126,1.631,41.72,38.47,False
VPW-HYD-PRESS-01,127,1.698,41.99,43.95,False
VPW-HYD-PRESS-01,128,1.484,43.26,41.0,False
VPW-HYD-PRESS-01,129,1.679,42.07,37.68,False
VPW-HYD-PRESS-01,130,1.565,42.39,35.19,False
VPW-HYD-PRESS-01,131,1.55,42.72,38.8,False
VPW-HYD-PRESS-01,132,1.748,41.75,33.65,False
VPW-HYD-PRESS-01,133,1.631,42.17,24.33,False
VPW-HYD-PRESS-01,134,1.74,41.94,42.22,False
VPW-HYD-PRESS-01,135,1.79,42.11,29.41,False
VPW-HYD-PRESS-01,136,1.629,42.86,42.5,False
VPW-HYD-PRESS-01,137,1.68,43.81,38.21,False
VPW-HYD-PRESS-01,138,1.724,44.73,41.95,False
VPW-HYD-PRESS-01,139,1.659,42.37,25.58,False
VPW-HYD-PRESS-01,140,1.709,42.78,44.82,False
VPW-HYD-PRESS-01,141,1.787,43.42,26.04,False
VPW-HYD-PRESS-01,142,1.805,41.06,23.71,False
VPW-HYD-PRESS-01,143,1.721,42.83,38.08,False
VPW-HYD-PRESS-01,144,1.75,42.8,34.27,False
VPW-HYD-PRESS-01,145,1.864,43.42,20.53,False
VPW-HYD-PRESS-01,146,1.876,43.13,35.0,False
VPW-HYD-PRESS-01,147,1.981,44.08,27.99,False
VPW-HYD-PRESS-01,148,1.781,43.19,31.94,False
VPW-HYD-PRESS-01,149,1.952,44.73,28.69,False
VPW-HYD-PRESS-01,150,1.877,44.04,42.42,False
VPW-HYD-PRESS-01,151,1.776,43.13,39.6,False
VPW-HYD-PRESS-01,152,1.933,44.51,34.51,False
VPW-HYD-PRESS-01,153,1.932,42.68,41.29,False
VPW-HYD-PRESS-01,154,1.994,44.13,46.28,False
VPW-HYD-PRESS-01,155,2.092,43.57,32.14,False
VPW-HYD-PRESS-01,156,2.139,43.56,20.45,False
VPW-HYD-PRESS-01,157,1.952,42.51,21.16,False
VPW-HYD-PRESS-01,158,1.945,44.08,33.34,False
VPW-HYD-PRESS-01,159,2.069,43.58,18.82,False
VPW-HYD-PRESS-01,160,2.158,43.9,23.58,False
VPW-HYD-PRESS-01,161,2.058,45.11,22.36,False
VPW-HYD-PRESS-01,162,2.054,43.54,40.96,False
VPW-HYD-PRESS-01,163,2.128,44.38,20.15,False
VPW-HYD-PRESS-01,164,2.227,43.37,24.94,False
VPW-HYD-PRESS-01,165,2.121,45.09,39.1,False
VPW-HYD-PRESS-01,166,2.071,43.84,23.85,False
VPW-HYD-PRESS-01,167,2.349,44.26,22.54,False
VPW-HYD-PRESS-01,168,2.295,43.7,38.82,False
VPW-HYD-PRESS-01,169,2.233,45.14,43.96,False
VPW-HYD-PRESS-01,170,2.168,45.17,44.29,False
VPW-HYD-PRESS-01,171,2.037,44.22,45.52,False
VPW-HYD-PRESS-01,172,2.229,45.57,41.47,False
VPW-HYD-PRESS-01,173,2.06,44.99,39.89,False
VPW-HYD-PRESS-01,174,2.119,43.21,33.09,False
VPW-HYD-PRESS-01,175,2.189,44.5,44.5,False
VPW-HYD-PRESS-01,176,2.219,45.2,36.76,False
VPW-HYD-PRESS-01,177,2.077,44.51,20.06,False
VPW-HYD-PRESS-01,178,2.095,44.78,45.45,False
VPW-HYD-PRESS-01,179,2.053,45.99,43.33,False
VPW-HYD-PRESS-01,180,2.061,45.09,40.35,False
VPW-HYD-PRESS-01,181,2.084,44.43,17.6,False
VPW-HYD-PRESS-01,182,2.145,44.0,27.69,False
VPW-HYD-PRESS-01,183,2.001,44.57,42.23,False
VPW-HYD-PRESS-01,184,2.132,44.76,38.78,False
VPW-HYD-PRESS-01,185,2.074,45.41,26.82,False
VPW-HYD-PRESS-01,186,2.039,45.95,19.4,False
VPW-HYD-PRESS-01,187,1.931,45.7,28.91,False
VPW-HYD-PRESS-01,188,1.856,44.55,20.13,False
VPW-HYD-PRESS-01,189,1.845,45.08,44.39,False
VPW-HYD-PRESS-01,190,1.985,45.25,30.38,False
VPW-HYD-PRESS-01,191,2.055,45.67,23.05,False
VPW-HYD-PRESS-01,192,1.848,44.91,34.3,False
VPW-HYD-PRESS-01,193,1.914,46.88,25.47,False
VPW-HYD-PRESS-01,194,1.792,45.84,45.27,False
VPW-HYD-PRESS-01,195,1.911,46.11,19.32,False
VPW-HYD-PRESS-01,196,1.775,46.11,20.29,False
VPW-HYD-PRESS-01,197,1.899,44.48,44.45,False
VPW-HYD-PRESS-01,198,1.764,46.86,27.06,False
VPW-HYD-PRESS-01,199,1.87,45.11,18.79,False
VPW-HYD-PRESS-01,200,1.659,44.08,30.92,False
VPW-HYD-PRESS-01,201,1.839,45.72,23.7,False
VPW-HYD-PRESS-01,202,1.79,45.2,44.5,False
VPW-HYD-PRESS-01,203,1.759,45.44,35.52,False
VPW-HYD-PRESS-01,204,1.773,44.2,37.78,False
VPW-HYD-PRESS-01,205,1.783,45.26,30.37,False
VPW-HYD-PRESS-01,206,1.758,45.23,25.94,False
VPW-HYD-PRESS-01,207,1.8,43.82,39.57,False
VPW-HYD-PRESS-01,208,1.764,46.0,22.78,False
VPW-HYD-PRESS-01,209,1.653,43.58,38.57,False
VPW-HYD-PRESS-01,210,1.841,43.93,31.53,False
VPW-HYD-PRESS-01,211,1.661,44.93,34.84,False
VPW-HYD-PRESS-01,212,1.591,45.66,27.2,False
VPW-HYD-PRESS-01,213,1.794,43.43,21.23,False
VPW-HYD-PRESS-01,214,1.906,43.67,45.09,False
VPW-HYD-PRESS-01,215,1.91,41.84,29.08,False
VPW-HYD-PRESS-01,216,1.637,44.98,35.01,False
VPW-HYD-PRESS-01,217,1.754,45.3,18.84,False
VPW-HYD-PRESS-01,218,1.879,44.26,28.31,False
VPW-HYD-PRESS-01,219,1.87,44.07,36.22,False
VPW-HYD-PRESS-01,220,1.857,43.7,45.72,False
VPW-HYD-PRESS-01,221,1.896,43.98,32.95,False
VPW-HYD-PRESS-01,222,1.971,43.57,44.81,False
VPW-HYD-PRESS-01,223,1.998,44.37,31.11,False
VPW-HYD-PRESS-01,224,1.891,44.55,29.47,False
VPW-HYD-PRESS-01,225,1.83,43.86,36.86,False
VPW-HYD-PRESS-01,226,1.93,44.06,42.2,False
VPW-HYD-PRESS-01,227,2.032,44.1,27.49,False
VPW-HYD-PRESS-01,228,1.971,44.03,41.91,False
VPW-HYD-PRESS-01,229,2.132,43.42,23.8,False
VPW-HYD-PRESS-01,230,1.993,44.99,40.72,False
VPW-HYD-PRESS-01,231,1.915,43.38,23.32,False
VPW-HYD-PRESS-01,232,2.037,43.6,41.46,False
VPW-HYD-PRESS-01,233,2.094,42.81,38.24,False
VPW-HYD-PRESS-01,234,2.311,43.39,23.88,False
VPW-HYD-PRESS-01,235,2.004,42.93,33.6,False
VPW-HYD-PRESS-01,236,2.076,44.06,34.34,False
VPW-HYD-PRESS-01,237,2.126,44.37,41.2,False
VPW-HYD-PRESS-01,238,2.116,44.3,41.09,False
VPW-HYD-PRESS-01,239,2.221,43.02,21.32,False
VPW-HYD-PRESS-01,240,2.162,43.41,18.43,False
VPW-HYD-PRESS-01,241,2.302,44.0,27.22,False
VPW-HYD-PRESS-01,242,2.08,42.24,40.67,False
VPW-HYD-PRESS-01,243,2.068,42.69,36.96,False
VPW-HYD-PRESS-01,244,2.285,41.89,27.45,False
VPW-HYD-PRESS-01,245,2.187,41.85,19.47,False
VPW-HYD-PRESS-01,246,2.171,42.75,26.89,False
VPW-HYD-PRESS-01,247,2.072,43.27,42.32,False
VPW-HYD-PRESS-01,248,2.166,43.5,37.11,False
VPW-HYD-PRESS-01,249,2.13,42.9,37.4,False
VPW-HYD-PRESS-01,250,2.174,43.55,41.92,False
VPW-HYD-PRESS-01,251,2.063,43.67,17.63,False
VPW-HYD-PRESS-01,252,2.168,42.51,17.86,False
VPW-HYD-PRESS-01,253,2.195,41.27,27.63,False
VPW-HYD-PRESS-01,254,2.073,41.68,35.38,False
VPW-HYD-PRESS-01,255,2.153,43.26,20.89,False
VPW-HYD-PRESS-01,256,2.262,42.57,30.14,False
VPW-HYD-PRESS-01,257,2.185,42.78,26.76,False
VPW-HYD-PRESS-01,258,2.003,43.64,32.93,False
VPW-HYD-PRESS-01,259,1.963,41.19,32.12,False
VPW-HYD-PRESS-01,260,1.948,41.43,37.67,False
VPW-HYD-PRESS-01,261,1.994,42.66,28.97,False
VPW-HYD-PRESS-01,262,2.055,41.71,41.22,False
VPW-HYD-PRESS-01,263,2.07,43.26,25.4,False
VPW-HYD-PRESS-01,264,1.902,41.82,27.98,False
VPW-HYD-PRESS-01,265,1.924,42.17,26.05,False
VPW-HYD-PRESS-01,266,1.884,43.47,30.04,False
VPW-HYD-PRESS-01,267,1.982,42.38,39.47,False
VPW-HYD-PRESS-01,268,1.801,41.76,21.6,False
VPW-HYD-PRESS-01,269,1.9,43.21,43.96,False
VPW-HYD-PRESS-01,270,1.763,43.18,43.6,False
VPW-HYD-PRESS-01,271,1.975,42.2,45.23,False
VPW-HYD-PRESS-01,272,1.869,42.77,34.21,False
VPW-HYD-PRESS-01,273,1.799,41.74,37.5,False
VPW-HYD-PRESS-01,274,1.904,42.07,45.84,False
VPW-HYD-PRESS-01,275,1.83,42.84,23.52,False
VPW-HYD-PRESS-01,276,1.73,42.45,46.14,False
VPW-HYD-PRESS-01,277,1.845,42.79,27.25,False
VPW-HYD-PRESS-01,278,1.78,42.39,33.8,False
VPW-HYD-PRESS-01,279,1.821,41.59,18.04,False
VPW-HYD-PRESS-01,280,1.778,41.72,18.03,False
VPW-HYD-PRESS-01,281,1.865,41.31,28.37,False
VPW-HYD-PRESS-01,282,1.865,42.48,42.98,False
VPW-HYD-PRESS-01,283,1.64,42.14,29.62,False
VPW-HYD-PRESS-01,284,1.761,41.85,42.66,False
VPW-HYD-PRESS-01,285,1.707,42.97,18.39,False
VPW-HYD-PRESS-01,286,1.729,43.67,45.25,False
VPW-HYD-PRESS-01,287,1.849,43.61,22.54,False
VPW-HYD-PRESS-01,288,1.632,43.64,37.1,False
VPW-HYD-PRESS-01,289,1.575,43.32,26.88,False
VPW-HYD-PRESS-01,290,1.867,44.27,43.91,False
VPW-HYD-PRESS-01,291,1.956,44.2,31.11,False
VPW-HYD-PRESS-01,292,1.735,42.94,42.93,False
VPW-HYD-PRESS-01,293,1.966,43.76,18.21,False
VPW-HYD-PRESS-01,294,1.945,43.01,21.58,False
VPW-HYD-PRESS-01,295,1.84,43.79,26.37,False
VPW-HYD-PRESS-01,296,1.807,45.54,22.72,False
VPW-HYD-PRESS-01,297,1.963,44.07,24.27,False
VPW-HYD-PRESS-01,298,2.005,43.26,18.44,False
VPW-HYD-PRESS-01,299,1.921,44.19,36.64,False
VPW-HYD-PRESS-01,300,2.006,44.48,29.66,False
VPW-HYD-PRESS-01,301,1.884,44.6,26.98,False
VPW-HYD-PRESS-01,302,2.056,44.4,44.18,False
VPW-HYD-PRESS-01,303,2.073,42.65,28.0,False
VPW-HYD-PRESS-01,304,2.125,44.04,40.97,False
VPW-HYD-PRESS-01,305,2.165,45.63,35.42,False
VPW-HYD-PRESS-01,306,2.191,44.64,41.09,False
VPW-HYD-PRESS-01,307,2.184,45.0,34.87,False
VPW-HYD-PRESS-01,308,2.346,44.17,25.82,False
VPW-HYD-PRESS-01,309,2.125,42.8,36.18,False
VPW-HYD-PRESS-01,310,2.222,43.49,34.53,False
VPW-HYD-PRESS-01,311,2.148,46.64,22.75,False
VPW-HYD-PRESS-01,312,2.006,44.89,27.09,False
VPW-HYD-PRESS-01,313,2.113,44.87,35.96,False
VPW-HYD-PRESS-01,314,2.084,44.96,25.77,False
VPW-HYD-PRESS-01,315,2.187,44.59,38.33,False
VPW-HYD-PRESS-01,316,2.239,44.28,28.67,False
VPW-HYD-PRESS-01,317,2.223,43.91,29.68,False
VPW-HYD-PRESS-01,318,2.113,45.0,28.04,False
VPW-HYD-PRESS-01,319,2.461,44.59,44.66,False
VPW-HYD-PRESS-01,320,2.274,44.3,40.03,False
VPW-HYD-PRESS-01,321,2.327,44.61,26.24,False
VPW-HYD-PRESS-01,322,2.328,46.76,24.8,False
VPW-HYD-PRESS-01,323,2.045,46.53,30.73,False
VPW-HYD-PRESS-01,324,2.278,44.47,28.66,False
VPW-HYD-PRESS-01,325,2.169,45.23,40.51,False
VPW-HYD-PRESS-01,326,2.168,45.46,29.59,False
VPW-HYD-PRESS-01,327,2.215,46.13,20.75,False
VPW-HYD-PRESS-01,328,2.278,45.22,38.87,False
VPW-HYD-PRESS-01,329,2.373,45.19,33.23,False
VPW-HYD-PRESS-01,330,2.201,45.49,29.35,False
VPW-HYD-PRESS-01,331,2.088,45.75,32.42,False
VPW-HYD-PRESS-01,332,2.058,44.61,40.14,False
VPW-HYD-PRESS-01,333,2.088,46.29,45.07,False
VPW-HYD-PRESS-01,334,1.745,45.39,23.6,False
VPW-HYD-PRESS-01,335,2.176,45.67,35.61,False
VPW-HYD-PRESS-01,336,2.003,45.99,41.25,False
VPW-HYD-PRESS-01,337,1.924,45.33,37.43,False
VPW-HYD-PRESS-01,338,1.884,45.8,41.13,False
VPW-HYD-PRESS-01,339,1.825,44.42,26.37,False
VPW-HYD-PRESS-01,340,2.068,44.7,26.71,False
VPW-HYD-PRESS-01,341,2.118,45.7,22.43,False
VPW-HYD-PRESS-01,342,1.975,45.22,34.02,False
VPW-HYD-PRESS-01,343,1.989,45.92,33.68,False
VPW-HYD-PRESS-01,344,1.917,47.0,28.39,False
VPW-HYD-PRESS-01,345,1.979,45.89,29.61,False
VPW-HYD-PRESS-01,346,1.865,47.06,37.47,False
VPW-HYD-PRESS-01,347,1.97,46.86,32.92,False
VPW-HYD-PRESS-01,348,1.9,46.31,40.25,False
VPW-HYD-PRESS-01,349,1.872,45.65,24.19,False
VPW-HYD-PRESS-01,350,1.784,47.23,22.67,False
VPW-HYD-PRESS-01,351,1.871,46.17,31.0,False
VPW-HYD-PRESS-01,352,1.833,44.56,27.72,False
VPW-HYD-PRESS-01,353,1.684,45.75,37.66,False
VPW-HYD-PRESS-01,354,1.854,45.44,22.52,False
VPW-HYD-PRESS-01,355,1.759,45.76,22.13,False
VPW-HYD-PRESS-01,356,1.892,46.36,28.66,False
VPW-HYD-PRESS-01,357,1.679,45.1,28.85,False
VPW-HYD-PRESS-01,358,1.976,45.89,23.31,False
VPW-HYD-PRESS-01,359,1.704,45.68,36.4,False
VPW-HYD-PRESS-01,360,1.838,46.13,40.88,False
VPW-HYD-PRESS-01,361,1.72,46.23,42.58,False
VPW-HYD-PRESS-01,362,1.821,44.89,37.13,False
VPW-HYD-PRESS-01,363,1.976,46.28,39.16,False
VPW-HYD-PRESS-01,364,2.003,45.02,33.26,False
VPW-HYD-PRESS-01,365,1.841,44.79,20.79,False
VPW-HYD-PRESS-01,366,1.746,45.23,25.79,False
VPW-HYD-PRESS-01,367,1.702,45.07,19.6,False
VPW-HYD-PRESS-01,368,1.913,45.41,31.89,False
VPW-HYD-PRESS-01,369,1.883,43.2,38.47,False
VPW-HYD-PRESS-01,370,1.778,44.96,32.59,False
VPW-HYD-PRESS-01,371,1.908,44.66,28.48,False
VPW-HYD-PRESS-01,372,1.88,44.77,38.35,False
VPW-HYD-PRESS-01,373,1.935,44.13,41.9,False
VPW-HYD-PRESS-01,374,2.0,44.16,35.3,False
VPW-HYD-PRESS-01,375,1.92,45.06,42.61,False
VPW-HYD-PRESS-01,376,2.02,44.5,30.16,False
VPW-HYD-PRESS-01,377,2.071,44.21,35.71,False
VPW-HYD-PRESS-01,378,1.994,43.64,44.55,False
VPW-HYD-PRESS-01,379,1.939,45.08,38.46,False
VPW-HYD-PRESS-01,380,2.037,43.63,40.64,False
VPW-HYD-PRESS-01,381,2.121,44.87,20.66,False
VPW-HYD-PRESS-01,382,2.068,43.72,28.51,False
VPW-HYD-PRESS-01,383,2.229,42.27,30.92,False
VPW-HYD-PRESS-01,384,2.16,45.25,25.45,False
VPW-HYD-PRESS-01,385,2.062,43.78,21.21,False
VPW-HYD-PRESS-01,386,2.176,44.16,36.62,False
VPW-HYD-PRESS-01,387,2.182,43.46,23.25,False
VPW-HYD-PRESS-01,388,2.315,41.94,45.65,False
VPW-HYD-PRESS-01,389,2.108,43.36,40.14,False
VPW-HYD-PRESS-01,390,2.105,41.95,20.82,False
VPW-HYD-PRESS-01,391,2.209,43.37,30.37,False
VPW-HYD-PRESS-01,392,2.123,42.44,25.2,False
VPW-HYD-PRESS-01,393,2.323,43.43,41.87,False
VPW-HYD-PRESS-01,394,2.277,42.84,25.74,False
VPW-HYD-PRESS-01,395,2.224,43.74,31.21,False
VPW-HYD-PRESS-01,396,2.058,42.71,25.44,False
VPW-HYD-PRESS-01,397,2.216,42.99,32.48,False
VPW-HYD-PRESS-01,398,2.096,43.3,24.82,False
VPW-HYD-PRESS-01,399,2.273,43.62,21.79,False
VPW-HYD-PRESS-01,400,2.286,42.92,18.65,False
VPW-HYD-PRESS-01,401,2.156,42.91,45.54,False
VPW-HYD-PRESS-01,402,2.193,43.18,45.86,False
VPW-HYD-PRESS-01,403,2.133,42.81,40.14,False
VPW-HYD-PRESS-01,404,2.118,43.58,46.26,False
VPW-HYD-PRESS-01,405,2.28,42.0,25.08,False
VPW-HYD-PRESS-01,406,2.262,42.93,36.4,False
VPW-HYD-PRESS-01,407,2.231,41.55,33.91,False
VPW-HYD-PRESS-01,408,2.137,42.98,24.89,False
VPW-HYD-PRESS-01,409,2.139,43.13,39.43,False
VPW-HYD-PRESS-01,410,2.217,42.76,25.52,False
VPW-HYD-PRESS-01,411,2.093,43.22,44.75,False
VPW-HYD-PRESS-01,412,2.154,43.08,38.31,False
VPW-HYD-PRESS-01,413,2.15,42.45,24.74,False
VPW-HYD-PRESS-01,414,2.116,43.33,44.73,False
VPW-HYD-PRESS-01,415,2.066,42.2,38.41,False
VPW-HYD-PRESS-01,416,1.913,42.36,32.53,False
VPW-HYD-PRESS-01,417,1.993,42.38,25.13,False
VPW-HYD-PRESS-01,418,1.999,41.91,19.06,False
VPW-HYD-PRESS-01,419,1.979,42.65,22.71,False
VPW-HYD-PRESS-01,420,1.719,41.68,38.69,False
VPW-HYD-PRESS-01,421,1.963,42.57,33.83,False
VPW-HYD-PRESS-01,422,1.945,42.35,41.06,False
VPW-HYD-PRESS-01,423,1.91,41.69,34.17,False
VPW-HYD-PRESS-01,424,1.9,44.44,42.23,False
VPW-HYD-PRESS-01,425,2.011,41.24,28.96,False
VPW-HYD-PRESS-01,426,1.667,42.43,40.36,False
VPW-HYD-PRESS-01,427,1.867,44.48,24.32,False
VPW-HYD-PRESS-01,428,2.072,42.85,33.08,False
VPW-HYD-PRESS-01,429,1.802,43.12,44.75,False
VPW-HYD-PRESS-01,430,1.885,43.21,36.23,False
VPW-HYD-PRESS-01,431,1.925,42.76,46.07,False
VPW-HYD-PRESS-01,432,1.731,42.81,41.55,False
VPW-HYD-PRESS-01,433,1.866,44.97,34.88,False
VPW-HYD-PRESS-01,434,1.631,43.36,35.57,False
VPW-HYD-PRESS-01,435,1.808,42.96,38.98,False
VPW-HYD-PRESS-01,436,1.74,43.37,35.96,False
VPW-HYD-PRESS-01,437,1.882,42.59,31.15,False
VPW-HYD-PRESS-01,438,2.013,43.38,39.36,False
VPW-HYD-PRESS-01,439,2.001,43.39,39.79,False
VPW-HYD-PRESS-01,440,1.885,42.23,25.18,False
VPW-HYD-PRESS-01,441,1.751,44.56,28.46,False
VPW-HYD-PRESS-01,442,1.903,42.05,27.14,False
VPW-HYD-PRESS-01,443,1.894,44.24,42.41,False
VPW-HYD-PRESS-01,444,1.824,43.98,31.79,False
VPW-HYD-PRESS-01,445,1.98,44.04,26.03,False
VPW-HYD-PRESS-01,446,1.911,44.08,43.22,False
VPW-HYD-PRESS-01,447,1.941,44.93,25.16,False
VPW-HYD-PRESS-01,448,1.975,44.84,37.89,False
VPW-HYD-PRESS-01,449,1.814,44.92,32.38,False
VPW-HYD-PRESS-01,450,1.955,44.68,42.67,False
VPW-HYD-PRESS-01,451,1.975,45.06,29.21,False
VPW-HYD-PRESS-01,452,1.991,44.73,28.45,False
VPW-HYD-PRESS-01,453,2.024,46.04,23.09,False
VPW-HYD-PRESS-01,454,2.11,44.5,29.6,False
VPW-HYD-PRESS-01,455,2.204,43.48,31.62,False
VPW-HYD-PRESS-01,456,2.179,45.4,21.56,False
VPW-HYD-PRESS-01,457,2.188,45.92,36.99,False
VPW-HYD-PRESS-01,458,2.155,44.99,30.51,False
VPW-HYD-PRESS-01,459,2.225,44.76,41.31,False
VPW-HYD-PRESS-01,460,2.282,46.46,44.61,False
VPW-HYD-PRESS-01,461,2.252,44.56,21.63,False
VPW-HYD-PRESS-01,462,2.043,44.45,25.89,False
VPW-HYD-PRESS-01,463,2.213,44.43,39.14,False
VPW-HYD-PRESS-01,464,2.205,44.5,22.14,False
VPW-HYD-PRESS-01,465,2.097,46.06,25.58,False
VPW-HYD-PRESS-01,466,2.323,44.64,19.26,False
VPW-HYD-PRESS-01,467,2.273,46.38,21.06,False
VPW-HYD-PRESS-01,468,2.225,45.68,31.48,False
VPW-HYD-PRESS-01,469,2.134,46.37,32.32,False
VPW-HYD-PRESS-01,470,2.139,45.41,33.61,False
VPW-HYD-PRESS-01,471,2.476,45.55,29.06,False
VPW-HYD-PRESS-01,472,2.19,44.83,37.5,False
VPW-HYD-PRESS-01,473,2.238,45.67,38.44,False
VPW-HYD-PRESS-01,474,2.188,45.9,32.99,False
VPW-HYD-PRESS-01,475,2.145,47.4,41.44,False
VPW-HYD-PRESS-01,476,2.202,45.97,26.96,False
VPW-HYD-PRESS-01,477,2.435,45.77,36.74,False
VPW-HYD-PRESS-01,478,2.383,45.43,26.67,False
VPW-HYD-PRESS-01,479,2.071,45.53,43.54,False
VPW-HYD-PRESS-01,480,2.183,45.87,34.79,False
VPW-HYD-PRESS-01,481,2.32,46.21,39.55,False
VPW-HYD-PRESS-01,482,2.31,45.4,33.7,False
VPW-HYD-PRESS-01,483,2.13,45.53,37.86,False
VPW-HYD-PRESS-01,484,1.965,45.14,40.49,False
VPW-HYD-PRESS-01,485,2.14,45.66,23.38,False
VPW-HYD-PRESS-01,486,2.062,47.64,39.55,False
VPW-HYD-PRESS-01,487,2.224,45.64,26.27,False
VPW-HYD-PRESS-01,488,1.998,44.84,23.05,False
VPW-HYD-PRESS-01,489,1.988,45.32,21.06,False
VPW-HYD-PRESS-01,490,2.139,45.5,40.41,False
VPW-HYD-PRESS-01,491,1.859,46.92,26.83,False
VPW-HYD-PRESS-01,492,2.14,44.97,35.61,False
VPW-HYD-PRESS-01,493,1.869,46.75,32.41,False
VPW-HYD-PRESS-01,494,2.034,45.99,36.03,False
VPW-HYD-PRESS-01,495,1.905,45.99,29.68,False
VPW-HYD-PRESS-01,496,1.814,47.21,19.88,False
VPW-HYD-PRESS-01,497,1.975,45.13,24.47,False
VPW-HYD-PRESS-01,498,1.958,44.75,18.39,False
VPW-HYD-PRESS-01,499,1.867,46.33,44.7,False
VPW-HYD-PRESS-01,500,1.837,45.2,26.34,False
VPW-HYD-PRESS-01,501,1.857,45.69,42.22,False
VPW-HYD-PRESS-01,502,1.794,46.07,18.35,False
VPW-HYD-PRESS-01,503,1.888,46.75,36.19,False
VPW-HYD-PRESS-01,504,1.932,46.11,46.14,False
VPW-HYD-PRESS-01,505,1.915,46.8,22.32,False
VPW-HYD-PRESS-01,506,1.902,44.83,27.46,False
VPW-HYD-PRESS-01,507,1.915,45.61,19.17,False
VPW-HYD-PRESS-01,508,1.953,46.37,21.59,False
VPW-HYD-PRESS-01,509,1.911,44.01,42.65,False
VPW-HYD-PRESS-01,510,1.815,47.18,44.53,False
VPW-HYD-PRESS-01,511,1.859,45.79,27.72,False
VPW-HYD-PRESS-01,512,1.978,45.75,39.23,False
VPW-HYD-PRESS-01,513,1.816,45.85,23.64,False
VPW-HYD-PRESS-01,514,1.974,44.17,18.97,False
VPW-HYD-PRESS-01,515,1.803,46.31,19.85,False
VPW-HYD-PRESS-01,516,2.004,44.55,23.18,False
VPW-HYD-PRESS-01,517,2.028,45.77,26.51,False
VPW-HYD-PRESS-01,518,1.85,45.74,35.45,False
VPW-HYD-PRESS-01,519,1.801,44.31,43.51,False
VPW-HYD-PRESS-01,520,1.82,44.36,28.21,False
VPW-HYD-PRESS-01,521,1.956,44.92,43.5,False
VPW-HYD-PRESS-01,522,2.021,44.94,29.51,False
VPW-HYD-PRESS-01,523,2.03,45.63,43.21,False
VPW-HYD-PRESS-01,524,1.752,45.33,23.83,False
VPW-HYD-PRESS-01,525,2.016,45.92,39.74,False
VPW-HYD-PRESS-01,526,1.984,44.3,32.56,False
VPW-HYD-PRESS-01,527,2.182,45.36,37.63,False
VPW-HYD-PRESS-01,528,2.118,45.05,35.4,False
VPW-HYD-PRESS-01,529,2.118,43.71,39.21,False
VPW-HYD-PRESS-01,530,2.008,44.5,25.07,False
VPW-HYD-PRESS-01,531,2.222,44.31,23.46,False
VPW-HYD-PRESS-01,532,2.115,44.46,19.43,False
VPW-HYD-PRESS-01,533,2.425,45.61,22.44,False
VPW-HYD-PRESS-01,534,2.024,45.02,43.88,False
VPW-HYD-PRESS-01,535,2.139,44.68,21.38,False
VPW-HYD-PRESS-01,536,2.291,43.99,32.64,False
VPW-HYD-PRESS-01,537,2.172,44.83,35.4,False
VPW-HYD-PRESS-01,538,2.162,44.19,33.85,False
VPW-HYD-PRESS-01,539,2.137,43.87,33.75,False
VPW-HYD-PRESS-01,540,2.134,44.15,40.56,False
VPW-HYD-PRESS-01,541,2.143,44.67,20.07,False
VPW-HYD-PRESS-01,542,2.173,42.86,33.7,False
VPW-HYD-PRESS-01,543,2.224,44.39,26.62,False
VPW-HYD-PRESS-01,544,2.187,43.92,42.82,False
VPW-HYD-PRESS-01,545,2.353,43.96,42.67,False
VPW-HYD-PRESS-01,546,2.262,45.0,33.42,False
VPW-HYD-PRESS-01,547,2.297,42.24,31.33,False
VPW-HYD-PRESS-01,548,2.388,44.26,39.42,False
VPW-HYD-PRESS-01,549,2.268,44.51,40.21,False
VPW-HYD-PRESS-01,550,2.197,44.13,39.83,False
VPW-HYD-PRESS-01,551,2.382,43.76,21.3,False
VPW-HYD-PRESS-01,552,2.315,43.06,31.46,False
VPW-HYD-PRESS-01,553,2.171,43.08,20.52,False
VPW-HYD-PRESS-01,554,2.274,43.89,44.22,False
VPW-HYD-PRESS-01,555,2.265,43.03,26.62,False
VPW-HYD-PRESS-01,556,2.473,42.98,40.4,False
VPW-HYD-PRESS-01,557,2.124,41.87,20.4,False
VPW-HYD-PRESS-01,558,2.11,42.49,27.31,False
VPW-HYD-PRESS-01,559,2.12,41.35,24.97,False
VPW-HYD-PRESS-01,560,2.032,44.53,35.32,False
VPW-HYD-PRESS-01,561,2.061,43.52,40.89,False
VPW-HYD-PRESS-01,562,2.034,43.3,32.06,False
VPW-HYD-PRESS-01,563,2.069,42.84,23.17,False
VPW-HYD-PRESS-01,564,2.2,43.25,43.44,False
VPW-HYD-PRESS-01,565,2.021,43.3,23.44,False
VPW-HYD-PRESS-01,566,2.038,44.0,40.16,False
VPW-HYD-PRESS-01,567,1.822,43.04,38.32,False
VPW-HYD-PRESS-01,568,2.091,42.33,43.73,False
VPW-HYD-PRESS-01,569,1.953,41.69,25.42,False
VPW-HYD-PRESS-01,570,2.063,44.58,36.54,False
VPW-HYD-PRESS-01,571,1.77,42.64,45.64,False
VPW-HYD-PRESS-01,572,2.01,42.48,44.38,False
VPW-HYD-PRESS-01,573,1.912,42.89,38.81,False
VPW-HYD-PRESS-01,574,2.08,44.09,17.19,False
VPW-HYD-PRESS-01,575,1.857,41.5,32.96,False
VPW-HYD-PRESS-01,576,2.018,44.08,19.96,False
VPW-HYD-PRESS-01,577,1.833,44.97,28.72,False
VPW-HYD-PRESS-01,578,1.858,42.92,39.85,False
VPW-HYD-PRESS-01,579,1.819,42.37,45.03,False
VPW-HYD-PRESS-01,580,1.966,43.51,21.51,False
VPW-HYD-PRESS-01,581,1.946,43.88,22.69,False
VPW-HYD-PRESS-01,582,1.94,42.85,22.65,False
VPW-HYD-PRESS-01,583,1.832,43.25,29.35,False
VPW-HYD-PRESS-01,584,1.906,44.12,25.33,False
VPW-HYD-PRESS-01,585,1.676,43.52,36.54,False
VPW-HYD-PRESS-01,586,1.952,43.46,30.25,False
VPW-HYD-PRESS-01,587,1.746,43.59,24.71,False
VPW-HYD-PRESS-01,588,1.778,43.95,21.71,False
VPW-HYD-PRESS-01,589,1.807,44.25,26.89,False
VPW-HYD-PRESS-01,590,1.969,42.73,18.04,False
VPW-HYD-PRESS-01,591,2.017,42.73,26.86,False
VPW-HYD-PRESS-01,592,2.037,43.48,19.25,False
VPW-HYD-PRESS-01,593,1.82,43.95,35.36,False
VPW-HYD-PRESS-01,594,1.962,43.05,25.12,False
VPW-HYD-PRESS-01,595,1.796,44.82,35.13,False
VPW-HYD-PRESS-01,596,2.016,44.97,36.15,False
VPW-HYD-PRESS-01,597,2.08,43.91,37.03,False
VPW-HYD-PRESS-01,598,1.949,44.76,22.92,False
VPW-HYD-PRESS-01,599,2.108,44.79,44.84,False
VPW-HYD-PRESS-01,600,1.977,43.73,24.86,False
VPW-HYD-PRESS-01,601,2.065,46.91,39.47,False
VPW-HYD-PRESS-01,602,2.07,45.0,32.12,False
VPW-HYD-PRESS-01,603,1.959,44.43,25.94,False
VPW-HYD-PRESS-01,604,2.105,45.35,27.48,False
VPW-HYD-PRESS-01,605,2.22,44.9,33.07,False
VPW-HYD-PRESS-01,606,2.031,45.23,32.8,False
VPW-HYD-PRESS-01,607,2.184,45.89,21.41,False
VPW-HYD-PRESS-01,608,2.083,46.27,44.38,False
VPW-HYD-PRESS-01,609,2.166,44.71,38.66,False
VPW-HYD-PRESS-01,610,2.375,45.87,33.3,False
VPW-HYD-PRESS-01,611,2.204,45.96,43.5,False
VPW-HYD-PRESS-01,612,2.347,45.22,39.09,False
VPW-HYD-PRESS-01,613,2.388,45.4,36.05,False
VPW-HYD-PRESS-01,614,2.338,45.32,30.63,False
VPW-HYD-PRESS-01,615,2.391,44.94,42.42,False
VPW-HYD-PRESS-01,616,2.268,46.42,26.02,False
VPW-HYD-PRESS-01,617,2.102,45.71,30.61,False
VPW-HYD-PRESS-01,618,2.349,46.09,20.55,False
VPW-HYD-PRESS-01,619,2.179,45.52,25.85,False
VPW-HYD-PRESS-01,620,2.365,46.07,25.63,False
VPW-HYD-PRESS-01,621,2.266,45.18,22.59,False
VPW-HYD-PRESS-01,622,2.66,44.53,38.72,False
VPW-HYD-PRESS-01,623,2.381,46.51,44.06,False
VPW-HYD-PRESS-01,624,2.217,47.04,29.23,False
VPW-HYD-PRESS-01,625,2.19,47.21,18.4,False
VPW-HYD-PRESS-01,626,2.241,47.04,40.45,False
VPW-HYD-PRESS-01,627,2.257,44.83,31.13,False
VPW-HYD-PRESS-01,628,2.125,45.55,43.61,False
VPW-HYD-PRESS-01,629,2.202,46.47,22.36,False
VPW-HYD-PRESS-01,630,2.18,45.99,32.84,False
VPW-HYD-PRESS-01,631,2.097,47.34,24.13,False
VPW-HYD-PRESS-01,632,2.182,46.87,33.17,False
VPW-HYD-PRESS-01,633,2.326,46.95,44.44,False
VPW-HYD-PRESS-01,634,2.075,45.26,28.74,False
VPW-HYD-PRESS-01,635,2.09,45.13,20.7,False
VPW-HYD-PRESS-01,636,2.14,46.24,37.64,False
VPW-HYD-PRESS-01,637,2.294,45.89,44.92,False
VPW-HYD-PRESS-01,638,2.283,45.95,38.43,False
VPW-HYD-PRESS-01,639,2.142,47.97,19.79,False
VPW-HYD-PRESS-01,640,2.258,47.59,25.59,False
VPW-HYD-PRESS-01,641,2.202,45.77,18.36,False
VPW-HYD-PRESS-01,642,1.935,46.25,35.71,False
VPW-HYD-PRESS-01,643,1.894,46.79,31.89,False
VPW-HYD-PRESS-01,644,2.101,45.28,24.23,False
VPW-HYD-PRESS-01,645,2.014,46.23,44.46,False
VPW-HYD-PRESS-01,646,2.03,47.44,38.68,False
VPW-HYD-PRESS-01,647,1.972,45.82,43.6,False
VPW-HYD-PRESS-01,648,1.917,47.39,31.06,False
VPW-HYD-PRESS-01,649,2.015,46.26,42.42,False
VPW-HYD-PRESS-01,650,2.056,46.9,45.31,False
VPW-HYD-PRESS-01,651,1.953,46.14,34.41,False
VPW-HYD-PRESS-01,652,1.902,47.77,26.99,False
VPW-HYD-PRESS-01,653,1.951,47.08,42.76,False
VPW-HYD-PRESS-01,654,1.775,45.61,22.72,False
VPW-HYD-PRESS-01,655,2.011,47.2,18.83,False
VPW-HYD-PRESS-01,656,1.987,46.9,35.59,False
VPW-HYD-PRESS-01,657,1.986,46.48,44.02,False
VPW-HYD-PRESS-01,658,1.945,46.24,20.03,False
VPW-HYD-PRESS-01,659,1.889,44.5,45.41,False
VPW-HYD-PRESS-01,660,1.899,45.73,18.56,False
VPW-HYD-PRESS-01,661,1.997,44.67,30.91,False
VPW-HYD-PRESS-01,662,1.996,45.95,27.3,False
VPW-HYD-PRESS-01,663,1.777,46.77,33.47,False
VPW-HYD-PRESS-01,664,1.97,45.86,28.94,False
VPW-HYD-PRESS-01,665,2.103,46.65,30.43,False
VPW-HYD-PRESS-01,666,1.804,46.19,32.38,False
VPW-HYD-PRESS-01,667,1.99,45.36,32.91,False
VPW-HYD-PRESS-01,668,1.927,46.15,21.2,False
VPW-HYD-PRESS-01,669,2.002,44.71,19.84,False
VPW-HYD-PRESS-01,670,2.036,46.23,33.99,False
VPW-HYD-PRESS-01,671,1.862,45.3,33.79,False
VPW-HYD-PRESS-01,672,2.032,44.24,25.79,False
VPW-HYD-PRESS-01,673,1.928,43.92,20.23,False
VPW-HYD-PRESS-01,674,1.964,46.67,24.36,False
VPW-HYD-PRESS-01,675,2.042,44.81,41.65,False
VPW-HYD-PRESS-01,676,1.959,45.7,33.66,False
VPW-HYD-PRESS-01,677,2.009,46.04,27.84,False
VPW-HYD-PRESS-01,678,2.311,45.0,22.02,False
VPW-HYD-PRESS-01,679,2.164,44.76,37.15,False
VPW-HYD-PRESS-01,680,2.185,44.28,32.24,False
VPW-HYD-PRESS-01,681,2.159,45.23,31.31,False
VPW-HYD-PRESS-01,682,2.148,45.89,35.72,False
VPW-HYD-PRESS-01,683,2.16,45.56,29.67,False
VPW-HYD-PRESS-01,684,2.11,43.82,24.35,False
VPW-HYD-PRESS-01,685,2.205,44.0,39.57,False
VPW-HYD-PRESS-01,686,2.313,44.75,41.29,False
VPW-HYD-PRESS-01,687,2.15,44.68,20.85,False
VPW-HYD-PRESS-01,688,2.369,44.58,20.09,False
VPW-HYD-PRESS-01,689,2.409,44.18,34.93,False
VPW-HYD-PRESS-01,690,2.331,43.75,25.18,False
VPW-HYD-PRESS-01,691,2.315,45.36,30.02,False
VPW-HYD-PRESS-01,692,2.47,45.79,40.18,False
VPW-HYD-PRESS-01,693,2.405,44.04,21.95,False
VPW-HYD-PRESS-01,694,2.35,43.64,38.3,False
VPW-HYD-PRESS-01,695,2.23,43.9,44.93,False
VPW-HYD-PRESS-01,696,2.423,44.22,34.17,False
VPW-HYD-PRESS-01,697,2.25,43.79,44.37,False
VPW-HYD-PRESS-01,698,2.394,43.88,35.96,False
VPW-HYD-PRESS-01,699,2.415,43.15,23.31,False
VPW-HYD-PRESS-01,700,2.24,43.67,18.99,False
VPW-HYD-PRESS-01,701,2.283,44.27,23.43,False
VPW-HYD-PRESS-01,702,2.326,44.56,39.66,False
VPW-HYD-PRESS-01,703,2.175,43.5,45.9,False
VPW-HYD-PRESS-01,704,2.319,43.74,22.32,False
VPW-HYD-PRESS-01,705,2.283,44.05,39.93,False
VPW-HYD-PRESS-01,706,2.361,44.93,40.16,False
VPW-HYD-PRESS-01,707,2.376,43.17,31.47,False
VPW-HYD-PRESS-01,708,2.271,43.74,28.85,False
VPW-HYD-PRESS-01,709,2.253,44.16,27.26,False
VPW-HYD-PRESS-01,710,2.375,44.95,36.84,False
VPW-HYD-PRESS-01,711,2.114,44.07,20.14,False
VPW-HYD-PRESS-01,712,2.225,44.09,33.79,False
VPW-HYD-PRESS-01,713,2.179,42.52,19.04,False
VPW-HYD-PRESS-01,714,2.257,42.36,36.33,False
VPW-HYD-PRESS-01,715,2.141,42.72,30.23,False
VPW-HYD-PRESS-01,716,2.054,44.89,30.32,False
VPW-HYD-PRESS-01,717,2.014,43.15,38.77,False
VPW-HYD-PRESS-01,718,2.022,43.77,39.08,False
VPW-HYD-PRESS-01,719,2.333,43.55,35.98,False
VPW-HYD-PRESS-02,0,1.962,44.86,19.47,False
VPW-HYD-PRESS-02,1,1.907,43.68,42.13,False
VPW-HYD-PRESS-02,2,2.086,43.06,18.4,False
VPW-HYD-PRESS-02,3,2.047,43.53,39.03,False
VPW-HYD-PRESS-02,4,2.033,44.52,32.68,False
VPW-HYD-PRESS-02,5,2.148,43.77,29.18,False
VPW-HYD-PRESS-02,6,2.149,43.77,19.19,False
VPW-HYD-PRESS-02,7,2.053,43.69,31.21,False
VPW-HYD-PRESS-02,8,2.145,43.88,29.51,False
VPW-HYD-PRESS-02,9,2.007,43.97,38.6,False
VPW-HYD-PRESS-02,10,2.062,44.58,29.93,False
VPW-HYD-PRESS-02,11,2.113,43.1,35.93,False
VPW-HYD-PRESS-02,12,2.153,44.04,19.96,False
VPW-HYD-PRESS-02,13,2.138,45.08,36.45,False
VPW-HYD-PRESS-02,14,2.023,42.8,30.25,False
VPW-HYD-PRESS-02,15,2.151,44.77,43.56,False
VPW-HYD-PRESS-02,16,2.215,42.94,33.58,False
VPW-HYD-PRESS-02,17,2.201,43.94,37.17,False
VPW-HYD-PRESS-02,18,2.137,44.75,36.08,False
VPW-HYD-PRESS-02,19,2.146,44.59,27.72,False
VPW-HYD-PRESS-02,20,2.276,44.55,28.31,False
VPW-HYD-PRESS-02,21,2.224,45.87,41.16,False
VPW-HYD-PRESS-02,22,2.212,44.14,27.29,False
VPW-HYD-PRESS-02,23,2.407,44.68,26.25,False
VPW-HYD-PRESS-02,24,1.873,46.36,29.74,False
VPW-HYD-PRESS-02,25,1.951,46.64,39.87,False
VPW-HYD-PRESS-02,26,2.13,44.91,31.35,False
VPW-HYD-PRESS-02,27,2.231,44.71,22.54,False
VPW-HYD-PRESS-02,28,2.376,45.19,27.87,False
VPW-HYD-PRESS-02,29,2.148,45.19,29.77,False
VPW-HYD-PRESS-02,30,2.04,43.95,45.12,False
VPW-HYD-PRESS-02,31,2.1,45.14,40.56,False
VPW-HYD-PRESS-02,32,2.043,44.17,27.3,False
VPW-HYD-PRESS-02,33,1.994,45.37,46.13,False
VPW-HYD-PRESS-02,34,1.976,46.87,26.49,False
VPW-HYD-PRESS-02,35,1.934,45.32,34.44,False
VPW-HYD-PRESS-02,36,1.943,44.58,34.78,False
VPW-HYD-PRESS-02,37,2.088,44.88,27.85,False
VPW-HYD-PRESS-02,38,1.954,44.65,44.81,False
VPW-HYD-PRESS-02,39,1.793,45.8,28.99,False
VPW-HYD-PRESS-02,40,1.849,44.79,39.25,False
VPW-HYD-PRESS-02,41,1.933,45.78,39.06,False
VPW-HYD-PRESS-02,42,1.943,44.0,39.83,False
VPW-HYD-PRESS-02,43,1.774,45.36,36.28,False
VPW-HYD-PRESS-02,44,1.884,45.35,23.33,False
VPW-HYD-PRESS-02,45,1.741,44.23,36.8,False
VPW-HYD-PRESS-02,46,1.779,45.21,20.55,False
VPW-HYD-PRESS-02,47,1.925,45.32,26.32,False
VPW-HYD-PRESS-02,48,1.774,45.05,28.78,False
VPW-HYD-PRESS-02,49,1.836,45.29,30.9,False
VPW-HYD-PRESS-02,50,1.759,45.26,30.46,False
VPW-HYD-PRESS-02,51,1.896,44.95,45.14,False
VPW-HYD-PRESS-02,52,1.716,44.15,17.69,False
VPW-HYD-PRESS-02,53,1.812,44.68,45.36,False
VPW-HYD-PRESS-02,54,1.605,44.34,36.73,False
VPW-HYD-PRESS-02,55,1.776,45.95,34.28,False
VPW-HYD-PRESS-02,56,1.778,44.58,41.27,False
VPW-HYD-PRESS-02,57,1.765,43.6,38.35,False
VPW-HYD-PRESS-02,58,1.608,44.2,43.59,False
VPW-HYD-PRESS-02,59,1.763,44.39,36.68,False
VPW-HYD-PRESS-02,60,1.912,43.34,34.42,False
VPW-HYD-PRESS-02,61,1.709,44.57,38.25,False
VPW-HYD-PRESS-02,62,1.717,45.67,39.38,False
VPW-HYD-PRESS-02,63,1.653,44.6,26.51,False
VPW-HYD-PRESS-02,64,1.95,43.69,31.72,False
VPW-HYD-PRESS-02,65,1.798,44.28,31.16,False
VPW-HYD-PRESS-02,66,1.773,43.7,28.18,False
VPW-HYD-PRESS-02,67,1.855,44.19,42.2,False
VPW-HYD-PRESS-02,68,1.952,43.5,25.74,False
VPW-HYD-PRESS-02,69,1.876,43.79,42.7,False
VPW-HYD-PRESS-02,70,1.773,44.03,31.4,False
VPW-HYD-PRESS-02,71,1.932,44.04,44.26,False
VPW-HYD-PRESS-02,72,1.908,43.63,25.31,False
VPW-HYD-PRESS-02,73,1.908,45.21,31.49,False
VPW-HYD-PRESS-02,74,1.99,44.33,24.72,False
VPW-HYD-PRESS-02,75,1.955,44.17,22.35,False
VPW-HYD-PRESS-02,76,1.998,43.65,32.39,False
VPW-HYD-PRESS-02,77,2.037,42.62,19.0,False
VPW-HYD-PRESS-02,78,2.087,42.95,28.56,False
VPW-HYD-PRESS-02,79,2.055,43.55,44.96,False
VPW-HYD-PRESS-02,80,2.104,45.02,24.35,False
VPW-HYD-PRESS-02,81,1.993,42.92,42.76,False
VPW-HYD-PRESS-02,82,2.183,42.72,28.05,False
VPW-HYD-PRESS-02,83,2.011,43.38,21.09,False
VPW-HYD-PRESS-02,84,2.167,43.99,26.61,False
VPW-HYD-PRESS-02,85,2.102,43.76,41.29,False
VPW-HYD-PRESS-02,86,2.258,42.96,29.69,False
VPW-HYD-PRESS-02,87,2.184,43.77,21.95,False
VPW-HYD-PRESS-02,88,2.091,42.93,30.47,False
VPW-HYD-PRESS-02,89,2.263,44.03,19.9,False
VPW-HYD-PRESS-02,90,2.22,42.49,28.26,False
VPW-HYD-PRESS-02,91,2.018,42.76,34.54,False
VPW-HYD-PRESS-02,92,2.164,43.16,29.79,False
VPW-HYD-PRESS-02,93,2.091,43.76,20.22,False
VPW-HYD-PRESS-02,94,2.151,43.17,34.45,False
VPW-HYD-PRESS-02,95,2.154,41.91,36.74,False
VPW-HYD-PRESS-02,96,2.124,41.79,40.02,False
VPW-HYD-PRESS-02,97,2.235,42.1,34.76,False
VPW-HYD-PRESS-02,98,2.008,42.51,19.95,False
VPW-HYD-PRESS-02,99,2.219,42.1,42.2,False
VPW-HYD-PRESS-02,100,2.135,42.21,30.26,False
VPW-HYD-PRESS-02,101,2.228,40.51,37.22,False
VPW-HYD-PRESS-02,102,2.102,43.01,24.0,False
VPW-HYD-PRESS-02,103,2.203,42.91,23.01,False
VPW-HYD-PRESS-02,104,2.063,42.68,17.79,False
VPW-HYD-PRESS-02,105,2.079,42.43,29.18,False
VPW-HYD-PRESS-02,106,2.022,43.11,24.07,False
VPW-HYD-PRESS-02,107,2.091,42.29,36.31,False
VPW-HYD-PRESS-02,108,2.042,43.7,28.12,False
VPW-HYD-PRESS-02,109,2.133,41.44,31.59,False
VPW-HYD-PRESS-02,110,2.02,43.36,38.83,False
VPW-HYD-PRESS-02,111,2.111,41.35,31.53,False
VPW-HYD-PRESS-02,112,2.018,41.42,21.36,False
VPW-HYD-PRESS-02,113,1.944,41.93,31.54,False
VPW-HYD-PRESS-02,114,2.068,42.54,37.97,False
VPW-HYD-PRESS-02,115,2.015,41.65,23.46,False
VPW-HYD-PRESS-02,116,1.82,41.3,36.91,False
VPW-HYD-PRESS-02,117,1.928,41.05,43.58,False
VPW-HYD-PRESS-02,118,1.919,42.2,41.49,False
VPW-HYD-PRESS-02,119,1.85,41.61,35.49,False
VPW-HYD-PRESS-02,120,1.933,41.73,37.87,False
VPW-HYD-PRESS-02,121,1.803,41.67,23.64,False
VPW-HYD-PRESS-02,122,1.784,42.31,24.81,False
VPW-HYD-PRESS-02,123,1.894,42.38,39.71,False
VPW-HYD-PRESS-02,124,1.795,41.29,32.25,False
VPW-HYD-PRESS-02,125,1.588,42.11,43.09,False
VPW-HYD-PRESS-02,126,1.682,42.93,29.49,False
VPW-HYD-PRESS-02,127,1.809,42.55,22.33,False
VPW-HYD-PRESS-02,128,1.842,41.46,31.46,False
VPW-HYD-PRESS-02,129,1.647,42.52,31.49,False
VPW-HYD-PRESS-02,130,1.9,42.89,39.41,False
VPW-HYD-PRESS-02,131,1.855,39.49,30.49,False
VPW-HYD-PRESS-02,132,1.803,43.08,45.07,False
VPW-HYD-PRESS-02,133,1.806,42.93,21.76,False
VPW-HYD-PRESS-02,134,1.787,43.24,28.87,False
VPW-HYD-PRESS-02,135,1.685,44.26,43.93,False
VPW-HYD-PRESS-02,136,1.783,41.78,20.76,False
VPW-HYD-PRESS-02,137,1.829,43.06,24.31,False
VPW-HYD-PRESS-02,138,1.883,43.29,30.51,False
VPW-HYD-PRESS-02,139,1.768,43.31,26.89,False
VPW-HYD-PRESS-02,140,1.849,42.36,40.03,False
VPW-HYD-PRESS-02,141,1.926,42.93,42.19,False
VPW-HYD-PRESS-02,142,1.916,43.41,41.86,False
VPW-HYD-PRESS-02,143,2.011,43.71,27.87,False
VPW-HYD-PRESS-02,144,1.895,42.72,36.83,False
VPW-HYD-PRESS-02,145,1.897,42.65,37.01,False
VPW-HYD-PRESS-02,146,1.798,46.42,39.37,False
VPW-HYD-PRESS-02,147,1.97,42.67,34.66,False
VPW-HYD-PRESS-02,148,1.981,43.21,30.63,False
VPW-HYD-PRESS-02,149,1.914,43.14,23.14,False
VPW-HYD-PRESS-02,150,2.082,42.36,22.06,False
VPW-HYD-PRESS-02,151,2.013,42.79,37.32,False
VPW-HYD-PRESS-02,152,2.085,44.57,36.64,False
VPW-HYD-PRESS-02,153,1.969,43.41,29.78,False
VPW-HYD-PRESS-02,154,2.128,45.7,36.19,False
VPW-HYD-PRESS-02,155,1.931,43.61,31.23,False
VPW-HYD-PRESS-02,156,2.237,43.97,20.11,False
VPW-HYD-PRESS-02,157,2.125,44.08,23.17,False
VPW-HYD-PRESS-02,158,2.037,45.61,38.36,False
VPW-HYD-PRESS-02,159,2.06,42.27,40.92,False
VPW-HYD-PRESS-02,160,2.244,45.22,23.0,False
VPW-HYD-PRESS-02,161,2.105,43.65,19.42,False
VPW-HYD-PRESS-02,162,2.191,46.08,35.74,False
VPW-HYD-PRESS-02,163,2.232,44.18,37.17,False
VPW-HYD-PRESS-02,164,2.188,45.06,37.63,False
VPW-HYD-PRESS-02,165,2.182,44.27,29.18,False
VPW-HYD-PRESS-02,166,2.101,44.23,26.04,False
VPW-HYD-PRESS-02,167,2.376,45.14,40.96,False
VPW-HYD-PRESS-02,168,2.243,46.2,28.83,False
VPW-HYD-PRESS-02,169,2.253,44.72,35.53,False
VPW-HYD-PRESS-02,170,2.255,45.45,21.13,False
VPW-HYD-PRESS-02,171,2.171,44.97,41.98,False
VPW-HYD-PRESS-02,172,2.165,44.9,18.25,False
VPW-HYD-PRESS-02,173,2.15,44.74,45.69,False
VPW-HYD-PRESS-02,174,2.231,44.81,18.66,False
VPW-HYD-PRESS-02,175,2.192,46.0,29.06,False
VPW-HYD-PRESS-02,176,2.127,46.07,28.42,False
VPW-HYD-PRESS-02,177,2.261,45.05,43.6,False
VPW-HYD-PRESS-02,178,2.185,45.44,42.01,False
VPW-HYD-PRESS-02,179,2.331,47.07,40.44,False
VPW-HYD-PRESS-02,180,2.172,44.07,30.61,False
VPW-HYD-PRESS-02,181,2.153,46.15,25.48,False
VPW-HYD-PRESS-02,182,2.118,45.99,33.31,False
VPW-HYD-PRESS-02,183,2.0,44.71,36.48,False
VPW-HYD-PRESS-02,184,2.032,45.7,36.74,False
VPW-HYD-PRESS-02,185,1.891,46.63,25.76,False
VPW-HYD-PRESS-02,186,2.161,44.68,36.25,False
VPW-HYD-PRESS-02,187,2.128,46.54,29.52,False
VPW-HYD-PRESS-02,188,2.016,46.42,24.67,False
VPW-HYD-PRESS-02,189,2.011,45.28,29.67,False
VPW-HYD-PRESS-02,190,1.961,44.09,42.79,False
VPW-HYD-PRESS-02,191,1.935,44.2,37.81,False
VPW-HYD-PRESS-02,192,1.821,45.44,23.07,False
VPW-HYD-PRESS-02,193,1.844,45.84,20.34,False
VPW-HYD-PRESS-02,194,1.887,44.76,30.51,False
VPW-HYD-PRESS-02,195,1.948,46.06,40.23,False
VPW-HYD-PRESS-02,196,1.838,44.68,23.54,False
VPW-HYD-PRESS-02,197,1.811,45.56,42.52,False
VPW-HYD-PRESS-02,198,1.682,44.1,33.76,False
VPW-HYD-PRESS-02,199,1.726,46.52,43.11,False
VPW-HYD-PRESS-02,200,1.853,44.74,29.67,False
VPW-HYD-PRESS-02,201,1.878,45.17,45.49,False
VPW-HYD-PRESS-02,202,1.648,45.77,25.38,False
VPW-HYD-PRESS-02,203,1.748,45.42,30.99,False
VPW-HYD-PRESS-02,204,1.805,45.49,36.38,False
VPW-HYD-PRESS-02,205,1.73,45.72,44.71,False
VPW-HYD-PRESS-02,206,1.724,45.03,44.04,False
VPW-HYD-PRESS-02,207,1.919,45.08,19.31,False
VPW-HYD-PRESS-02,208,1.771,46.37,42.27,False
VPW-HYD-PRESS-02,209,1.9,46.25,44.37,False
VPW-HYD-PRESS-02,210,1.77,45.1,31.19,False
VPW-HYD-PRESS-02,211,1.827,45.26,22.42,False
VPW-HYD-PRESS-02,212,1.743,44.62,19.29,False
VPW-HYD-PRESS-02,213,1.797,45.43,21.05,False
VPW-HYD-PRESS-02,214,1.845,46.14,32.28,False
VPW-HYD-PRESS-02,215,1.599,44.86,25.24,False
VPW-HYD-PRESS-02,216,1.837,43.88,19.43,False
VPW-HYD-PRESS-02,217,1.807,43.97,27.94,False
VPW-HYD-PRESS-02,218,1.838,43.88,32.53,False
VPW-HYD-PRESS-02,219,2.174,44.27,25.18,False
VPW-HYD-PRESS-02,220,1.784,43.93,22.5,False
VPW-HYD-PRESS-02,221,1.901,42.75,43.94,False
VPW-HYD-PRESS-02,222,1.939,45.02,28.25,False
VPW-HYD-PRESS-02,223,1.891,42.78,39.49,False
VPW-HYD-PRESS-02,224,2.001,44.57,34.26,False
VPW-HYD-PRESS-02,225,2.046,44.31,34.67,False
VPW-HYD-PRESS-02,226,2.097,43.69,40.48,False
VPW-HYD-PRESS-02,227,1.934,44.22,41.08,False
VPW-HYD-PRESS-02,228,2.096,43.91,37.93,False
VPW-HYD-PRESS-02,229,2.111,43.38,40.06,False
VPW-HYD-PRESS-02,230,2.046,44.04,26.44,False
VPW-HYD-PRESS-02,231,2.012,43.14,41.11,False
VPW-HYD-PRESS-02,232,2.247,44.6,25.93,False
VPW-HYD-PRESS-02,233,2.077,43.82,32.2,False
VPW-HYD-PRESS-02,234,2.202,43.22,39.05,False
VPW-HYD-PRESS-02,235,2.264,42.66,19.33,False
VPW-HYD-PRESS-02,236,2.239,44.09,40.09,False
VPW-HYD-PRESS-02,237,2.136,42.89,41.75,False
VPW-HYD-PRESS-02,238,2.168,42.86,31.09,False
VPW-HYD-PRESS-02,239,2.18,42.84,45.4,False
VPW-HYD-PRESS-02,240,2.283,44.03,36.15,False
VPW-HYD-PRESS-02,241,2.036,42.9,39.2,False
VPW-HYD-PRESS-02,242,2.129,44.53,24.59,False
VPW-HYD-PRESS-02,243,2.146,43.76,22.87,False
VPW-HYD-PRESS-02,244,2.16,42.76,34.4,False
VPW-HYD-PRESS-02,245,2.479,44.11,28.69,False
VPW-HYD-PRESS-02,246,2.398,42.64,26.83,False
VPW-HYD-PRESS-02,247,2.196,44.0,29.51,False
VPW-HYD-PRESS-02,248,2.027,42.91,25.91,False
VPW-HYD-PRESS-02,249,2.238,42.72,26.92,False
VPW-HYD-PRESS-02,250,2.276,42.33,26.45,False
VPW-HYD-PRESS-02,251,2.355,43.44,25.7,False
VPW-HYD-PRESS-02,252,2.366,43.71,28.29,False
VPW-HYD-PRESS-02,253,2.014,42.74,19.97,False
VPW-HYD-PRESS-02,254,2.435,43.03,18.18,False
VPW-HYD-PRESS-02,255,2.104,42.71,32.33,False
VPW-HYD-PRESS-02,256,2.092,42.14,25.24,False
VPW-HYD-PRESS-02,257,2.145,42.23,40.34,False
VPW-HYD-PRESS-02,258,2.169,42.72,45.33,False
VPW-HYD-PRESS-02,259,2.16,42.81,40.67,False
VPW-HYD-PRESS-02,260,2.21,41.77,26.05,False
VPW-HYD-PRESS-02,261,2.091,40.93,29.31,False
VPW-HYD-PRESS-02,262,2.012,41.81,21.68,False
VPW-HYD-PRESS-02,263,2.002,42.32,18.1,False
VPW-HYD-PRESS-02,264,2.133,42.28,24.93,False
VPW-HYD-PRESS-02,265,1.852,41.94,44.81,False
VPW-HYD-PRESS-02,266,1.947,42.4,30.8,False
VPW-HYD-PRESS-02,267,1.948,41.17,20.49,False
VPW-HYD-PRESS-02,268,1.758,41.7,35.4,False
VPW-HYD-PRESS-02,269,2.017,43.6,37.19,False
VPW-HYD-PRESS-02,270,2.032,42.22,40.55,False
VPW-HYD-PRESS-02,271,1.959,43.05,20.8,False
VPW-HYD-PRESS-02,272,1.926,42.06,36.97,False
VPW-HYD-PRESS-02,273,1.867,42.56,43.51,False
VPW-HYD-PRESS-02,274,1.893,40.39,27.56,False
VPW-HYD-PRESS-02,275,1.88,42.81,26.26,False
VPW-HYD-PRESS-02,276,1.874,42.93,23.64,False
VPW-HYD-PRESS-02,277,1.849,42.41,27.51,False
VPW-HYD-PRESS-02,278,1.952,42.48,43.69,False
VPW-HYD-PRESS-02,279,1.719,43.0,33.68,False
VPW-HYD-PRESS-02,280,1.832,42.64,29.61,False
VPW-HYD-PRESS-02,281,1.732,42.81,45.26,False
VPW-HYD-PRESS-02,282,1.876,42.07,29.56,False
VPW-HYD-PRESS-02,283,1.921,43.87,38.69,False
VPW-HYD-PRESS-02,284,1.735,41.7,23.43,False
VPW-HYD-PRESS-02,285,1.89,42.77,18.86,False
VPW-HYD-PRESS-02,286,1.79,43.23,42.24,False
VPW-HYD-PRESS-02,287,1.931,44.37,20.75,False
VPW-HYD-PRESS-02,288,1.815,44.44,33.01,False
VPW-HYD-PRESS-02,289,2.034,43.39,30.1,False
VPW-HYD-PRESS-02,290,1.764,42.53,42.91,False
VPW-HYD-PRESS-02,291,1.719,43.13,36.74,False
VPW-HYD-PRESS-02,292,2.008,43.32,39.03,False
VPW-HYD-PRESS-02,293,1.81,43.42,29.01,False
VPW-HYD-PRESS-02,294,1.846,44.43,30.63,False
VPW-HYD-PRESS-02,295,2.109,44.07,26.68,False
VPW-HYD-PRESS-02,296,1.985,42.44,33.49,False
VPW-HYD-PRESS-02,297,1.951,42.37,41.12,False
VPW-HYD-PRESS-02,298,2.011,45.1,24.7,False
VPW-HYD-PRESS-02,299,2.083,44.36,35.01,False
VPW-HYD-PRESS-02,300,2.0,44.79,40.61,False
VPW-HYD-PRESS-02,301,2.129,44.88,36.08,False
VPW-HYD-PRESS-02,302,2.053,44.6,32.8,False
VPW-HYD-PRESS-02,303,1.956,42.18,23.87,False
VPW-HYD-PRESS-02,304,2.048,43.48,42.08,False
VPW-HYD-PRESS-02,305,2.119,45.96,46.38,False
VPW-HYD-PRESS-02,306,2.001,44.8,39.74,False
VPW-HYD-PRESS-02,307,2.104,45.18,45.38,False
VPW-HYD-PRESS-02,308,2.03,44.72,35.86,False
VPW-HYD-PRESS-02,309,2.068,44.78,42.55,False
VPW-HYD-PRESS-02,310,2.156,44.59,39.32,False
VPW-HYD-PRESS-02,311,2.37,45.17,41.34,False
VPW-HYD-PRESS-02,312,2.205,45.61,38.81,False
VPW-HYD-PRESS-02,313,2.171,45.28,22.81,False
VPW-HYD-PRESS-02,314,2.264,44.33,29.59,False
VPW-HYD-PRESS-02,315,2.259,44.73,40.82,False
VPW-HYD-PRESS-02,316,2.196,46.08,45.36,False
VPW-HYD-PRESS-02,317,2.277,46.23,38.6,False
VPW-HYD-PRESS-02,318,2.39,47.37,19.61,False
VPW-HYD-PRESS-02,319,2.224,43.95,30.99,False
VPW-HYD-PRESS-02,320,2.231,45.15,28.1,False
VPW-HYD-PRESS-02,321,2.353,45.62,25.4,False
VPW-HYD-PRESS-02,322,2.32,45.71,19.85,False
VPW-HYD-PRESS-02,323,2.412,45.32,45.02,False
VPW-HYD-PRESS-02,324,2.247,45.45,45.17,False
VPW-HYD-PRESS-02,325,2.304,44.38,28.49,False
VPW-HYD-PRESS-02,326,2.18,44.73,40.24,False
VPW-HYD-PRESS-02,327,2.016,45.34,20.65,False
VPW-HYD-PRESS-02,328,2.197,46.37,26.71,False
VPW-HYD-PRESS-02,329,2.091,44.99,45.14,False
VPW-HYD-PRESS-02,330,2.145,44.17,36.32,False
VPW-HYD-PRESS-02,331,2.26,45.5,25.79,False
VPW-HYD-PRESS-02,332,2.101,46.95,36.4,False
VPW-HYD-PRESS-02,333,2.183,46.24,38.95,False
VPW-HYD-PRESS-02,334,2.158,46.6,42.3,False
VPW-HYD-PRESS-02,335,2.086,44.39,24.97,False
VPW-HYD-PRESS-02,336,2.134,45.74,44.05,False
VPW-HYD-PRESS-02,337,2.119,45.07,31.8,False
VPW-HYD-PRESS-02,338,2.047,46.78,36.22,False
VPW-HYD-PRESS-02,339,2.165,46.65,32.54,False
VPW-HYD-PRESS-02,340,1.889,46.23,23.37,False
VPW-HYD-PRESS-02,341,1.995,45.3,20.05,False
VPW-HYD-PRESS-02,342,1.944,44.77,29.0,False
VPW-HYD-PRESS-02,343,1.98,46.06,24.55,False
VPW-HYD-PRESS-02,344,2.003,46.13,26.65,False
VPW-HYD-PRESS-02,345,1.934,46.27,31.47,False
VPW-HYD-PRESS-02,346,1.93,44.18,25.88,False
VPW-HYD-PRESS-02,347,1.883,45.28,21.95,False
VPW-HYD-PRESS-02,348,1.888,45.87,24.99,False
VPW-HYD-PRESS-02,349,2.025,45.57,34.18,False
VPW-HYD-PRESS-02,350,1.85,44.46,39.14,False
VPW-HYD-PRESS-02,351,1.889,44.94,26.33,False
VPW-HYD-PRESS-02,352,1.957,46.51,27.24,False
VPW-HYD-PRESS-02,353,1.925,45.53,36.44,False
VPW-HYD-PRESS-02,354,1.885,46.72,39.64,False
VPW-HYD-PRESS-02,355,1.771,47.5,40.82,False
VPW-HYD-PRESS-02,356,2.037,45.34,24.19,False
VPW-HYD-PRESS-02,357,1.696,45.53,27.15,False
VPW-HYD-PRESS-02,358,1.839,45.74,31.74,False
VPW-HYD-PRESS-02,359,1.801,44.99,34.99,False
VPW-HYD-PRESS-02,360,1.831,44.99,30.97,False
VPW-HYD-PRESS-02,361,1.8,45.52,37.37,False
VPW-HYD-PRESS-02,362,2.053,45.85,23.18,False
VPW-HYD-PRESS-02,363,1.871,44.93,25.57,False
VPW-HYD-PRESS-02,364,1.929,45.37,36.6,False
VPW-HYD-PRESS-02,365,1.747,45.4,26.58,False
VPW-HYD-PRESS-02,366,1.886,44.29,30.15,False
VPW-HYD-PRESS-02,367,2.148,45.97,40.85,False
VPW-HYD-PRESS-02,368,1.96,45.48,26.12,False
VPW-HYD-PRESS-02,369,2.018,45.33,24.82,False
VPW-HYD-PRESS-02,370,2.082,45.1,18.49,False
VPW-HYD-PRESS-02,371,1.765,45.25,23.69,False
VPW-HYD-PRESS-02,372,1.833,45.17,32.33,False
VPW-HYD-PRESS-02,373,2.013,44.17,42.84,False
VPW-HYD-PRESS-02,374,1.968,46.35,32.52,False
VPW-HYD-PRESS-02,375,2.071,44.77,24.93,False
VPW-HYD-PRESS-02,376,1.961,42.94,18.78,False
VPW-HYD-PRESS-02,377,2.15,44.89,30.82,False
VPW-HYD-PRESS-02,378,2.284,44.93,39.17,False
VPW-HYD-PRESS-02,379,1.998,43.59,30.16,False
VPW-HYD-PRESS-02,380,2.266,44.86,34.02,False
VPW-HYD-PRESS-02,381,2.222,44.15,25.04,False
VPW-HYD-PRESS-02,382,2.166,43.29,43.22,False
VPW-HYD-PRESS-02,383,2.156,42.99,45.95,False
VPW-HYD-PRESS-02,384,2.271,42.4,35.4,False
VPW-HYD-PRESS-02,385,2.24,44.44,44.65,False
VPW-HYD-PRESS-02,386,2.116,43.36,27.6,False
VPW-HYD-PRESS-02,387,2.29,42.63,24.77,False
VPW-HYD-PRESS-02,388,2.246,44.3,38.33,False
VPW-HYD-PRESS-02,389,2.232,42.51,20.15,False
VPW-HYD-PRESS-02,390,2.352,42.65,36.8,False
VPW-HYD-PRESS-02,391,2.256,43.91,36.4,False
VPW-HYD-PRESS-02,392,2.419,41.38,24.01,False
VPW-HYD-PRESS-02,393,2.336,44.09,33.57,False
VPW-HYD-PRESS-02,394,2.415,43.84,23.7,False
VPW-HYD-PRESS-02,395,2.407,42.95,22.64,False
VPW-HYD-PRESS-02,396,2.241,43.18,28.12,False
VPW-HYD-PRESS-02,397,2.412,42.78,28.65,False
VPW-HYD-PRESS-02,398,2.312,41.64,26.41,False
VPW-HYD-PRESS-02,399,2.451,42.83,42.81,False
VPW-HYD-PRESS-02,400,2.28,43.87,35.27,False
VPW-HYD-PRESS-02,401,2.29,43.54,18.79,False
VPW-HYD-PRESS-02,402,2.264,43.08,44.3,True
VPW-HYD-PRESS-02,403,2.228,42.51,31.86,True
VPW-HYD-PRESS-02,404,2.184,42.43,44.08,True
VPW-HYD-PRESS-02,405,2.416,42.01,39.07,True
VPW-HYD-PRESS-02,406,2.164,43.98,31.31,True
VPW-HYD-PRESS-02,407,2.089,42.38,20.11,True
VPW-HYD-PRESS-02,408,2.23,43.78,43.23,True
VPW-HYD-PRESS-02,409,2.248,43.89,46.07,True
VPW-HYD-PRESS-02,410,2.232,43.96,20.48,True
VPW-HYD-PRESS-02,411,2.059,43.08,20.9,True
VPW-HYD-PRESS-02,412,2.161,44.06,34.45,True
VPW-HYD-PRESS-02,413,2.179,43.77,18.73,True
VPW-HYD-PRESS-02,414,2.157,43.07,25.82,True
VPW-HYD-PRESS-02,415,1.952,42.0,22.62,True
VPW-HYD-PRESS-02,416,2.093,42.85,42.02,True
VPW-HYD-PRESS-02,417,2.204,43.6,24.84,True
VPW-HYD-PRESS-02,418,2.286,45.01,45.0,True
VPW-HYD-PRESS-02,419,2.038,43.69,28.62,True
VPW-HYD-PRESS-02,420,2.099,43.45,40.72,True
VPW-HYD-PRESS-02,421,1.981,42.86,35.87,True
VPW-HYD-PRESS-02,422,1.892,44.73,36.66,True
VPW-HYD-PRESS-02,423,2.077,43.73,38.53,True
VPW-HYD-PRESS-02,424,1.906,42.36,21.05,True
VPW-HYD-PRESS-02,425,2.137,42.66,39.7,True
VPW-HYD-PRESS-02,426,1.952,43.91,34.71,True
VPW-HYD-PRESS-02,427,1.985,43.46,39.07,True
VPW-HYD-PRESS-02,428,1.933,45.67,18.11,True
VPW-HYD-PRESS-02,429,2.014,43.27,37.92,True
VPW-HYD-PRESS-02,430,1.98,44.31,41.44,True
VPW-HYD-PRESS-02,431,1.964,45.5,45.71,True
VPW-HYD-PRESS-02,432,1.99,44.48,22.43,True
VPW-HYD-PRESS-02,433,1.94,45.69,42.57,True
VPW-HYD-PRESS-02,434,1.99,44.2,33.33,True
VPW-HYD-PRESS-02,435,2.016,43.98,20.46,True
VPW-HYD-PRESS-02,436,1.841,43.74,44.82,True
VPW-HYD-PRESS-02,437,1.944,45.17,38.53,True
VPW-HYD-PRESS-02,438,2.121,44.48,36.97,True
VPW-HYD-PRESS-02,439,1.887,44.56,26.08,True
VPW-HYD-PRESS-02,440,2.044,45.57,44.69,True
VPW-HYD-PRESS-02,441,2.162,44.98,20.21,True
VPW-HYD-PRESS-02,442,2.017,45.24,37.42,True
VPW-HYD-PRESS-02,443,2.043,45.88,18.54,True
VPW-HYD-PRESS-02,444,2.24,46.62,20.18,True
VPW-HYD-PRESS-02,445,2.06,45.35,40.62,True
VPW-HYD-PRESS-02,446,2.1,45.29,29.86,True
VPW-HYD-PRESS-02,447,2.141,45.78,27.09,True
VPW-HYD-PRESS-02,448,2.158,46.45,19.9,True
VPW-HYD-PRESS-02,449,2.398,46.82,17.83,True
VPW-HYD-PRESS-02,450,2.288,46.53,43.11,True
VPW-HYD-PRESS-02,451,2.191,46.67,28.53,True
VPW-HYD-PRESS-02,452,2.252,45.57,32.06,True
VPW-HYD-PRESS-02,453,2.032,47.38,37.23,True
VPW-HYD-PRESS-02,454,2.227,48.67,45.9,True
VPW-HYD-PRESS-02,455,2.451,46.74,23.93,True
VPW-HYD-PRESS-02,456,2.438,48.53,21.83,True
VPW-HYD-PRESS-02,457,2.551,48.05,42.93,True
VPW-HYD-PRESS-02,458,2.522,45.0,24.32,True
VPW-HYD-PRESS-02,459,2.605,48.0,22.81,True
VPW-HYD-PRESS-02,460,2.559,47.01,41.87,True
VPW-HYD-PRESS-02,461,2.476,47.3,30.87,True
VPW-HYD-PRESS-02,462,2.382,48.47,36.48,True
VPW-HYD-PRESS-02,463,2.316,47.07,19.34,True
VPW-HYD-PRESS-02,464,2.452,46.65,21.21,True
VPW-HYD-PRESS-02,465,2.537,48.37,38.44,True
VPW-HYD-PRESS-02,466,2.412,49.05,27.95,True
VPW-HYD-PRESS-02,467,2.694,48.65,35.69,True
VPW-HYD-PRESS-02,468,2.49,47.61,25.46,True
VPW-HYD-PRESS-02,469,2.66,48.09,34.7,True
VPW-HYD-PRESS-02,470,2.575,49.79,39.18,True
VPW-HYD-PRESS-02,471,2.517,47.37,34.0,True
VPW-HYD-PRESS-02,472,2.625,48.98,44.9,True
VPW-HYD-PRESS-02,473,2.539,48.6,30.91,True
VPW-HYD-PRESS-02,474,2.724,49.7,38.83,True
VPW-HYD-PRESS-02,475,2.722,49.86,26.34,True
VPW-HYD-PRESS-02,476,2.656,51.3,42.57,True
VPW-HYD-PRESS-02,477,2.62,49.34,32.31,True
VPW-HYD-PRESS-02,478,2.715,49.89,39.45,True
VPW-HYD-PRESS-02,479,2.745,49.27,34.25,True
VPW-HYD-PRESS-02,480,2.659,49.95,34.95,True
VPW-HYD-PRESS-02,481,2.583,50.13,36.53,True
VPW-HYD-PRESS-02,482,2.466,50.71,41.33,True
VPW-HYD-PRESS-02,483,2.485,50.11,45.4,True
VPW-HYD-PRESS-02,484,2.547,50.29,46.65,True
VPW-HYD-PRESS-02,485,2.502,50.83,25.19,True
VPW-HYD-PRESS-02,486,2.357,50.8,19.94,True
VPW-HYD-PRESS-02,487,2.408,50.12,43.38,True
VPW-HYD-PRESS-02,488,2.625,50.98,42.77,True
VPW-HYD-PRESS-02,489,2.397,50.16,29.23,True
VPW-HYD-PRESS-02,490,2.675,50.13,25.53,True
VPW-HYD-PRESS-02,491,2.46,51.0,25.16,True
VPW-HYD-PRESS-02,492,2.519,50.8,40.52,True
VPW-HYD-PRESS-02,493,2.384,51.3,33.1,True
VPW-HYD-PRESS-02,494,2.483,50.69,42.22,True
VPW-HYD-PRESS-02,495,2.445,49.8,23.62,True
VPW-HYD-PRESS-02,496,2.46,52.04,38.19,True
VPW-HYD-PRESS-02,497,2.364,50.28,20.22,True
VPW-HYD-PRESS-02,498,2.55,52.53,44.94,True
VPW-HYD-PRESS-02,499,2.373,50.76,29.26,True
VPW-HYD-PRESS-02,500,2.371,51.25,29.24,True
VPW-HYD-PRESS-02,501,2.146,51.91,43.78,True
VPW-HYD-PRESS-02,502,2.421,50.45,29.78,True
VPW-HYD-PRESS-02,503,2.336,52.46,31.67,True
VPW-HYD-PRESS-02,504,2.353,50.51,21.51,True
VPW-HYD-PRESS-02,505,2.267,52.6,45.63,True
VPW-HYD-PRESS-02,506,2.415,50.78,21.33,True
VPW-HYD-PRESS-02,507,2.33,50.37,40.04,True
VPW-HYD-PRESS-02,508,2.225,50.59,40.42,True
VPW-HYD-PRESS-02,509,2.402,51.47,37.63,True
VPW-HYD-PRESS-02,510,2.537,50.9,34.54,True
VPW-HYD-PRESS-02,511,2.241,50.07,22.61,True
VPW-HYD-PRESS-02,512,2.46,53.59,34.11,True
VPW-HYD-PRESS-02,513,2.503,53.0,30.63,True
VPW-HYD-PRESS-02,514,2.455,51.2,44.91,True
VPW-HYD-PRESS-02,515,2.43,51.79,44.13,True
VPW-HYD-PRESS-02,516,2.41,51.76,34.51,True
VPW-HYD-PRESS-02,517,2.379,51.33,33.78,True
VPW-HYD-PRESS-02,518,2.54,52.01,46.59,True
VPW-HYD-PRESS-02,519,2.556,52.6,43.23,True
VPW-HYD-PRESS-02,520,2.581,51.04,45.21,True
VPW-HYD-PRESS-02,521,2.401,50.76,45.72,True
VPW-HYD-PRESS-02,522,2.643,51.82,26.16,True
VPW-HYD-PRESS-02,523,2.622,51.98,36.89,True
VPW-HYD-PRESS-02,524,2.698,52.77,20.4,True
VPW-HYD-PRESS-02,525,2.595,52.15,45.57,True
VPW-HYD-PRESS-02,526,2.512,50.64,20.95,True
VPW-HYD-PRESS-02,527,2.707,51.37,42.48,True
VPW-HYD-PRESS-02,528,2.723,51.91,42.46,True
VPW-HYD-PRESS-02,529,2.728,52.89,30.96,True
VPW-HYD-PRESS-02,530,2.772,51.47,46.89,True
VPW-HYD-PRESS-02,531,2.874,51.36,27.57,True
VPW-HYD-PRESS-02,532,2.818,52.67,35.16,True
VPW-HYD-PRESS-02,533,2.882,51.29,48.29,True
VPW-HYD-PRESS-02,534,2.945,51.75,22.13,True
VPW-HYD-PRESS-02,535,2.944,52.06,47.26,True
VPW-HYD-PRESS-02,536,3.048,51.79,28.94,True
VPW-HYD-PRESS-02,537,3.007,51.6,29.21,True
VPW-HYD-PRESS-02,538,2.947,51.12,21.96,True
VPW-HYD-PRESS-02,539,2.921,51.71,37.01,True
VPW-HYD-PRESS-02,540,3.066,50.96,31.0,True
VPW-HYD-PRESS-02,541,3.032,50.08,24.09,True
VPW-HYD-PRESS-02,542,3.116,51.38,42.6,True
VPW-HYD-PRESS-02,543,3.15,51.29,21.39,True
VPW-HYD-PRESS-02,544,3.066,52.46,47.23,True
VPW-HYD-PRESS-02,545,3.129,51.9,27.32,True
VPW-HYD-PRESS-02,546,3.11,52.84,25.88,True
VPW-HYD-PRESS-02,547,3.04,51.27,25.33,True
VPW-HYD-PRESS-02,548,3.189,51.33,42.97,True
VPW-HYD-PRESS-02,549,3.105,52.54,40.61,True
VPW-HYD-PRESS-02,550,3.123,51.56,42.3,True
VPW-HYD-PRESS-02,551,3.132,52.21,46.95,True
VPW-HYD-PRESS-02,552,3.142,52.67,39.77,True
VPW-HYD-PRESS-02,553,3.081,52.41,44.23,True
VPW-HYD-PRESS-02,554,3.291,52.21,36.53,True
VPW-HYD-PRESS-02,555,3.058,52.93,23.56,True
VPW-HYD-PRESS-02,556,2.922,50.64,21.19,True
VPW-HYD-PRESS-02,557,3.025,52.03,29.14,True
VPW-HYD-PRESS-02,558,3.2,52.31,43.95,True
VPW-HYD-PRESS-02,559,2.994,52.3,39.17,True
VPW-HYD-PRESS-02,560,2.984,53.37,22.67,True
VPW-HYD-PRESS-02,561,3.158,53.13,47.2,True
VPW-HYD-PRESS-02,562,2.978,52.54,36.54,True
VPW-HYD-PRESS-02,563,2.975,52.59,24.29,True
VPW-HYD-PRESS-02,564,2.941,53.68,21.66,True
VPW-HYD-PRESS-02,565,3.097,53.96,41.1,True
VPW-HYD-PRESS-02,566,3.176,53.49,28.35,True
VPW-HYD-PRESS-02,567,3.136,53.83,22.46,True
VPW-HYD-PRESS-02,568,2.928,52.54,26.27,True
VPW-HYD-PRESS-02,569,2.995,53.56,43.78,True
VPW-HYD-PRESS-02,570,3.057,53.66,27.64,True
VPW-HYD-PRESS-02,571,3.138,54.82,33.66,True
VPW-HYD-PRESS-02,572,2.907,53.48,31.08,True
VPW-HYD-PRESS-02,573,3.068,53.45,42.72,True
VPW-HYD-PRESS-02,574,3.033,51.75,43.68,True
VPW-HYD-PRESS-02,575,2.993,54.02,34.18,True
VPW-HYD-PRESS-02,576,3.052,53.09,38.12,True
VPW-HYD-PRESS-02,577,2.918,54.1,36.56,True
VPW-HYD-PRESS-02,578,2.876,53.75,33.45,True
VPW-HYD-PRESS-02,579,2.94,54.77,31.4,True
VPW-HYD-PRESS-02,580,3.145,55.37,37.57,True
VPW-HYD-PRESS-02,581,3.019,54.75,31.62,True
VPW-HYD-PRESS-02,582,2.946,55.77,39.2,True
VPW-HYD-PRESS-02,583,2.914,55.57,38.09,True
VPW-HYD-PRESS-02,584,2.745,54.09,44.83,True
VPW-HYD-PRESS-02,585,2.959,55.76,42.99,True
VPW-HYD-PRESS-02,586,2.973,54.77,29.53,True
VPW-HYD-PRESS-02,587,2.919,55.32,40.12,True
VPW-HYD-PRESS-02,588,3.088,53.66,38.01,True
VPW-HYD-PRESS-02,589,3.153,55.72,40.23,True
VPW-HYD-PRESS-02,590,3.067,54.98,43.46,True
VPW-HYD-PRESS-02,591,2.933,55.99,29.57,True
VPW-HYD-PRESS-02,592,2.871,56.87,29.16,True
VPW-HYD-PRESS-02,593,3.127,56.17,34.77,True
VPW-HYD-PRESS-02,594,3.117,56.77,30.37,True
VPW-HYD-PRESS-02,595,3.049,57.36,32.12,True
VPW-HYD-PRESS-02,596,3.193,56.82,28.99,True
VPW-HYD-PRESS-02,597,3.111,57.3,38.12,True
VPW-HYD-PRESS-02,598,3.149,56.99,35.86,True
VPW-HYD-PRESS-02,599,3.239,56.34,22.32,True
VPW-HYD-PRESS-02,600,3.19,56.49,38.84,True
VPW-HYD-PRESS-02,601,3.088,57.03,38.5,True
VPW-HYD-PRESS-02,602,3.3,57.16,22.37,True
VPW-HYD-PRESS-02,603,3.346,58.72,40.84,True
VPW-HYD-PRESS-02,604,3.471,58.72,23.47,True
VPW-HYD-PRESS-02,605,3.394,57.88,44.18,True
VPW-HYD-PRESS-02,606,3.358,57.6,23.74,True
VPW-HYD-PRESS-02,607,3.253,58.04,40.72,True
VPW-HYD-PRESS-02,608,3.324,58.1,24.2,True
VPW-HYD-PRESS-02,609,3.515,58.37,44.33,True
VPW-HYD-PRESS-02,610,3.54,60.03,29.23,True
VPW-HYD-PRESS-02,611,3.521,57.52,41.26,True
VPW-HYD-PRESS-02,612,3.622,58.56,31.06,True
VPW-HYD-PRESS-02,613,3.603,57.65,30.18,True
VPW-HYD-PRESS-02,614,3.42,60.17,29.23,True
VPW-HYD-PRESS-02,615,3.672,59.73,24.64,True
VPW-HYD-PRESS-02,616,3.637,59.33,37.45,True
VPW-HYD-PRESS-02,617,3.492,59.56,23.82,True
VPW-HYD-PRESS-02,618,3.692,60.76,35.72,True
VPW-HYD-PRESS-02,619,3.758,61.22,46.83,True
VPW-HYD-PRESS-02,620,3.658,58.61,23.07,True
VPW-HYD-PRESS-02,621,3.841,61.57,39.18,True
VPW-HYD-PRESS-02,622,3.743,61.11,28.19,True
VPW-HYD-PRESS-02,623,3.745,59.46,38.75,True
VPW-HYD-PRESS-02,624,3.897,60.98,24.77,True
VPW-HYD-PRESS-02,625,3.745,59.61,44.29,True
VPW-HYD-PRESS-02,626,3.654,61.48,24.09,True
VPW-HYD-PRESS-02,627,3.754,61.47,38.81,True
VPW-HYD-PRESS-02,628,3.499,61.18,48.29,True
VPW-HYD-PRESS-02,629,3.554,60.79,37.06,True
VPW-HYD-PRESS-02,630,3.885,62.1,41.29,True
VPW-HYD-PRESS-02,631,3.803,62.3,46.56,True
VPW-HYD-PRESS-02,632,3.75,62.68,27.27,True
VPW-HYD-PRESS-02,633,3.694,63.46,39.42,True
VPW-HYD-PRESS-02,634,3.625,62.74,35.26,True
VPW-HYD-PRESS-02,635,3.683,61.4,49.27,True
VPW-HYD-PRESS-02,636,3.598,62.71,33.0,True
VPW-HYD-PRESS-02,637,3.694,62.07,23.91,True
VPW-HYD-PRESS-02,638,3.664,62.25,42.94,True
VPW-HYD-PRESS-02,639,3.757,61.54,26.71,True
VPW-HYD-PRESS-02,640,3.609,62.19,27.52,True
VPW-HYD-PRESS-02,641,3.686,61.94,45.31,True
VPW-HYD-PRESS-02,642,3.551,62.11,50.32,True
VPW-HYD-PRESS-02,643,3.662,63.26,38.19,True
VPW-HYD-PRESS-02,644,3.731,63.24,37.45,True
VPW-HYD-PRESS-02,645,3.579,63.42,48.95,True
VPW-HYD-PRESS-02,646,3.637,62.8,43.83,True
VPW-HYD-PRESS-02,647,3.417,62.48,35.63,True
VPW-HYD-PRESS-02,648,3.639,63.25,33.5,True
VPW-HYD-PRESS-02,649,3.607,63.49,43.06,True
VPW-HYD-PRESS-02,650,3.452,63.87,47.18,True
VPW-HYD-PRESS-02,651,3.643,62.49,43.26,True
VPW-HYD-PRESS-02,652,3.649,64.26,28.31,True
VPW-HYD-PRESS-02,653,3.542,64.87,23.62,True
VPW-HYD-PRESS-02,654,3.422,64.25,28.59,True
VPW-HYD-PRESS-02,655,3.496,63.95,38.86,True
VPW-HYD-PRESS-02,656,3.678,63.62,33.3,True
VPW-HYD-PRESS-02,657,3.724,62.75,31.1,True
VPW-HYD-PRESS-02,658,3.587,63.14,37.41,True
VPW-HYD-PRESS-02,659,3.586,63.1,25.04,True
VPW-HYD-PRESS-02,660,3.738,63.8,36.94,True
VPW-HYD-PRESS-02,661,3.725,64.27,24.94,True
VPW-HYD-PRESS-02,662,3.687,65.75,24.82,True
VPW-HYD-PRESS-02,663,3.642,64.85,25.23,True
VPW-HYD-PRESS-02,664,3.642,64.39,46.94,True
VPW-HYD-PRESS-02,665,3.653,64.35,23.93,True
VPW-HYD-PRESS-02,666,3.774,64.81,26.01,True
VPW-HYD-PRESS-02,667,3.481,65.52,47.32,True
VPW-HYD-PRESS-02,668,3.777,64.24,50.7,True
VPW-HYD-PRESS-02,669,3.747,62.68,47.36,True
VPW-HYD-PRESS-02,670,3.907,63.74,40.62,True
VPW-HYD-PRESS-02,671,3.695,64.5,26.16,True
VPW-HYD-PRESS-02,672,3.732,66.03,39.48,True
VPW-HYD-PRESS-02,673,3.718,64.99,49.66,True
VPW-HYD-PRESS-02,674,3.677,64.19,30.64,True
VPW-HYD-PRESS-02,675,4.068,64.25,42.69,True
VPW-HYD-PRESS-02,676,3.851,65.31,40.81,True
VPW-HYD-PRESS-02,677,3.903,64.2,31.28,True
VPW-HYD-PRESS-02,678,3.962,66.09,47.4,True
VPW-HYD-PRESS-02,679,3.83,65.6,28.93,True
VPW-HYD-PRESS-02,680,4.03,64.28,40.77,True
VPW-HYD-PRESS-02,681,4.168,63.96,51.01,True
VPW-HYD-PRESS-02,682,4.156,63.5,29.08,True
VPW-HYD-PRESS-02,683,4.251,64.13,48.42,True
VPW-HYD-PRESS-02,684,4.223,66.3,48.38,True
VPW-HYD-PRESS-02,685,4.177,66.27,50.3,True
VPW-HYD-PRESS-02,686,4.103,65.99,23.64,True
VPW-HYD-PRESS-02,687,4.024,64.74,46.73,True
VPW-HYD-PRESS-02,688,4.219,65.32,25.63,True
VPW-HYD-PRESS-02,689,4.237,65.37,25.3,True
VPW-HYD-PRESS-02,690,4.271,65.82,29.95,True
VPW-HYD-PRESS-02,691,4.206,64.65,48.9,True
VPW-HYD-PRESS-02,692,4.285,64.12,45.68,True
VPW-HYD-PRESS-02,693,4.499,65.59,38.69,True
VPW-HYD-PRESS-02,694,4.341,64.71,40.44,True
VPW-HYD-PRESS-02,695,4.294,64.45,33.0,True
VPW-HYD-PRESS-02,696,4.443,65.11,49.26,True
VPW-HYD-PRESS-02,697,4.34,65.09,48.81,True
VPW-HYD-PRESS-02,698,4.337,65.53,45.77,True
VPW-HYD-PRESS-02,699,4.324,64.95,26.19,True
VPW-HYD-PRESS-02,700,4.294,64.99,25.88,True
VPW-HYD-PRESS-02,701,4.377,66.01,37.33,True
VPW-HYD-PRESS-02,702,4.337,66.36,46.64,True
VPW-HYD-PRESS-02,703,4.494,64.3,27.58,True
VPW-HYD-PRESS-02,704,4.377,66.64,29.08,True
VPW-HYD-PRESS-02,705,4.296,67.35,43.64,True
VPW-HYD-PRESS-02,706,4.313,65.49,37.52,True
VPW-HYD-PRESS-02,707,4.322,66.06,34.4,True
VPW-HYD-PRESS-02,708,4.438,64.96,37.91,True
VPW-HYD-PRESS-02,709,4.518,66.66,27.71,True
VPW-HYD-PRESS-02,710,4.37,66.82,26.11,True
VPW-HYD-PRESS-02,711,4.388,67.21,24.42,True
VPW-HYD-PRESS-02,712,4.415,66.81,28.54,True
VPW-HYD-PRESS-02,713,4.262,66.68,47.36,True
VPW-HYD-PRESS-02,714,4.441,67.12,41.63,True
VPW-HYD-PRESS-02,715,4.382,67.07,48.5,True
VPW-HYD-PRESS-02,716,4.179,68.36,50.81,True
VPW-HYD-PRESS-02,717,4.363,67.91,43.14,True
VPW-HYD-PRESS-02,718,4.387,67.8,43.49,True
VPW-HYD-PRESS-02,719,4.281,67.15,44.66,True
VPW-HYD-PRESS-03,0,1.713,50.77,43.68,False
VPW-HYD-PRESS-03,1,2.07,49.73,36.33,False
VPW-HYD-PRESS-03,2,1.812,50.69,43.34,False
VPW-HYD-PRESS-03,3,1.908,51.63,24.28,False
VPW-HYD-PRESS-03,4,2.02,52.08,39.64,False
VPW-HYD-PRESS-03,5,2.0,49.79,19.64,False
VPW-HYD-PRESS-03,6,1.994,51.75,37.96,False
VPW-HYD-PRESS-03,7,1.985,52.26,37.13,False
VPW-HYD-PRESS-03,8,2.054,50.34,34.27,False
VPW-HYD-PRESS-03,9,2.081,51.59,30.04,False
VPW-HYD-PRESS-03,10,2.215,51.55,21.5,False
VPW-HYD-PRESS-03,11,2.029,52.0,36.96,False
VPW-HYD-PRESS-03,12,2.078,51.42,26.65,False
VPW-HYD-PRESS-03,13,2.115,50.84,41.7,False
VPW-HYD-PRESS-03,14,2.014,50.48,32.05,False
VPW-HYD-PRESS-03,15,2.025,50.38,33.29,False
VPW-HYD-PRESS-03,16,2.149,52.98,45.59,False
VPW-HYD-PRESS-03,17,2.161,51.06,26.62,False
VPW-HYD-PRESS-03,18,2.101,53.58,22.59,False
VPW-HYD-PRESS-03,19,2.053,50.5,23.86,False
VPW-HYD-PRESS-03,20,2.258,52.48,31.93,False
VPW-HYD-PRESS-03,21,2.237,51.34,35.52,False
VPW-HYD-PRESS-03,22,2.061,49.72,34.27,False
VPW-HYD-PRESS-03,23,2.256,52.31,46.1,False
VPW-HYD-PRESS-03,24,2.114,51.49,41.36,False
VPW-HYD-PRESS-03,25,2.153,52.66,26.24,False
VPW-HYD-PRESS-03,26,2.051,52.65,41.38,False
VPW-HYD-PRESS-03,27,2.047,51.93,26.53,False
VPW-HYD-PRESS-03,28,2.11,52.02,30.23,False
VPW-HYD-PRESS-03,29,2.002,50.52,21.15,False
VPW-HYD-PRESS-03,30,2.084,53.2,39.1,False
VPW-HYD-PRESS-03,31,1.904,53.06,28.42,False
VPW-HYD-PRESS-03,32,2.081,50.87,37.39,False
VPW-HYD-PRESS-03,33,2.059,51.63,39.39,False
VPW-HYD-PRESS-03,34,1.891,54.27,28.89,False
VPW-HYD-PRESS-03,35,2.049,54.12,22.61,False
VPW-HYD-PRESS-03,36,1.983,50.87,35.79,False
VPW-HYD-PRESS-03,37,1.979,52.1,38.66,False
VPW-HYD-PRESS-03,38,1.784,53.12,25.16,False
VPW-HYD-PRESS-03,39,1.756,51.03,32.23,False
VPW-HYD-PRESS-03,40,1.766,53.11,34.11,False
VPW-HYD-PRESS-03,41,1.833,52.6,25.35,False
VPW-HYD-PRESS-03,42,1.793,53.74,34.77,False
VPW-HYD-PRESS-03,43,1.705,52.56,36.61,False
VPW-HYD-PRESS-03,44,1.781,53.44,19.03,False
VPW-HYD-PRESS-03,45,1.751,51.62,32.94,False
VPW-HYD-PRESS-03,46,1.63,53.33,30.46,False
VPW-HYD-PRESS-03,47,1.645,53.22,34.23,False
VPW-HYD-PRESS-03,48,1.756,51.29,40.23,False
VPW-HYD-PRESS-03,49,1.771,51.57,22.78,False
VPW-HYD-PRESS-03,50,1.73,53.31,44.11,False
VPW-HYD-PRESS-03,51,1.658,52.12,24.05,False
VPW-HYD-PRESS-03,52,1.759,51.65,18.71,False
VPW-HYD-PRESS-03,53,1.706,52.01,28.98,False
VPW-HYD-PRESS-03,54,1.638,49.62,18.27,False
VPW-HYD-PRESS-03,55,1.651,52.87,24.49,False
VPW-HYD-PRESS-03,56,1.635,52.94,40.29,False
VPW-HYD-PRESS-03,57,1.765,50.8,43.59,False
VPW-HYD-PRESS-03,58,1.697,51.27,34.06,False
VPW-HYD-PRESS-03,59,1.659,53.15,34.87,False
VPW-HYD-PRESS-03,60,1.611,52.25,18.42,False
VPW-HYD-PRESS-03,61,1.748,52.13,21.62,False
VPW-HYD-PRESS-03,62,1.705,51.12,29.58,False
VPW-HYD-PRESS-03,63,1.717,51.44,32.15,False
VPW-HYD-PRESS-03,64,1.729,51.13,43.36,False
VPW-HYD-PRESS-03,65,1.516,51.39,43.93,False
VPW-HYD-PRESS-03,66,1.789,51.13,35.94,False
VPW-HYD-PRESS-03,67,1.653,51.77,42.48,False
VPW-HYD-PRESS-03,68,1.663,52.0,27.41,False
VPW-HYD-PRESS-03,69,1.757,51.72,23.18,False
VPW-HYD-PRESS-03,70,1.653,50.97,25.42,False
VPW-HYD-PRESS-03,71,1.784,50.55,30.45,False
VPW-HYD-PRESS-03,72,1.913,51.77,19.54,False
VPW-HYD-PRESS-03,73,1.803,50.39,23.78,False
VPW-HYD-PRESS-03,74,1.868,51.4,23.22,False
VPW-HYD-PRESS-03,75,1.778,51.16,42.15,False
VPW-HYD-PRESS-03,76,2.009,51.07,23.23,False
VPW-HYD-PRESS-03,77,1.962,50.06,27.63,False
VPW-HYD-PRESS-03,78,1.888,51.17,40.75,False
VPW-HYD-PRESS-03,79,2.059,51.53,32.26,False
VPW-HYD-PRESS-03,80,1.906,49.91,23.6,False
VPW-HYD-PRESS-03,81,2.066,50.67,42.07,False
VPW-HYD-PRESS-03,82,2.083,51.24,31.54,False
VPW-HYD-PRESS-03,83,2.054,50.09,21.18,False
VPW-HYD-PRESS-03,84,1.962,50.46,30.34,False
VPW-HYD-PRESS-03,85,1.904,50.02,41.22,False
VPW-HYD-PRESS-03,86,2.203,50.93,37.42,False
VPW-HYD-PRESS-03,87,2.165,49.75,37.47,False
VPW-HYD-PRESS-03,88,2.112,49.54,38.67,False
VPW-HYD-PRESS-03,89,2.038,49.79,33.61,False
VPW-HYD-PRESS-03,90,2.154,49.15,37.86,False
VPW-HYD-PRESS-03,91,2.181,50.48,19.71,False
VPW-HYD-PRESS-03,92,2.083,50.29,45.45,False
VPW-HYD-PRESS-03,93,2.055,50.02,34.43,False
VPW-HYD-PRESS-03,94,2.269,51.34,27.93,False
VPW-HYD-PRESS-03,95,2.214,49.76,33.2,False
VPW-HYD-PRESS-03,96,2.159,49.7,31.68,False
VPW-HYD-PRESS-03,97,2.027,48.31,18.71,False
VPW-HYD-PRESS-03,98,2.29,50.04,34.62,False
VPW-HYD-PRESS-03,99,2.078,50.76,25.99,False
VPW-HYD-PRESS-03,100,2.211,49.55,29.82,False
VPW-HYD-PRESS-03,101,2.081,50.97,42.46,False
VPW-HYD-PRESS-03,102,2.198,49.47,41.9,False
VPW-HYD-PRESS-03,103,2.094,49.86,29.97,False
VPW-HYD-PRESS-03,104,1.952,49.03,18.89,False
VPW-HYD-PRESS-03,105,1.938,49.0,39.46,False
VPW-HYD-PRESS-03,106,2.146,49.47,26.92,False
VPW-HYD-PRESS-03,107,2.083,49.4,42.71,False
VPW-HYD-PRESS-03,108,1.97,48.96,44.54,False
VPW-HYD-PRESS-03,109,2.176,48.32,24.21,False
VPW-HYD-PRESS-03,110,1.941,50.19,45.34,False
VPW-HYD-PRESS-03,111,1.968,49.37,25.1,False
VPW-HYD-PRESS-03,112,1.991,49.92,45.4,False
VPW-HYD-PRESS-03,113,1.98,48.48,44.66,False
VPW-HYD-PRESS-03,114,1.739,49.95,23.69,False
VPW-HYD-PRESS-03,115,1.759,50.04,19.11,False
VPW-HYD-PRESS-03,116,1.938,48.75,36.95,False
VPW-HYD-PRESS-03,117,1.688,50.2,33.73,False
VPW-HYD-PRESS-03,118,1.931,49.86,21.01,False
VPW-HYD-PRESS-03,119,1.793,48.4,40.52,False
VPW-HYD-PRESS-03,120,1.902,51.19,33.44,False
VPW-HYD-PRESS-03,121,1.619,50.3,41.07,False
VPW-HYD-PRESS-03,122,1.775,49.57,35.62,False
VPW-HYD-PRESS-03,123,1.775,49.12,29.33,False
VPW-HYD-PRESS-03,124,1.782,49.03,38.94,False
VPW-HYD-PRESS-03,125,1.831,48.28,25.75,False
VPW-HYD-PRESS-03,126,1.845,50.04,44.0,False
VPW-HYD-PRESS-03,127,1.772,49.63,44.43,False
VPW-HYD-PRESS-03,128,1.449,48.72,21.73,False
VPW-HYD-PRESS-03,129,1.561,48.81,36.74,False
VPW-HYD-PRESS-03,130,1.737,51.43,21.59,False
VPW-HYD-PRESS-03,131,1.713,49.87,21.45,False
VPW-HYD-PRESS-03,132,1.671,50.62,17.91,False
VPW-HYD-PRESS-03,133,1.717,49.1,26.02,False
VPW-HYD-PRESS-03,134,1.622,51.52,37.71,False
VPW-HYD-PRESS-03,135,1.711,50.04,31.63,False
VPW-HYD-PRESS-03,136,1.649,49.66,41.13,False
VPW-HYD-PRESS-03,137,1.801,51.34,26.65,False
VPW-HYD-PRESS-03,138,1.822,48.52,18.89,False
VPW-HYD-PRESS-03,139,1.571,50.13,38.44,False
VPW-HYD-PRESS-03,140,1.584,51.42,44.6,False
VPW-HYD-PRESS-03,141,1.693,49.42,38.05,False
VPW-HYD-PRESS-03,142,1.765,50.49,19.36,False
VPW-HYD-PRESS-03,143,1.807,51.33,31.78,False
VPW-HYD-PRESS-03,144,1.82,50.26,29.73,False
VPW-HYD-PRESS-03,145,1.835,51.13,43.87,False
VPW-HYD-PRESS-03,146,1.868,50.88,34.75,False
VPW-HYD-PRESS-03,147,1.696,50.15,28.97,False
VPW-HYD-PRESS-03,148,1.853,52.3,39.52,False
VPW-HYD-PRESS-03,149,1.938,50.45,30.9,False
VPW-HYD-PRESS-03,150,1.739,51.72,22.6,False
VPW-HYD-PRESS-03,151,1.945,50.96,45.33,False
VPW-HYD-PRESS-03,152,1.794,52.61,35.45,False
VPW-HYD-PRESS-03,153,1.833,51.61,41.29,False
VPW-HYD-PRESS-03,154,1.845,51.3,25.23,False
VPW-HYD-PRESS-03,155,2.022,51.33,41.1,False
VPW-HYD-PRESS-03,156,1.93,52.14,38.41,False
VPW-HYD-PRESS-03,157,2.188,52.3,21.44,False
VPW-HYD-PRESS-03,158,2.109,51.19,46.09,False
VPW-HYD-PRESS-03,159,2.271,51.01,23.26,False
VPW-HYD-PRESS-03,160,1.976,50.81,18.45,False
VPW-HYD-PRESS-03,161,1.96,51.44,41.63,False
VPW-HYD-PRESS-03,162,2.043,52.82,19.94,False
VPW-HYD-PRESS-03,163,2.042,52.24,27.11,False
VPW-HYD-PRESS-03,164,2.198,50.95,25.19,False
VPW-HYD-PRESS-03,165,1.887,52.59,28.3,False
VPW-HYD-PRESS-03,166,2.193,52.16,35.06,False
VPW-HYD-PRESS-03,167,2.333,52.08,18.83,False
VPW-HYD-PRESS-03,168,2.215,52.58,43.23,False
VPW-HYD-PRESS-03,169,1.987,52.79,44.22,False
VPW-HYD-PRESS-03,170,2.169,52.29,34.63,False
VPW-HYD-PRESS-03,171,2.073,52.86,33.73,False
VPW-HYD-PRESS-03,172,2.099,52.5,40.58,False
VPW-HYD-PRESS-03,173,2.011,52.46,41.73,False
VPW-HYD-PRESS-03,174,2.161,51.77,19.62,False
VPW-HYD-PRESS-03,175,2.112,53.2,42.87,False
VPW-HYD-PRESS-03,176,2.321,53.24,35.15,False
VPW-HYD-PRESS-03,177,2.158,53.03,25.7,False
VPW-HYD-PRESS-03,178,2.156,51.07,28.0,False
VPW-HYD-PRESS-03,179,2.091,52.6,22.48,False
VPW-HYD-PRESS-03,180,2.093,52.3,38.79,False
VPW-HYD-PRESS-03,181,1.821,51.99,32.69,False
VPW-HYD-PRESS-03,182,2.06,52.21,29.57,False
VPW-HYD-PRESS-03,183,1.955,53.15,40.69,False
VPW-HYD-PRESS-03,184,2.081,53.35,45.71,False
VPW-HYD-PRESS-03,185,1.846,53.3,26.38,False
VPW-HYD-PRESS-03,186,2.064,53.21,43.48,False
VPW-HYD-PRESS-03,187,1.912,51.72,26.52,False
VPW-HYD-PRESS-03,188,1.969,53.52,21.47,False
VPW-HYD-PRESS-03,189,2.047,52.68,45.81,False
VPW-HYD-PRESS-03,190,1.887,53.04,37.89,False
VPW-HYD-PRESS-03,191,1.854,53.04,41.94,False
VPW-HYD-PRESS-03,192,1.807,53.75,40.99,False
VPW-HYD-PRESS-03,193,1.9,53.22,45.09,False
VPW-HYD-PRESS-03,194,1.717,52.69,34.33,False
VPW-HYD-PRESS-03,195,1.879,53.17,44.11,False
VPW-HYD-PRESS-03,196,1.637,54.37,18.74,False
VPW-HYD-PRESS-03,197,1.897,53.32,31.98,False
VPW-HYD-PRESS-03,198,1.798,54.58,25.72,False
VPW-HYD-PRESS-03,199,1.845,52.95,44.53,False
VPW-HYD-PRESS-03,200,1.57,53.57,22.86,False
VPW-HYD-PRESS-03,201,1.779,52.91,21.41,False
VPW-HYD-PRESS-03,202,1.787,52.78,43.47,False
VPW-HYD-PRESS-03,203,1.818,52.82,32.53,False
VPW-HYD-PRESS-03,204,1.746,52.11,45.75,False
VPW-HYD-PRESS-03,205,1.777,52.47,35.04,False
VPW-HYD-PRESS-03,206,1.597,51.39,19.7,False
VPW-HYD-PRESS-03,207,1.844,51.56,19.77,False
VPW-HYD-PRESS-03,208,1.778,54.05,25.33,False
VPW-HYD-PRESS-03,209,1.785,52.3,38.28,False
VPW-HYD-PRESS-03,210,1.792,52.53,40.85,False
VPW-HYD-PRESS-03,211,1.762,52.93,31.46,False
VPW-HYD-PRESS-03,212,1.734,51.74,20.88,False
VPW-HYD-PRESS-03,213,1.848,51.54,45.88,False
VPW-HYD-PRESS-03,214,1.718,52.77,24.38,False
VPW-HYD-PRESS-03,215,1.873,52.82,27.9,False
VPW-HYD-PRESS-03,216,1.834,51.64,35.96,False
VPW-HYD-PRESS-03,217,1.837,53.5,20.37,False
VPW-HYD-PRESS-03,218,1.808,51.91,19.71,False
VPW-HYD-PRESS-03,219,1.832,51.34,40.38,False
VPW-HYD-PRESS-03,220,1.945,51.77,22.33,False
VPW-HYD-PRESS-03,221,1.99,52.53,46.56,False
VPW-HYD-PRESS-03,222,2.004,51.62,36.24,False
VPW-HYD-PRESS-03,223,1.972,51.46,32.27,False
VPW-HYD-PRESS-03,224,1.896,50.87,28.32,False
VPW-HYD-PRESS-03,225,2.106,52.21,40.65,False
VPW-HYD-PRESS-03,226,1.893,51.0,17.15,False
VPW-HYD-PRESS-03,227,1.907,50.12,36.63,False
VPW-HYD-PRESS-03,228,1.888,51.64,44.95,False
VPW-HYD-PRESS-03,229,2.178,52.74,26.43,False
VPW-HYD-PRESS-03,230,2.024,51.27,18.57,False
VPW-HYD-PRESS-03,231,2.097,51.44,28.77,False
VPW-HYD-PRESS-03,232,2.065,51.64,42.82,False
VPW-HYD-PRESS-03,233,2.157,51.14,34.9,False
VPW-HYD-PRESS-03,234,2.045,51.21,29.91,False
VPW-HYD-PRESS-03,235,2.143,51.1,25.98,False
VPW-HYD-PRESS-03,236,2.071,49.86,39.1,False
VPW-HYD-PRESS-03,237,2.114,50.7,20.18,False
VPW-HYD-PRESS-03,238,2.142,49.89,23.11,False
VPW-HYD-PRESS-03,239,2.08,51.12,41.06,False
VPW-HYD-PRESS-03,240,2.148,51.0,41.04,False
VPW-HYD-PRESS-03,241,2.151,49.7,39.21,False
VPW-HYD-PRESS-03,242,2.209,50.77,20.06,False
VPW-HYD-PRESS-03,243,2.214,49.91,35.88,False
VPW-HYD-PRESS-03,244,2.309,50.34,45.23,False
VPW-HYD-PRESS-03,245,2.171,51.62,36.11,False
VPW-HYD-PRESS-03,246,2.316,50.69,39.68,False
VPW-HYD-PRESS-03,247,2.196,50.13,22.22,False
VPW-HYD-PRESS-03,248,2.192,50.45,20.44,False
VPW-HYD-PRESS-03,249,2.085,49.42,33.19,False
VPW-HYD-PRESS-03,250,2.285,48.96,39.02,False
VPW-HYD-PRESS-03,251,2.024,50.61,28.0,False
VPW-HYD-PRESS-03,252,2.211,50.57,34.79,False
VPW-HYD-PRESS-03,253,2.037,48.6,42.3,False
VPW-HYD-PRESS-03,254,2.057,49.84,22.37,False
VPW-HYD-PRESS-03,255,2.13,49.14,37.15,False
VPW-HYD-PRESS-03,256,2.046,49.57,29.71,False
VPW-HYD-PRESS-03,257,2.306,49.05,22.39,False
VPW-HYD-PRESS-03,258,2.136,49.31,20.42,False
VPW-HYD-PRESS-03,259,2.115,50.02,19.29,False
VPW-HYD-PRESS-03,260,2.203,49.92,22.91,False
VPW-HYD-PRESS-03,261,2.102,50.69,41.82,False
VPW-HYD-PRESS-03,262,2.061,49.54,30.63,False
VPW-HYD-PRESS-03,263,1.99,49.81,31.05,False
VPW-HYD-PRESS-03,264,2.067,49.0,29.25,False
VPW-HYD-PRESS-03,265,2.05,48.8,21.57,False
VPW-HYD-PRESS-03,266,1.885,50.31,39.38,False
VPW-HYD-PRESS-03,267,1.905,50.44,20.95,False
VPW-HYD-PRESS-03,268,1.904,52.08,38.25,False
VPW-HYD-PRESS-03,269,1.819,49.14,31.58,False
VPW-HYD-PRESS-03,270,1.81,49.99,43.94,False
VPW-HYD-PRESS-03,271,1.818,48.34,43.58,False
VPW-HYD-PRESS-03,272,1.83,48.93,37.01,False
VPW-HYD-PRESS-03,273,1.789,50.7,45.62,False
VPW-HYD-PRESS-03,274,1.691,50.01,20.98,False
VPW-HYD-PRESS-03,275,1.763,50.61,40.62,False
VPW-HYD-PRESS-03,276,1.692,48.56,34.71,False
VPW-HYD-PRESS-03,277,1.761,49.71,24.03,False
VPW-HYD-PRESS-03,278,1.793,49.75,40.28,False
VPW-HYD-PRESS-03,279,1.641,51.53,31.07,False
VPW-HYD-PRESS-03,280,1.737,52.37,36.44,False
VPW-HYD-PRESS-03,281,1.755,50.98,25.68,False
VPW-HYD-PRESS-03,282,1.961,50.89,35.96,False
VPW-HYD-PRESS-03,283,1.722,50.18,38.44,False
VPW-HYD-PRESS-03,284,1.653,50.3,23.07,False
VPW-HYD-PRESS-03,285,1.606,50.15,24.66,False
VPW-HYD-PRESS-03,286,1.834,50.19,28.5,False
VPW-HYD-PRESS-03,287,1.721,49.29,42.82,False
VPW-HYD-PRESS-03,288,1.842,51.19,18.54,False
VPW-HYD-PRESS-03,289,1.759,52.74,39.69,False
VPW-HYD-PRESS-03,290,1.791,50.49,35.71,False
VPW-HYD-PRESS-03,291,1.683,52.06,44.4,False
VPW-HYD-PRESS-03,292,1.856,51.21,33.6,False
VPW-HYD-PRESS-03,293,1.911,51.1,32.22,False
VPW-HYD-PRESS-03,294,1.944,51.51,21.37,False
VPW-HYD-PRESS-03,295,1.783,49.84,30.83,False
VPW-HYD-PRESS-03,296,1.789,51.75,26.85,False
VPW-HYD-PRESS-03,297,1.793,50.2,29.21,False
VPW-HYD-PRESS-03,298,1.891,51.77,31.58,False
VPW-HYD-PRESS-03,299,1.981,52.26,32.72,False
VPW-HYD-PRESS-03,300,2.067,51.22,26.9,False
VPW-HYD-PRESS-03,301,2.021,51.2,37.78,False
VPW-HYD-PRESS-03,302,2.199,50.51,24.59,False
VPW-HYD-PRESS-03,303,2.076,50.48,36.63,False
VPW-HYD-PRESS-03,304,2.037,52.22,38.85,False
VPW-HYD-PRESS-03,305,2.006,51.69,29.59,False
VPW-HYD-PRESS-03,306,1.99,51.84,44.62,False
VPW-HYD-PRESS-03,307,1.985,51.65,30.82,False
VPW-HYD-PRESS-03,308,2.003,52.26,26.15,False
VPW-HYD-PRESS-03,309,2.215,52.19,30.98,False
VPW-HYD-PRESS-03,310,2.164,52.6,35.09,False
VPW-HYD-PRESS-03,311,2.195,51.08,46.46,False
VPW-HYD-PRESS-03,312,1.974,52.15,25.44,False
VPW-HYD-PRESS-03,313,2.025,51.82,31.74,False
VPW-HYD-PRESS-03,314,2.276,52.11,34.67,False
VPW-HYD-PRESS-03,315,2.065,52.32,34.05,False
VPW-HYD-PRESS-03,316,2.218,52.07,42.35,False
VPW-HYD-PRESS-03,317,2.076,52.16,21.09,False
VPW-HYD-PRESS-03,318,2.029,53.07,41.82,False
VPW-HYD-PRESS-03,319,2.271,52.42,41.54,False
VPW-HYD-PRESS-03,320,2.259,53.18,42.74,False
VPW-HYD-PRESS-03,321,2.254,52.43,18.62,False
VPW-HYD-PRESS-03,322,2.202,53.24,24.21,False
VPW-HYD-PRESS-03,323,2.014,52.05,33.21,False
VPW-HYD-PRESS-03,324,2.138,53.98,39.57,False
VPW-HYD-PRESS-03,325,2.247,52.58,27.98,False
VPW-HYD-PRESS-03,326,2.206,54.16,24.24,False
VPW-HYD-PRESS-03,327,2.166,52.68,26.01,False
VPW-HYD-PRESS-03,328,2.238,52.85,31.68,False
VPW-HYD-PRESS-03,329,2.077,51.95,21.9,False
VPW-HYD-PRESS-03,330,2.222,53.23,40.79,False
VPW-HYD-PRESS-03,331,2.09,53.47,18.84,False
VPW-HYD-PRESS-03,332,2.053,53.01,24.39,False
VPW-HYD-PRESS-03,333,2.085,53.34,22.05,False
VPW-HYD-PRESS-03,334,2.015,52.04,43.0,False
VPW-HYD-PRESS-03,335,2.315,52.67,38.93,False
VPW-HYD-PRESS-03,336,1.86,52.23,32.67,False
VPW-HYD-PRESS-03,337,2.205,52.61,40.56,False
VPW-HYD-PRESS-03,338,2.049,53.61,27.94,False
VPW-HYD-PRESS-03,339,1.859,54.29,25.18,False
VPW-HYD-PRESS-03,340,1.837,53.0,31.01,False
VPW-HYD-PRESS-03,341,1.791,52.77,32.41,False
VPW-HYD-PRESS-03,342,1.888,55.07,21.39,False
VPW-HYD-PRESS-03,343,1.944,51.96,39.63,False
VPW-HYD-PRESS-03,344,1.81,54.91,34.91,False
VPW-HYD-PRESS-03,345,2.014,53.01,21.43,False
VPW-HYD-PRESS-03,346,1.858,53.18,35.46,False
VPW-HYD-PRESS-03,347,1.624,54.74,18.05,False
VPW-HYD-PRESS-03,348,1.988,53.52,44.24,False
VPW-HYD-PRESS-03,349,1.79,51.86,31.74,False
VPW-HYD-PRESS-03,350,1.708,52.61,20.54,False
VPW-HYD-PRESS-03,351,1.785,53.35,32.2,False
VPW-HYD-PRESS-03,352,1.838,53.37,26.46,False
VPW-HYD-PRESS-03,353,1.817,53.49,41.46,False
VPW-HYD-PRESS-03,354,1.668,53.11,32.96,False
VPW-HYD-PRESS-03,355,1.855,52.87,30.03,False
VPW-HYD-PRESS-03,356,1.682,52.71,18.88,False
VPW-HYD-PRESS-03,357,1.719,52.24,43.23,False
VPW-HYD-PRESS-03,358,1.82,52.53,44.78,False
VPW-HYD-PRESS-03,359,1.834,52.08,21.98,False
VPW-HYD-PRESS-03,360,2.006,52.49,30.7,False
VPW-HYD-PRESS-03,361,1.668,53.49,37.67,False
VPW-HYD-PRESS-03,362,1.832,51.84,40.56,False
VPW-HYD-PRESS-03,363,1.927,52.61,33.07,False
VPW-HYD-PRESS-03,364,1.843,52.71,36.47,False
VPW-HYD-PRESS-03,365,1.925,52.51,28.45,False
VPW-HYD-PRESS-03,366,1.885,52.95,35.57,False
VPW-HYD-PRESS-03,367,1.882,55.19,22.73,False
VPW-HYD-PRESS-03,368,1.905,52.45,23.46,False
VPW-HYD-PRESS-03,369,1.895,52.05,35.05,False
VPW-HYD-PRESS-03,370,2.045,52.49,37.23,False
VPW-HYD-PRESS-03,371,2.011,52.11,26.94,False
VPW-HYD-PRESS-03,372,1.741,52.45,20.96,False
VPW-HYD-PRESS-03,373,2.043,52.23,25.34,False
VPW-HYD-PRESS-03,374,1.913,51.77,35.11,False
VPW-HYD-PRESS-03,375,1.877,52.0,40.17,False
VPW-HYD-PRESS-03,376,1.934,51.68,18.99,False
VPW-HYD-PRESS-03,377,1.946,52.54,39.7,False
VPW-HYD-PRESS-03,378,2.025,52.2,26.04,False
VPW-HYD-PRESS-03,379,2.105,52.21,37.66,False
VPW-HYD-PRESS-03,380,2.056,49.72,38.57,False
VPW-HYD-PRESS-03,381,2.165,52.23,21.92,False
VPW-HYD-PRESS-03,382,2.087,52.16,33.58,False
VPW-HYD-PRESS-03,383,2.322,51.96,34.67,False
VPW-HYD-PRESS-03,384,2.245,50.64,43.91,False
VPW-HYD-PRESS-03,385,2.119,51.03,40.62,False
VPW-HYD-PRESS-03,386,1.914,51.58,36.8,False
VPW-HYD-PRESS-03,387,2.17,50.03,25.94,False
VPW-HYD-PRESS-03,388,2.211,51.53,39.14,False
VPW-HYD-PRESS-03,389,2.128,51.18,36.52,False
VPW-HYD-PRESS-03,390,2.145,50.57,40.94,False
VPW-HYD-PRESS-03,391,2.194,52.49,34.74,False
VPW-HYD-PRESS-03,392,2.238,50.92,23.07,False
VPW-HYD-PRESS-03,393,2.164,50.35,18.08,False
VPW-HYD-PRESS-03,394,2.151,51.83,21.71,False
VPW-HYD-PRESS-03,395,2.266,51.22,23.95,False
VPW-HYD-PRESS-03,396,2.218,51.69,22.68,False
VPW-HYD-PRESS-03,397,2.172,50.58,35.54,False
VPW-HYD-PRESS-03,398,2.326,51.04,44.94,False
VPW-HYD-PRESS-03,399,2.119,49.95,36.01,False
VPW-HYD-PRESS-03,400,2.077,51.28,29.6,False
VPW-HYD-PRESS-03,401,2.238,51.31,28.72,False
VPW-HYD-PRESS-03,402,2.229,50.63,43.24,False
VPW-HYD-PRESS-03,403,2.211,50.98,35.58,False
VPW-HYD-PRESS-03,404,2.157,51.19,31.43,False
VPW-HYD-PRESS-03,405,2.138,51.54,33.75,False
VPW-HYD-PRESS-03,406,2.137,49.62,21.95,False
VPW-HYD-PRESS-03,407,2.041,50.6,24.71,False
VPW-HYD-PRESS-03,408,2.112,49.42,21.99,False
VPW-HYD-PRESS-03,409,1.993,51.41,23.74,False
VPW-HYD-PRESS-03,410,1.996,50.53,28.49,False
VPW-HYD-PRESS-03,411,2.068,50.51,24.18,False
VPW-HYD-PRESS-03,412,2.127,50.84,26.26,False
VPW-HYD-PRESS-03,413,2.312,50.35,37.73,False
VPW-HYD-PRESS-03,414,2.095,50.5,21.74,False
VPW-HYD-PRESS-03,415,2.188,50.71,20.58,False
VPW-HYD-PRESS-03,416,1.971,50.57,34.19,False
VPW-HYD-PRESS-03,417,1.962,51.0,34.51,False
VPW-HYD-PRESS-03,418,2.141,50.78,40.58,False
VPW-HYD-PRESS-03,419,2.038,49.44,19.13,False
VPW-HYD-PRESS-03,420,1.84,50.08,33.78,False
VPW-HYD-PRESS-03,421,1.867,49.3,22.42,False
VPW-HYD-PRESS-03,422,1.791,50.24,20.53,False
VPW-HYD-PRESS-03,423,1.893,50.67,27.32,False
VPW-HYD-PRESS-03,424,1.872,50.88,24.91,False
VPW-HYD-PRESS-03,425,1.554,50.43,37.0,False
VPW-HYD-PRESS-03,426,1.967,50.9,41.26,False
VPW-HYD-PRESS-03,427,1.766,50.52,32.63,False
VPW-HYD-PRESS-03,428,1.821,51.25,35.28,False
VPW-HYD-PRESS-03,429,1.852,48.31,18.58,False
VPW-HYD-PRESS-03,430,1.696,51.54,37.69,False
VPW-HYD-PRESS-03,431,1.869,50.03,18.67,False
VPW-HYD-PRESS-03,432,1.796,49.13,19.48,False
VPW-HYD-PRESS-03,433,1.774,50.25,44.81,False
VPW-HYD-PRESS-03,434,1.619,50.02,39.96,False
VPW-HYD-PRESS-03,435,2.039,51.51,20.48,False
VPW-HYD-PRESS-03,436,1.801,51.97,31.48,False
VPW-HYD-PRESS-03,437,1.745,50.5,45.51,False
VPW-HYD-PRESS-03,438,1.845,51.91,23.13,False
VPW-HYD-PRESS-03,439,1.818,50.58,24.5,False
VPW-HYD-PRESS-03,440,1.787,51.0,38.15,False
VPW-HYD-PRESS-03,441,1.694,51.76,35.34,False
VPW-HYD-PRESS-03,442,1.823,51.99,42.41,False
VPW-HYD-PRESS-03,443,1.769,52.27,40.76,False
VPW-HYD-PRESS-03,444,1.885,52.37,46.15,False
VPW-HYD-PRESS-03,445,1.958,51.8,41.66,False
VPW-HYD-PRESS-03,446,1.935,52.51,28.94,False
VPW-HYD-PRESS-03,447,2.065,50.32,19.67,False
VPW-HYD-PRESS-03,448,1.935,52.11,21.77,False
VPW-HYD-PRESS-03,449,1.866,51.17,19.41,False
VPW-HYD-PRESS-03,450,1.857,52.61,45.39,False
VPW-HYD-PRESS-03,451,2.09,51.59,25.91,False
VPW-HYD-PRESS-03,452,2.206,51.88,36.04,False
VPW-HYD-PRESS-03,453,2.004,52.22,33.92,False
VPW-HYD-PRESS-03,454,2.172,52.95,28.55,False
VPW-HYD-PRESS-03,455,1.958,51.26,19.1,False
VPW-HYD-PRESS-03,456,2.035,51.62,25.84,False
VPW-HYD-PRESS-03,457,2.174,52.45,28.66,False
VPW-HYD-PRESS-03,458,2.048,52.33,33.54,False
VPW-HYD-PRESS-03,459,2.144,52.33,44.94,False
VPW-HYD-PRESS-03,460,2.086,52.62,42.54,False
VPW-HYD-PRESS-03,461,2.169,52.05,36.67,False
VPW-HYD-PRESS-03,462,2.209,53.35,29.2,False
VPW-HYD-PRESS-03,463,2.064,53.06,27.42,False
VPW-HYD-PRESS-03,464,2.225,51.72,19.36,False
VPW-HYD-PRESS-03,465,1.976,52.51,32.05,False
VPW-HYD-PRESS-03,466,2.06,52.75,33.75,False
VPW-HYD-PRESS-03,467,2.284,52.99,42.28,False
VPW-HYD-PRESS-03,468,2.346,52.79,39.81,False
VPW-HYD-PRESS-03,469,2.241,52.29,27.37,False
VPW-HYD-PRESS-03,470,2.164,53.64,32.0,False
VPW-HYD-PRESS-03,471,2.251,53.53,30.12,False
VPW-HYD-PRESS-03,472,2.311,53.26,21.11,False
VPW-HYD-PRESS-03,473,2.213,52.58,23.01,False
VPW-HYD-PRESS-03,474,2.227,53.29,30.97,False
VPW-HYD-PRESS-03,475,2.338,54.23,23.77,False
VPW-HYD-PRESS-03,476,2.011,53.64,22.26,False
VPW-HYD-PRESS-03,477,2.274,52.09,40.31,False
VPW-HYD-PRESS-03,478,2.13,53.25,30.25,False
VPW-HYD-PRESS-03,479,2.1,53.4,19.14,False
VPW-HYD-PRESS-03,480,2.293,51.55,41.44,False
VPW-HYD-PRESS-03,481,2.093,53.28,27.96,False
VPW-HYD-PRESS-03,482,2.094,53.39,38.59,False
VPW-HYD-PRESS-03,483,2.198,53.07,37.69,False
VPW-HYD-PRESS-03,484,2.254,54.0,18.79,False
VPW-HYD-PRESS-03,485,2.136,53.19,44.68,False
VPW-HYD-PRESS-03,486,2.201,53.45,38.32,False
VPW-HYD-PRESS-03,487,2.02,51.35,42.79,False
VPW-HYD-PRESS-03,488,2.082,52.31,37.38,False
VPW-HYD-PRESS-03,489,1.902,52.78,36.15,False
VPW-HYD-PRESS-03,490,2.093,53.93,20.29,False
VPW-HYD-PRESS-03,491,2.024,52.48,46.02,False
VPW-HYD-PRESS-03,492,2.166,54.25,43.29,False
VPW-HYD-PRESS-03,493,1.868,53.59,44.73,False
VPW-HYD-PRESS-03,494,1.887,55.49,39.72,False
VPW-HYD-PRESS-03,495,1.926,52.96,19.67,False
VPW-HYD-PRESS-03,496,1.945,55.03,22.96,False
VPW-HYD-PRESS-03,497,1.944,53.27,26.31,False
VPW-HYD-PRESS-03,498,1.847,52.61,41.59,False
VPW-HYD-PRESS-03,499,1.761,52.86,45.41,False
VPW-HYD-PRESS-03,500,1.813,54.16,29.97,False
VPW-HYD-PRESS-03,501,1.859,54.94,25.06,False
VPW-HYD-PRESS-03,502,1.908,54.76,37.25,False
VPW-HYD-PRESS-03,503,2.017,53.02,24.74,False
VPW-HYD-PRESS-03,504,1.814,53.92,43.75,False
VPW-HYD-PRESS-03,505,1.808,53.5,42.35,False
VPW-HYD-PRESS-03,506,1.917,54.08,33.56,False
VPW-HYD-PRESS-03,507,1.912,51.41,25.02,False
VPW-HYD-PRESS-03,508,1.927,52.66,35.49,False
VPW-HYD-PRESS-03,509,1.915,53.5,24.43,False
VPW-HYD-PRESS-03,510,1.844,52.97,43.51,False
VPW-HYD-PRESS-03,511,1.784,52.2,32.81,False
VPW-HYD-PRESS-03,512,1.723,51.46,43.63,False
VPW-HYD-PRESS-03,513,1.952,52.75,25.51,False
VPW-HYD-PRESS-03,514,1.714,51.89,19.42,False
VPW-HYD-PRESS-03,515,1.968,53.54,25.28,False
VPW-HYD-PRESS-03,516,1.696,53.6,41.05,False
VPW-HYD-PRESS-03,517,2.04,53.18,38.04,False
VPW-HYD-PRESS-03,518,1.922,53.27,37.42,False
VPW-HYD-PRESS-03,519,1.804,52.2,28.78,False
VPW-HYD-PRESS-03,520,2.042,53.82,32.27,False
VPW-HYD-PRESS-03,521,1.964,52.24,34.3,False
VPW-HYD-PRESS-03,522,1.921,52.24,20.16,False
VPW-HYD-PRESS-03,523,1.833,52.18,23.56,False
VPW-HYD-PRESS-03,524,2.009,54.54,33.97,False
VPW-HYD-PRESS-03,525,2.015,52.51,24.33,False
VPW-HYD-PRESS-03,526,1.859,52.15,45.18,False
VPW-HYD-PRESS-03,527,1.997,52.28,34.33,False
VPW-HYD-PRESS-03,528,2.056,51.13,32.84,False
VPW-HYD-PRESS-03,529,2.098,53.25,18.02,False
VPW-HYD-PRESS-03,530,2.095,51.46,36.82,False
VPW-HYD-PRESS-03,531,2.072,51.25,20.97,False
VPW-HYD-PRESS-03,532,2.265,50.55,29.14,False
VPW-HYD-PRESS-03,533,1.943,50.43,43.37,False
VPW-HYD-PRESS-03,534,2.081,51.49,18.86,False
VPW-HYD-PRESS-03,535,2.224,50.69,25.5,False
VPW-HYD-PRESS-03,536,2.127,51.8,44.39,False
VPW-HYD-PRESS-03,537,2.183,51.44,32.8,False
VPW-HYD-PRESS-03,538,2.267,52.03,29.36,False
VPW-HYD-PRESS-03,539,2.219,51.03,24.61,False
VPW-HYD-PRESS-03,540,2.056,50.76,26.14,False
VPW-HYD-PRESS-03,541,2.303,52.31,38.22,False
VPW-HYD-PRESS-03,542,2.381,51.9,44.31,False
VPW-HYD-PRESS-03,543,2.315,50.63,36.83,False
VPW-HYD-PRESS-03,544,2.335,49.77,31.2,False
VPW-HYD-PRESS-03,545,2.341,50.27,26.91,False
VPW-HYD-PRESS-03,546,2.308,51.01,40.49,False
VPW-HYD-PRESS-03,547,2.319,50.27,44.97,False
VPW-HYD-PRESS-03,548,2.274,51.39,36.31,False
VPW-HYD-PRESS-03,549,2.224,51.8,26.74,False
VPW-HYD-PRESS-03,550,2.41,51.3,18.82,False
VPW-HYD-PRESS-03,551,2.325,50.5,28.26,False
VPW-HYD-PRESS-03,552,2.257,50.97,45.61,False
VPW-HYD-PRESS-03,553,2.337,50.77,31.14,False
VPW-HYD-PRESS-03,554,2.301,51.07,22.58,False
VPW-HYD-PRESS-03,555,2.182,50.5,22.28,False
VPW-HYD-PRESS-03,556,2.085,50.42,39.26,False
VPW-HYD-PRESS-03,557,2.145,50.23,31.66,False
VPW-HYD-PRESS-03,558,2.124,50.66,32.04,False
VPW-HYD-PRESS-03,559,2.228,50.35,36.25,False
VPW-HYD-PRESS-03,560,2.124,50.73,22.62,False
VPW-HYD-PRESS-03,561,2.045,50.74,32.0,False
VPW-HYD-PRESS-03,562,2.069,49.65,45.35,False
VPW-HYD-PRESS-03,563,2.213,51.48,34.67,False
VPW-HYD-PRESS-03,564,2.003,51.63,20.62,False
VPW-HYD-PRESS-03,565,2.122,49.46,19.99,False
VPW-HYD-PRESS-03,566,2.081,50.34,30.15,False
VPW-HYD-PRESS-03,567,1.911,51.02,19.97,False
VPW-HYD-PRESS-03,568,2.028,50.23,32.96,False
VPW-HYD-PRESS-03,569,1.996,51.75,29.64,False
VPW-HYD-PRESS-03,570,1.979,51.2,20.0,False
VPW-HYD-PRESS-03,571,2.091,50.55,42.52,False
VPW-HYD-PRESS-03,572,2.111,50.49,30.67,False
VPW-HYD-PRESS-03,573,1.844,50.01,25.5,False
VPW-HYD-PRESS-03,574,2.087,49.38,41.45,False
VPW-HYD-PRESS-03,575,1.963,49.71,43.56,False
VPW-HYD-PRESS-03,576,1.943,51.96,26.21,False
VPW-HYD-PRESS-03,577,1.777,51.35,43.93,False
VPW-HYD-PRESS-03,578,1.958,50.76,45.34,False
VPW-HYD-PRESS-03,579,1.736,51.25,45.55,False
VPW-HYD-PRESS-03,580,1.885,51.7,42.15,False
VPW-HYD-PRESS-03,581,1.963,49.37,24.73,False
VPW-HYD-PRESS-03,582,1.938,50.73,25.87,False
VPW-HYD-PRESS-03,583,1.918,50.82,29.6,False
VPW-HYD-PRESS-03,584,1.903,50.74,29.98,False
VPW-HYD-PRESS-03,585,1.903,51.36,23.35,False
VPW-HYD-PRESS-03,586,1.99,51.35,28.68,False
VPW-HYD-PRESS-03,587,1.88,51.99,22.6,False
VPW-HYD-PRESS-03,588,1.716,51.15,20.79,False
VPW-HYD-PRESS-03,589,1.917,51.75,27.57,False
VPW-HYD-PRESS-03,590,1.865,52.06,42.14,False
VPW-HYD-PRESS-03,591,1.935,51.56,32.2,False
VPW-HYD-PRESS-03,592,1.935,52.25,22.32,False
VPW-HYD-PRESS-03,593,1.979,51.37,27.26,False
VPW-HYD-PRESS-03,594,1.889,51.14,35.03,False
VPW-HYD-PRESS-03,595,1.857,52.28,24.05,False
VPW-HYD-PRESS-03,596,2.158,50.68,22.13,False
VPW-HYD-PRESS-03,597,2.009,50.47,20.04,False
VPW-HYD-PRESS-03,598,2.088,52.28,20.86,False
VPW-HYD-PRESS-03,599,1.968,51.16,17.76,False
VPW-HYD-PRESS-03,600,1.97,51.69,24.38,False
VPW-HYD-PRESS-03,601,2.051,53.22,22.32,False
VPW-HYD-PRESS-03,602,2.155,53.09,41.63,False
VPW-HYD-PRESS-03,603,1.993,52.21,28.77,False
VPW-HYD-PRESS-03,604,2.143,53.15,34.66,False
VPW-HYD-PRESS-03,605,2.219,52.57,40.47,False
VPW-HYD-PRESS-03,606,1.973,52.03,22.25,False
VPW-HYD-PRESS-03,607,2.419,52.71,39.82,False
VPW-HYD-PRESS-03,608,2.027,52.6,45.41,False
VPW-HYD-PRESS-03,609,2.232,53.92,19.28,False
VPW-HYD-PRESS-03,610,2.252,51.61,25.52,False
VPW-HYD-PRESS-03,611,2.368,53.0,32.32,False
VPW-HYD-PRESS-03,612,2.141,52.4,43.84,False
VPW-HYD-PRESS-03,613,2.252,52.94,19.81,False
VPW-HYD-PRESS-03,614,2.192,52.81,42.94,False
VPW-HYD-PRESS-03,615,2.357,52.82,32.28,False
VPW-HYD-PRESS-03,616,2.248,52.77,37.39,False
VPW-HYD-PRESS-03,617,2.362,52.99,30.84,False
VPW-HYD-PRESS-03,618,2.35,53.29,35.47,False
VPW-HYD-PRESS-03,619,2.375,54.26,30.82,False
VPW-HYD-PRESS-03,620,2.371,54.36,29.85,False
VPW-HYD-PRESS-03,621,2.203,52.69,32.47,False
VPW-HYD-PRESS-03,622,2.509,53.6,41.92,False
VPW-HYD-PRESS-03,623,2.31,52.96,36.53,False
VPW-HYD-PRESS-03,624,2.282,53.47,34.85,False
VPW-HYD-PRESS-03,625,2.281,53.44,22.81,False
VPW-HYD-PRESS-03,626,2.258,53.47,25.45,False
VPW-HYD-PRESS-03,627,2.564,54.21,18.86,False
VPW-HYD-PRESS-03,628,2.198,54.06,25.81,False
VPW-HYD-PRESS-03,629,2.157,54.65,29.44,False
VPW-HYD-PRESS-03,630,2.225,54.18,37.55,False
VPW-HYD-PRESS-03,631,2.245,53.01,35.76,False
VPW-HYD-PRESS-03,632,2.227,53.82,42.41,False
VPW-HYD-PRESS-03,633,2.292,54.0,29.27,False
VPW-HYD-PRESS-03,634,2.265,53.5,39.44,False
VPW-HYD-PRESS-03,635,2.267,54.44,34.37,False
VPW-HYD-PRESS-03,636,2.232,54.81,39.72,False
VPW-HYD-PRESS-03,637,2.235,55.44,44.63,False
VPW-HYD-PRESS-03,638,2.184,54.7,36.96,False
VPW-HYD-PRESS-03,639,2.125,53.12,35.15,False
VPW-HYD-PRESS-03,640,2.281,54.75,32.1,False
VPW-HYD-PRESS-03,641,1.96,54.05,18.1,False
VPW-HYD-PRESS-03,642,2.064,53.26,41.13,False
VPW-HYD-PRESS-03,643,2.129,54.14,44.35,False
VPW-HYD-PRESS-03,644,2.195,55.27,40.42,False
VPW-HYD-PRESS-03,645,2.061,52.46,21.59,False
VPW-HYD-PRESS-03,646,2.092,53.17,40.96,False
VPW-HYD-PRESS-03,647,2.042,53.87,30.79,False
VPW-HYD-PRESS-03,648,1.896,54.64,41.2,False
VPW-HYD-PRESS-03,649,2.08,53.67,22.61,False
VPW-HYD-PRESS-03,650,1.798,52.89,21.01,False
VPW-HYD-PRESS-03,651,2.08,52.61,22.69,False
VPW-HYD-PRESS-03,652,1.952,53.52,24.42,False
VPW-HYD-PRESS-03,653,1.885,53.6,34.43,False
VPW-HYD-PRESS-03,654,1.982,53.11,36.23,False
VPW-HYD-PRESS-03,655,1.919,52.96,35.26,False
VPW-HYD-PRESS-03,656,1.792,52.46,23.69,False
VPW-HYD-PRESS-03,657,1.838,55.62,24.16,False
VPW-HYD-PRESS-03,658,1.906,55.44,38.32,False
VPW-HYD-PRESS-03,659,1.967,54.2,21.52,False
VPW-HYD-PRESS-03,660,2.073,54.29,19.67,False
VPW-HYD-PRESS-03,661,1.594,52.0,36.95,False
VPW-HYD-PRESS-03,662,1.92,54.42,37.4,False
VPW-HYD-PRESS-03,663,1.763,54.4,17.63,False
VPW-HYD-PRESS-03,664,1.799,53.31,41.62,False
VPW-HYD-PRESS-03,665,1.879,54.23,31.98,False
VPW-HYD-PRESS-03,666,1.827,52.4,36.24,False
VPW-HYD-PRESS-03,667,1.814,54.76,46.27,False
VPW-HYD-PRESS-03,668,2.115,51.87,35.98,False
VPW-HYD-PRESS-03,669,1.922,52.77,21.36,False
VPW-HYD-PRESS-03,670,1.972,52.71,27.24,False
VPW-HYD-PRESS-03,671,1.991,52.85,29.44,False
VPW-HYD-PRESS-03,672,1.989,51.89,19.14,False
VPW-HYD-PRESS-03,673,1.932,54.31,33.78,False
VPW-HYD-PRESS-03,674,1.859,52.45,40.57,False
VPW-HYD-PRESS-03,675,1.977,54.25,46.16,False
VPW-HYD-PRESS-03,676,2.054,51.97,18.47,False
VPW-HYD-PRESS-03,677,2.334,52.05,21.27,False
VPW-HYD-PRESS-03,678,2.028,52.79,32.1,False
VPW-HYD-PRESS-03,679,2.241,52.61,29.91,False
VPW-HYD-PRESS-03,680,2.193,52.14,38.1,False
VPW-HYD-PRESS-03,681,2.156,50.89,42.19,False
VPW-HYD-PRESS-03,682,2.078,52.32,28.81,False
VPW-HYD-PRESS-03,683,2.063,55.0,32.14,False
VPW-HYD-PRESS-03,684,2.2,51.18,17.65,False
VPW-HYD-PRESS-03,685,2.271,52.02,45.11,False
VPW-HYD-PRESS-03,686,2.414,51.97,39.43,False
VPW-HYD-PRESS-03,687,2.28,53.83,40.06,False
VPW-HYD-PRESS-03,688,2.3,53.04,25.27,False
VPW-HYD-PRESS-03,689,2.34,51.54,44.29,False
VPW-HYD-PRESS-03,690,2.417,50.24,42.4,False
VPW-HYD-PRESS-03,691,2.319,51.04,31.63,False
VPW-HYD-PRESS-03,692,2.214,51.75,42.31,False
VPW-HYD-PRESS-03,693,2.479,51.63,26.93,False
VPW-HYD-PRESS-03,694,2.168,51.71,24.41,False
VPW-HYD-PRESS-03,695,2.223,52.29,36.66,False
VPW-HYD-PRESS-03,696,2.376,52.28,27.87,False
VPW-HYD-PRESS-03,697,2.409,52.29,36.73,False
VPW-HYD-PRESS-03,698,2.461,51.02,33.82,False
VPW-HYD-PRESS-03,699,2.303,51.52,20.87,False
VPW-HYD-PRESS-03,700,2.347,51.69,35.03,False
VPW-HYD-PRESS-03,701,2.313,50.72,37.83,False
VPW-HYD-PRESS-03,702,2.354,51.1,31.4,False
VPW-HYD-PRESS-03,703,2.393,51.6,21.95,False
VPW-HYD-PRESS-03,704,2.105,51.4,36.38,False
VPW-HYD-PRESS-03,705,2.257,52.58,28.98,False
VPW-HYD-PRESS-03,706,2.304,52.12,38.53,False
VPW-HYD-PRESS-03,707,2.299,50.89,20.59,False
VPW-HYD-PRESS-03,708,2.259,50.55,41.47,False
VPW-HYD-PRESS-03,709,2.242,50.65,20.82,False
VPW-HYD-PRESS-03,710,2.215,49.73,23.12,False
VPW-HYD-PRESS-03,711,2.094,51.15,38.99,False
VPW-HYD-PRESS-03,712,2.211,51.23,19.32,False
VPW-HYD-PRESS-03,713,2.152,50.62,25.94,False
VPW-HYD-PRESS-03,714,2.147,49.43,38.29,False
VPW-HYD-PRESS-03,715,2.162,50.44,40.67,False
VPW-HYD-PRESS-03,716,2.083,49.93,22.74,False
VPW-HYD-PRESS-03,717,2.207,51.45,20.85,False
VPW-HYD-PRESS-03,718,2.112,51.35,19.87,False
VPW-HYD-PRESS-03,719,2.095,50.96,32.76,False
VPW-CONV-BELT-01,0,2.665,46.05,31.5,False
VPW-CONV-BELT-01,1,2.637,46.79,25.14,False
VPW-CONV-BELT-01,2,2.528,46.3,40.04,False
VPW-CONV-BELT-01,3,2.678,46.09,36.46,False
VPW-CONV-BELT-01,4,2.637,46.09,41.47,False
VPW-CONV-BELT-01,5,2.563,47.02,30.5,False
VPW-CONV-BELT-01,6,2.769,45.7,21.92,False
VPW-CONV-BELT-01,7,2.69,47.15,33.31,False
VPW-CONV-BELT-01,8,2.741,46.16,38.84,False
VPW-CONV-BELT-01,9,2.642,46.17,42.39,False
VPW-CONV-BELT-01,10,2.631,46.5,30.31,False
VPW-CONV-BELT-01,11,2.869,48.2,36.52,False
VPW-CONV-BELT-01,12,2.571,46.11,33.24,False
VPW-CONV-BELT-01,13,2.664,46.94,29.53,False
VPW-CONV-BELT-01,14,2.589,46.54,28.89,False
VPW-CONV-BELT-01,15,2.816,47.2,42.25,False
VPW-CONV-BELT-01,16,2.852,46.94,30.96,False
VPW-CONV-BELT-01,17,2.807,45.28,38.64,False
VPW-CONV-BELT-01,18,2.721,47.25,25.32,False
VPW-CONV-BELT-01,19,2.847,46.96,44.94,False
VPW-CONV-BELT-01,20,2.895,45.93,39.27,False
VPW-CONV-BELT-01,21,2.678,47.06,29.06,False
VPW-CONV-BELT-01,22,2.692,47.02,44.39,False
VPW-CONV-BELT-01,23,2.624,48.5,45.82,False
VPW-CONV-BELT-01,24,2.832,47.14,29.93,False
VPW-CONV-BELT-01,25,2.565,46.79,33.23,False
VPW-CONV-BELT-01,26,2.764,47.42,22.1,False
VPW-CONV-BELT-01,27,2.668,48.0,24.75,False
VPW-CONV-BELT-01,28,2.756,48.38,37.53,False
VPW-CONV-BELT-01,29,2.657,47.3,35.42,False
VPW-CONV-BELT-01,30,2.64,47.47,21.74,False
VPW-CONV-BELT-01,31,2.731,46.72,40.22,False
VPW-CONV-BELT-01,32,2.692,48.16,21.53,False
VPW-CONV-BELT-01,33,2.708,49.1,38.88,False
VPW-CONV-BELT-01,34,2.637,46.45,38.36,False
VPW-CONV-BELT-01,35,2.703,48.18,39.17,False
VPW-CONV-BELT-01,36,2.621,48.53,45.71,False
VPW-CONV-BELT-01,37,2.509,48.2,29.89,False
VPW-CONV-BELT-01,38,2.665,46.97,30.88,False
VPW-CONV-BELT-01,39,2.437,46.71,42.78,False
VPW-CONV-BELT-01,40,2.37,47.98,42.27,False
VPW-CONV-BELT-01,41,2.558,47.44,28.49,False
VPW-CONV-BELT-01,42,2.443,47.32,39.35,False
VPW-CONV-BELT-01,43,2.434,46.3,43.56,False
VPW-CONV-BELT-01,44,2.41,47.07,26.08,False
VPW-CONV-BELT-01,45,2.401,48.05,31.61,False
VPW-CONV-BELT-01,46,2.296,48.08,31.2,False
VPW-CONV-BELT-01,47,2.499,46.45,18.81,False
VPW-CONV-BELT-01,48,2.48,47.19,40.12,False
VPW-CONV-BELT-01,49,2.227,46.6,28.94,False
VPW-CONV-BELT-01,50,2.286,47.72,31.59,False
VPW-CONV-BELT-01,51,2.417,48.02,20.22,False
VPW-CONV-BELT-01,52,2.328,45.53,41.44,False
VPW-CONV-BELT-01,53,2.4,46.62,38.94,False
VPW-CONV-BELT-01,54,2.287,47.38,40.6,False
VPW-CONV-BELT-01,55,2.294,46.85,31.76,False
VPW-CONV-BELT-01,56,2.324,45.65,28.3,False
VPW-CONV-BELT-01,57,2.302,46.54,43.55,False
VPW-CONV-BELT-01,58,2.379,47.47,34.78,False
VPW-CONV-BELT-01,59,2.357,47.82,33.09,False
VPW-CONV-BELT-01,60,2.418,45.78,28.54,False
VPW-CONV-BELT-01,61,2.588,45.88,41.9,False
VPW-CONV-BELT-01,62,2.255,48.18,40.77,False
VPW-CONV-BELT-01,63,2.385,47.4,19.0,False
VPW-CONV-BELT-01,64,2.343,46.53,22.52,False
VPW-CONV-BELT-01,65,2.324,46.48,31.05,False
VPW-CONV-BELT-01,66,2.456,45.84,38.21,False
VPW-CONV-BELT-01,67,2.346,47.07,25.19,False
VPW-CONV-BELT-01,68,2.541,47.2,32.43,False
VPW-CONV-BELT-01,69,2.627,45.28,18.59,False
VPW-CONV-BELT-01,70,2.458,45.4,45.52,False
VPW-CONV-BELT-01,71,2.686,45.8,30.57,False
VPW-CONV-BELT-01,72,2.356,46.46,22.88,False
VPW-CONV-BELT-01,73,2.488,46.62,34.72,False
VPW-CONV-BELT-01,74,2.527,46.33,29.32,False
VPW-CONV-BELT-01,75,2.592,47.0,44.44,False
VPW-CONV-BELT-01,76,2.61,46.76,32.27,False
VPW-CONV-BELT-01,77,2.663,46.37,23.62,False
VPW-CONV-BELT-01,78,2.672,45.88,34.05,False
VPW-CONV-BELT-01,79,2.823,45.5,42.67,False
VPW-CONV-BELT-01,80,2.632,46.74,40.08,False
VPW-CONV-BELT-01,81,2.78,46.46,30.24,False
VPW-CONV-BELT-01,82,2.766,46.35,24.98,False
VPW-CONV-BELT-01,83,2.804,45.83,29.86,False
VPW-CONV-BELT-01,84,2.799,46.37,29.53,False
VPW-CONV-BELT-01,85,2.703,45.35,37.81,False
VPW-CONV-BELT-01,86,2.739,46.77,36.52,False
VPW-CONV-BELT-01,87,2.865,45.17,38.46,False
VPW-CONV-BELT-01,88,2.801,44.55,18.08,False
VPW-CONV-BELT-01,89,2.628,45.04,38.93,False
VPW-CONV-BELT-01,90,2.747,46.03,31.8,False
VPW-CONV-BELT-01,91,2.83,46.11,43.91,False
VPW-CONV-BELT-01,92,2.715,43.94,33.09,False
VPW-CONV-BELT-01,93,2.682,44.87,20.18,False
VPW-CONV-BELT-01,94,2.798,44.68,24.69,False
VPW-CONV-BELT-01,95,2.836,44.83,44.93,False
VPW-CONV-BELT-01,96,2.908,44.28,27.98,False
VPW-CONV-BELT-01,97,2.846,44.4,33.17,False
VPW-CONV-BELT-01,98,2.862,44.29,44.08,False
VPW-CONV-BELT-01,99,2.837,44.4,28.58,False
VPW-CONV-BELT-01,100,2.683,45.11,22.22,False
VPW-CONV-BELT-01,101,2.822,44.83,20.52,False
VPW-CONV-BELT-01,102,2.803,45.07,26.38,False
VPW-CONV-BELT-01,103,2.699,43.73,36.43,False
VPW-CONV-BELT-01,104,2.854,45.24,29.43,False
VPW-CONV-BELT-01,105,2.754,43.91,21.7,False
VPW-CONV-BELT-01,106,2.72,45.15,33.68,False
VPW-CONV-BELT-01,107,2.584,44.92,29.01,False
VPW-CONV-BELT-01,108,2.753,43.77,38.2,False
VPW-CONV-BELT-01,109,2.755,44.93,25.94,False
VPW-CONV-BELT-01,110,2.694,44.99,39.41,False
VPW-CONV-BELT-01,111,2.63,45.33,29.31,False
VPW-CONV-BELT-01,112,2.545,43.76,44.51,False
VPW-CONV-BELT-01,113,2.711,45.13,20.01,False
VPW-CONV-BELT-01,114,2.626,44.84,28.6,False
VPW-CONV-BELT-01,115,2.72,45.16,35.56,False
VPW-CONV-BELT-01,116,2.567,44.06,35.52,False
VPW-CONV-BELT-01,117,2.68,43.03,25.68,False
VPW-CONV-BELT-01,118,2.448,44.81,21.95,False
VPW-CONV-BELT-01,119,2.603,45.14,20.56,False
VPW-CONV-BELT-01,120,2.454,44.44,20.51,False
VPW-CONV-BELT-01,121,2.407,43.8,44.13,False
VPW-CONV-BELT-01,122,2.345,44.06,34.3,False
VPW-CONV-BELT-01,123,2.426,45.41,23.29,False
VPW-CONV-BELT-01,124,2.32,43.55,45.9,False
VPW-CONV-BELT-01,125,2.318,45.8,38.07,False
VPW-CONV-BELT-01,126,2.422,44.47,20.71,False
VPW-CONV-BELT-01,127,2.404,43.92,23.5,False
VPW-CONV-BELT-01,128,2.381,45.6,42.77,False
VPW-CONV-BELT-01,129,2.192,45.62,38.73,False
VPW-CONV-BELT-01,130,2.222,45.36,22.38,False
VPW-CONV-BELT-01,131,2.341,45.36,44.12,False
VPW-CONV-BELT-01,132,2.312,45.81,20.2,False
VPW-CONV-BELT-01,133,2.332,43.01,42.24,False
VPW-CONV-BELT-01,134,2.53,45.84,18.66,False
VPW-CONV-BELT-01,135,2.54,44.87,40.68,False
VPW-CONV-BELT-01,136,2.442,46.0,44.34,False
VPW-CONV-BELT-01,137,2.31,44.32,22.09,False
VPW-CONV-BELT-01,138,2.361,45.43,30.49,False
VPW-CONV-BELT-01,139,2.375,45.79,36.87,False
VPW-CONV-BELT-01,140,2.423,45.59,34.34,False
VPW-CONV-BELT-01,141,2.438,45.35,40.74,False
VPW-CONV-BELT-01,142,2.453,45.27,22.16,False
VPW-CONV-BELT-01,143,2.368,47.25,20.16,False
VPW-CONV-BELT-01,144,2.424,45.65,19.77,False
VPW-CONV-BELT-01,145,2.305,45.92,17.49,False
VPW-CONV-BELT-01,146,2.568,46.55,22.11,False
VPW-CONV-BELT-01,147,2.655,45.95,37.91,False
VPW-CONV-BELT-01,148,2.607,45.45,36.2,False
VPW-CONV-BELT-01,149,2.525,46.07,32.25,False
VPW-CONV-BELT-01,150,2.687,44.39,27.84,False
VPW-CONV-BELT-01,151,2.779,46.51,22.97,False
VPW-CONV-BELT-01,152,2.636,46.73,41.3,False
VPW-CONV-BELT-01,153,2.755,44.24,18.25,False
VPW-CONV-BELT-01,154,2.658,45.92,18.34,False
VPW-CONV-BELT-01,155,2.881,46.08,34.6,False
VPW-CONV-BELT-01,156,2.809,46.36,43.19,False
VPW-CONV-BELT-01,157,2.645,48.21,27.79,False
VPW-CONV-BELT-01,158,2.636,46.86,25.58,False
VPW-CONV-BELT-01,159,2.58,46.95,17.83,False
VPW-CONV-BELT-01,160,2.696,45.52,33.8,False
VPW-CONV-BELT-01,161,2.838,46.15,33.32,False
VPW-CONV-BELT-01,162,2.918,47.4,22.1,False
VPW-CONV-BELT-01,163,2.905,47.2,41.15,False
VPW-CONV-BELT-01,164,2.9,48.0,36.55,False
VPW-CONV-BELT-01,165,2.731,45.59,24.88,False
VPW-CONV-BELT-01,166,2.84,46.11,39.95,False
VPW-CONV-BELT-01,167,2.724,49.05,39.75,False
VPW-CONV-BELT-01,168,2.803,46.54,41.8,False
VPW-CONV-BELT-01,169,2.914,48.71,41.65,False
VPW-CONV-BELT-01,170,2.968,47.82,27.42,False
VPW-CONV-BELT-01,171,2.704,47.88,28.91,False
VPW-CONV-BELT-01,172,2.785,46.8,33.66,False
VPW-CONV-BELT-01,173,2.829,47.67,27.5,False
VPW-CONV-BELT-01,174,2.759,48.3,28.84,False
VPW-CONV-BELT-01,175,2.753,46.92,36.39,False
VPW-CONV-BELT-01,176,2.786,46.45,23.46,False
VPW-CONV-BELT-01,177,2.721,48.43,36.17,False
VPW-CONV-BELT-01,178,2.775,48.41,26.17,False
VPW-CONV-BELT-01,179,2.771,46.87,39.8,False
VPW-CONV-BELT-01,180,2.692,47.48,31.25,False
VPW-CONV-BELT-01,181,2.804,48.59,32.05,False
VPW-CONV-BELT-01,182,2.824,48.95,45.13,False
VPW-CONV-BELT-01,183,2.681,47.65,39.7,False
VPW-CONV-BELT-01,184,2.807,49.02,25.05,False
VPW-CONV-BELT-01,185,2.551,50.07,27.13,False
VPW-CONV-BELT-01,186,2.598,46.51,35.42,False
VPW-CONV-BELT-01,187,2.553,46.41,20.76,False
VPW-CONV-BELT-01,188,2.709,49.42,34.35,False
VPW-CONV-BELT-01,189,2.659,48.8,31.79,False
VPW-CONV-BELT-01,190,2.658,47.86,34.13,False
VPW-CONV-BELT-01,191,2.569,47.64,35.25,False
VPW-CONV-BELT-01,192,2.593,48.52,40.36,False
VPW-CONV-BELT-01,193,2.61,48.41,39.64,False
VPW-CONV-BELT-01,194,2.486,49.49,27.2,False
VPW-CONV-BELT-01,195,2.505,48.73,19.96,False
VPW-CONV-BELT-01,196,2.519,47.36,38.08,False
VPW-CONV-BELT-01,197,2.497,47.63,29.73,False
VPW-CONV-BELT-01,198,2.398,47.12,22.5,False
VPW-CONV-BELT-01,199,2.453,46.99,24.09,False
VPW-CONV-BELT-01,200,2.388,47.51,32.15,False
VPW-CONV-BELT-01,201,2.624,47.47,30.35,False
VPW-CONV-BELT-01,202,2.387,47.34,31.22,False
VPW-CONV-BELT-01,203,2.422,46.52,41.15,False
VPW-CONV-BELT-01,204,2.331,48.46,41.26,False
VPW-CONV-BELT-01,205,2.468,48.36,37.41,False
VPW-CONV-BELT-01,206,2.387,46.0,24.33,False
VPW-CONV-BELT-01,207,2.346,48.85,24.78,False
VPW-CONV-BELT-01,208,2.371,48.41,33.15,False
VPW-CONV-BELT-01,209,2.473,46.85,19.44,False
VPW-CONV-BELT-01,210,2.539,48.15,45.17,False
VPW-CONV-BELT-01,211,2.306,47.99,42.65,False
VPW-CONV-BELT-01,212,2.378,47.42,22.95,False
VPW-CONV-BELT-01,213,2.405,47.32,18.63,False
VPW-CONV-BELT-01,214,2.417,48.13,18.82,False
VPW-CONV-BELT-01,215,2.559,48.11,41.38,False
VPW-CONV-BELT-01,216,2.365,47.26,35.87,False
VPW-CONV-BELT-01,217,2.308,48.26,24.66,False
VPW-CONV-BELT-01,218,2.373,47.2,40.32,False
VPW-CONV-BELT-01,219,2.561,47.11,38.95,False
VPW-CONV-BELT-01,220,2.651,47.3,44.94,False
VPW-CONV-BELT-01,221,2.541,46.41,44.35,False
VPW-CONV-BELT-01,222,2.58,46.82,35.99,False
VPW-CONV-BELT-01,223,2.596,47.31,27.41,False
VPW-CONV-BELT-01,224,2.735,45.99,38.77,False
VPW-CONV-BELT-01,225,2.589,46.43,37.94,False
VPW-CONV-BELT-01,226,2.356,46.9,34.32,False
VPW-CONV-BELT-01,227,2.697,47.32,19.75,False
VPW-CONV-BELT-01,228,2.629,46.3,19.16,False
VPW-CONV-BELT-01,229,2.703,45.98,30.78,False
VPW-CONV-BELT-01,230,2.78,46.49,35.15,False
VPW-CONV-BELT-01,231,2.667,46.33,26.83,False
VPW-CONV-BELT-01,232,2.62,45.13,21.35,False
VPW-CONV-BELT-01,233,2.716,45.55,31.08,False
VPW-CONV-BELT-01,234,2.951,46.98,20.31,False
VPW-CONV-BELT-01,235,2.84,46.36,32.44,False
VPW-CONV-BELT-01,236,2.726,47.18,20.29,False
VPW-CONV-BELT-01,237,2.801,46.29,38.08,False
VPW-CONV-BELT-01,238,3.067,45.76,44.56,False
VPW-CONV-BELT-01,239,2.749,45.7,21.26,False
VPW-CONV-BELT-01,240,2.882,45.68,41.52,False
VPW-CONV-BELT-01,241,2.925,45.73,40.83,False
VPW-CONV-BELT-01,242,2.703,45.25,37.37,False
VPW-CONV-BELT-01,243,2.889,45.88,29.81,False
VPW-CONV-BELT-01,244,3.005,47.45,31.26,False
VPW-CONV-BELT-01,245,2.812,44.99,44.31,False
VPW-CONV-BELT-01,246,3.06,45.77,40.19,False
VPW-CONV-BELT-01,247,3.019,43.55,44.38,False
VPW-CONV-BELT-01,248,3.051,45.11,22.72,False
VPW-CONV-BELT-01,249,2.768,46.33,26.65,False
VPW-CONV-BELT-01,250,2.818,45.94,45.41,False
VPW-CONV-BELT-01,251,2.754,46.75,24.94,False
VPW-CONV-BELT-01,252,2.707,44.38,36.81,False
VPW-CONV-BELT-01,253,2.906,44.7,34.67,False
VPW-CONV-BELT-01,254,2.864,45.68,45.25,False
VPW-CONV-BELT-01,255,2.862,46.1,44.8,False
VPW-CONV-BELT-01,256,2.853,44.47,27.71,False
VPW-CONV-BELT-01,257,2.796,44.43,23.01,False
VPW-CONV-BELT-01,258,2.818,45.8,38.87,False
VPW-CONV-BELT-01,259,2.719,44.56,18.76,False
VPW-CONV-BELT-01,260,2.851,44.49,26.34,False
VPW-CONV-BELT-01,261,2.709,46.18,29.55,False
VPW-CONV-BELT-01,262,2.727,44.7,21.79,False
VPW-CONV-BELT-01,263,2.71,44.75,37.47,False
VPW-CONV-BELT-01,264,2.801,43.71,29.76,False
VPW-CONV-BELT-01,265,2.642,45.04,43.44,False
VPW-CONV-BELT-01,266,2.679,47.19,35.19,False
VPW-CONV-BELT-01,267,2.544,44.45,28.0,False
VPW-CONV-BELT-01,268,2.732,45.85,23.94,False
VPW-CONV-BELT-01,269,2.4,45.97,25.77,False
VPW-CONV-BELT-01,270,2.731,45.15,24.03,False
VPW-CONV-BELT-01,271,2.561,44.21,31.05,False
VPW-CONV-BELT-01,272,2.628,44.68,24.81,False
VPW-CONV-BELT-01,273,2.51,45.41,20.21,False
VPW-CONV-BELT-01,274,2.482,45.79,16.9,False
VPW-CONV-BELT-01,275,2.383,46.5,28.82,False
VPW-CONV-BELT-01,276,2.296,46.26,41.33,False
VPW-CONV-BELT-01,277,2.344,43.93,20.91,False
VPW-CONV-BELT-01,278,2.51,46.76,20.1,False
VPW-CONV-BELT-01,279,2.595,45.79,21.01,False
VPW-CONV-BELT-01,280,2.675,45.77,18.88,False
VPW-CONV-BELT-01,281,2.416,45.12,25.77,False
VPW-CONV-BELT-01,282,2.337,46.11,40.5,False
VPW-CONV-BELT-01,283,2.46,45.54,39.95,False
VPW-CONV-BELT-01,284,2.424,44.96,38.83,False
VPW-CONV-BELT-01,285,2.562,45.9,18.7,False
VPW-CONV-BELT-01,286,2.399,45.12,24.92,False
VPW-CONV-BELT-01,287,2.588,45.2,27.4,False
VPW-CONV-BELT-01,288,2.456,46.29,20.33,False
VPW-CONV-BELT-01,289,2.711,45.91,38.23,False
VPW-CONV-BELT-01,290,2.541,46.0,27.83,False
VPW-CONV-BELT-01,291,2.387,45.24,43.19,False
VPW-CONV-BELT-01,292,2.64,46.03,18.98,False
VPW-CONV-BELT-01,293,2.615,46.86,43.97,False
VPW-CONV-BELT-01,294,2.466,47.28,42.72,False
VPW-CONV-BELT-01,295,2.559,46.96,41.0,False
VPW-CONV-BELT-01,296,2.456,46.69,27.13,False
VPW-CONV-BELT-01,297,2.56,45.76,45.72,False
VPW-CONV-BELT-01,298,2.559,46.94,33.15,False
VPW-CONV-BELT-01,299,2.584,46.9,27.96,False
VPW-CONV-BELT-01,300,2.5,45.79,39.91,False
VPW-CONV-BELT-01,301,2.709,47.52,27.33,False
VPW-CONV-BELT-01,302,2.565,47.99,24.99,False
VPW-CONV-BELT-01,303,2.71,47.92,42.98,False
VPW-CONV-BELT-01,304,2.622,46.77,41.63,False
VPW-CONV-BELT-01,305,2.749,47.44,42.25,False
VPW-CONV-BELT-01,306,2.724,48.65,22.28,False
VPW-CONV-BELT-01,307,2.65,47.86,20.17,False
VPW-CONV-BELT-01,308,2.753,46.61,23.86,False
VPW-CONV-BELT-01,309,2.738,47.4,29.9,False
VPW-CONV-BELT-01,310,2.886,47.82,24.28,False
VPW-CONV-BELT-01,311,2.841,48.27,23.46,False
VPW-CONV-BELT-01,312,2.869,46.53,23.85,False
VPW-CONV-BELT-01,313,2.86,48.4,17.25,False
VPW-CONV-BELT-01,314,2.927,47.34,21.23,False
VPW-CONV-BELT-01,315,2.918,47.05,33.57,False
VPW-CONV-BELT-01,316,2.869,47.02,31.16,False
VPW-CONV-BELT-01,317,2.834,46.92,40.03,False
VPW-CONV-BELT-01,318,2.929,48.3,39.08,False
VPW-CONV-BELT-01,319,3.025,47.39,38.89,False
VPW-CONV-BELT-01,320,2.874,47.75,37.98,False
VPW-CONV-BELT-01,321,2.852,47.81,46.19,False
VPW-CONV-BELT-01,322,2.842,48.23,19.96,False
VPW-CONV-BELT-01,323,2.752,48.09,34.41,False
VPW-CONV-BELT-01,324,2.931,47.28,24.37,False
VPW-CONV-BELT-01,325,2.89,48.91,28.19,False
VPW-CONV-BELT-01,326,2.718,48.36,42.27,False
VPW-CONV-BELT-01,327,2.873,48.54,24.63,False
VPW-CONV-BELT-01,328,2.799,48.84,27.41,False
VPW-CONV-BELT-01,329,2.808,49.36,43.24,False
VPW-CONV-BELT-01,330,2.771,48.35,43.22,False
VPW-CONV-BELT-01,331,2.798,47.57,23.84,False
VPW-CONV-BELT-01,332,2.855,48.48,43.68,False
VPW-CONV-BELT-01,333,2.795,47.9,41.98,False
VPW-CONV-BELT-01,334,2.697,47.57,43.25,False
VPW-CONV-BELT-01,335,2.65,47.55,39.04,False
VPW-CONV-BELT-01,336,2.806,47.37,40.49,False
VPW-CONV-BELT-01,337,2.798,48.7,37.9,False
VPW-CONV-BELT-01,338,2.461,49.28,44.09,False
VPW-CONV-BELT-01,339,2.53,48.85,43.73,False
VPW-CONV-BELT-01,340,2.623,49.96,42.61,False
VPW-CONV-BELT-01,341,2.55,48.44,45.95,False
VPW-CONV-BELT-01,342,2.52,49.37,25.47,False
VPW-CONV-BELT-01,343,2.466,48.5,23.27,False
VPW-CONV-BELT-01,344,2.568,48.3,45.09,False
VPW-CONV-BELT-01,345,2.612,48.89,41.17,False
VPW-CONV-BELT-01,346,2.589,49.8,40.78,False
VPW-CONV-BELT-01,347,2.567,48.5,27.92,False
VPW-CONV-BELT-01,348,2.485,49.45,28.09,False
VPW-CONV-BELT-01,349,2.399,48.59,30.52,False
VPW-CONV-BELT-01,350,2.508,49.53,20.62,False
VPW-CONV-BELT-01,351,2.513,48.42,44.62,False
VPW-CONV-BELT-01,352,2.512,48.42,29.27,False
VPW-CONV-BELT-01,353,2.506,50.33,26.38,False
VPW-CONV-BELT-01,354,2.572,48.83,30.76,False
VPW-CONV-BELT-01,355,2.375,47.44,19.58,False
VPW-CONV-BELT-01,356,2.37,47.92,21.54,False
VPW-CONV-BELT-01,357,2.241,49.24,32.95,False
VPW-CONV-BELT-01,358,2.417,48.16,40.07,False
VPW-CONV-BELT-01,359,2.498,46.64,40.82,False
VPW-CONV-BELT-01,360,2.46,48.69,29.89,False
VPW-CONV-BELT-01,361,2.332,48.57,39.74,False
VPW-CONV-BELT-01,362,2.523,45.74,21.02,False
VPW-CONV-BELT-01,363,2.568,48.59,19.49,False
VPW-CONV-BELT-01,364,2.618,47.39,40.29,False
VPW-CONV-BELT-01,365,2.482,48.13,21.82,False
VPW-CONV-BELT-01,366,2.469,47.64,28.94,False
VPW-CONV-BELT-01,367,2.582,47.32,34.41,False
VPW-CONV-BELT-01,368,2.438,47.49,30.77,False
VPW-CONV-BELT-01,369,2.675,48.04,20.65,False
VPW-CONV-BELT-01,370,2.483,47.23,27.74,False
VPW-CONV-BELT-01,371,2.819,46.82,41.53,False
VPW-CONV-BELT-01,372,2.551,46.66,29.48,False
VPW-CONV-BELT-01,373,2.575,49.02,21.7,False
VPW-CONV-BELT-01,374,2.674,47.75,43.75,False
VPW-CONV-BELT-01,375,2.59,47.23,38.57,False
VPW-CONV-BELT-01,376,2.64,46.64,33.62,False
VPW-CONV-BELT-01,377,2.542,47.31,32.75,False
VPW-CONV-BELT-01,378,2.578,45.82,27.88,False
VPW-CONV-BELT-01,379,2.695,47.89,28.21,False
VPW-CONV-BELT-01,380,2.728,45.41,32.62,False
VPW-CONV-BELT-01,381,2.856,45.33,26.47,False
VPW-CONV-BELT-01,382,2.791,46.36,19.03,False
VPW-CONV-BELT-01,383,2.982,47.64,44.9,False
VPW-CONV-BELT-01,384,2.945,48.09,26.49,False
VPW-CONV-BELT-01,385,2.866,46.46,40.44,False
VPW-CONV-BELT-01,386,2.827,47.15,38.28,False
VPW-CONV-BELT-01,387,2.764,45.93,33.63,False
VPW-CONV-BELT-01,388,2.645,46.54,34.82,False
VPW-CONV-BELT-01,389,2.936,47.01,34.05,False
VPW-CONV-BELT-01,390,2.824,45.73,39.15,False
VPW-CONV-BELT-01,391,3.09,46.14,34.19,False
VPW-CONV-BELT-01,392,2.844,46.22,26.96,False
VPW-CONV-BELT-01,393,2.9,46.46,33.21,False
VPW-CONV-BELT-01,394,2.845,48.16,38.89,False
VPW-CONV-BELT-01,395,2.805,46.43,43.39,False
VPW-CONV-BELT-01,396,3.064,45.91,27.57,False
VPW-CONV-BELT-01,397,2.864,46.89,39.69,False
VPW-CONV-BELT-01,398,2.905,45.07,41.93,False
VPW-CONV-BELT-01,399,2.828,45.0,20.08,False
VPW-CONV-BELT-01,400,2.907,44.92,28.64,False
VPW-CONV-BELT-01,401,2.757,45.87,32.71,False
VPW-CONV-BELT-01,402,2.823,46.14,26.1,False
VPW-CONV-BELT-01,403,2.747,45.81,26.91,False
VPW-CONV-BELT-01,404,2.851,46.07,33.28,False
VPW-CONV-BELT-01,405,2.737,44.97,26.17,False
VPW-CONV-BELT-01,406,2.91,45.85,38.48,False
VPW-CONV-BELT-01,407,2.872,45.89,26.58,False
VPW-CONV-BELT-01,408,2.704,45.03,26.38,False
VPW-CONV-BELT-01,409,2.93,45.59,20.03,False
VPW-CONV-BELT-01,410,2.923,46.01,35.76,False
VPW-CONV-BELT-01,411,2.696,46.04,44.44,False
VPW-CONV-BELT-01,412,2.824,45.82,45.24,False
VPW-CONV-BELT-01,413,2.652,44.98,33.78,False
VPW-CONV-BELT-01,414,2.585,45.79,26.13,False
VPW-CONV-BELT-01,415,2.519,45.67,29.34,False
VPW-CONV-BELT-01,416,2.768,46.22,39.41,False
VPW-CONV-BELT-01,417,2.637,46.25,37.26,False
VPW-CONV-BELT-01,418,2.556,45.34,36.33,False
VPW-CONV-BELT-01,419,2.666,48.03,31.26,False
VPW-CONV-BELT-01,420,2.473,45.47,28.47,False
VPW-CONV-BELT-01,421,2.605,46.6,19.78,False
VPW-CONV-BELT-01,422,2.593,44.74,36.48,False
VPW-CONV-BELT-01,423,2.719,45.34,31.59,False
VPW-CONV-BELT-01,424,2.448,45.19,37.49,False
VPW-CONV-BELT-01,425,2.66,45.17,34.55,False
VPW-CONV-BELT-01,426,2.426,45.85,41.72,False
VPW-CONV-BELT-01,427,2.475,45.48,37.58,False
VPW-CONV-BELT-01,428,2.676,45.95,25.55,False
VPW-CONV-BELT-01,429,2.614,45.3,31.3,False
VPW-CONV-BELT-01,430,2.545,46.57,32.45,False
VPW-CONV-BELT-01,431,2.462,45.86,18.86,False
VPW-CONV-BELT-01,432,2.585,45.75,42.28,False
VPW-CONV-BELT-01,433,2.397,44.23,29.18,False
VPW-CONV-BELT-01,434,2.394,44.89,30.2,False
VPW-CONV-BELT-01,435,2.548,45.06,32.62,False
VPW-CONV-BELT-01,436,2.448,46.16,21.89,False
VPW-CONV-BELT-01,437,2.442,46.25,29.09,False
VPW-CONV-BELT-01,438,2.516,44.14,44.6,False
VPW-CONV-BELT-01,439,2.5,46.0,37.86,False
VPW-CONV-BELT-01,440,2.519,45.3,29.13,False
VPW-CONV-BELT-01,441,2.538,45.67,43.08,False
VPW-CONV-BELT-01,442,2.634,47.59,29.2,False
VPW-CONV-BELT-01,443,2.591,44.78,33.02,False
VPW-CONV-BELT-01,444,2.602,46.99,22.79,False
VPW-CONV-BELT-01,445,2.617,46.15,34.04,False
VPW-CONV-BELT-01,446,2.743,46.98,39.71,False
VPW-CONV-BELT-01,447,2.592,47.53,20.79,False
VPW-CONV-BELT-01,448,2.482,45.46,39.38,False
VPW-CONV-BELT-01,449,2.518,46.48,21.92,False
VPW-CONV-BELT-01,450,2.602,45.11,23.66,False
VPW-CONV-BELT-01,451,2.591,48.68,19.69,False
VPW-CONV-BELT-01,452,2.562,49.22,45.01,False
VPW-CONV-BELT-01,453,2.85,47.42,19.28,False
VPW-CONV-BELT-01,454,2.693,47.13,37.0,False
VPW-CONV-BELT-01,455,2.795,47.65,35.81,False
VPW-CONV-BELT-01,456,2.662,47.6,19.14,False
VPW-CONV-BELT-01,457,2.774,48.04,18.52,False
VPW-CONV-BELT-01,458,2.859,47.66,20.63,False
VPW-CONV-BELT-01,459,2.761,47.14,29.7,False
VPW-CONV-BELT-01,460,2.908,48.43,45.33,False
VPW-CONV-BELT-01,461,2.868,48.11,46.14,False
VPW-CONV-BELT-01,462,2.983,48.73,28.47,False
VPW-CONV-BELT-01,463,2.844,48.81,18.73,False
VPW-CONV-BELT-01,464,2.998,46.89,37.2,False
VPW-CONV-BELT-01,465,2.76,47.45,20.5,False
VPW-CONV-BELT-01,466,3.042,47.06,32.14,False
VPW-CONV-BELT-01,467,2.942,48.66,33.31,False
VPW-CONV-BELT-01,468,2.969,47.31,20.13,False
VPW-CONV-BELT-01,469,3.024,47.64,38.63,False
VPW-CONV-BELT-01,470,2.897,47.65,32.36,False
VPW-CONV-BELT-01,471,2.92,48.61,35.59,False
VPW-CONV-BELT-01,472,2.792,47.57,19.17,False
VPW-CONV-BELT-01,473,2.959,47.83,29.46,False
VPW-CONV-BELT-01,474,3.084,49.47,31.05,False
VPW-CONV-BELT-01,475,2.981,48.6,26.41,False
VPW-CONV-BELT-01,476,3.046,48.16,33.45,False
VPW-CONV-BELT-01,477,3.108,49.02,39.04,False
VPW-CONV-BELT-01,478,2.882,48.0,33.26,False
VPW-CONV-BELT-01,479,2.919,48.77,44.01,False
VPW-CONV-BELT-01,480,2.955,49.18,30.72,False
VPW-CONV-BELT-01,481,2.889,48.93,19.1,False
VPW-CONV-BELT-01,482,3.051,48.57,25.94,False
VPW-CONV-BELT-01,483,2.932,48.36,38.31,False
VPW-CONV-BELT-01,484,2.9,48.66,27.2,False
VPW-CONV-BELT-01,485,2.979,48.61,37.35,False
VPW-CONV-BELT-01,486,2.524,48.36,37.74,False
VPW-CONV-BELT-01,487,2.864,49.42,43.37,False
VPW-CONV-BELT-01,488,2.71,50.15,35.7,False
VPW-CONV-BELT-01,489,2.635,48.73,38.44,False
VPW-CONV-BELT-01,490,2.798,49.04,33.0,False
VPW-CONV-BELT-01,491,2.626,48.68,45.81,False
VPW-CONV-BELT-01,492,2.578,48.74,41.47,False
VPW-CONV-BELT-01,493,2.691,49.62,37.46,False
VPW-CONV-BELT-01,494,2.686,48.82,25.56,False
VPW-CONV-BELT-01,495,2.592,48.72,18.72,False
VPW-CONV-BELT-01,496,2.591,47.61,34.9,False
VPW-CONV-BELT-01,497,2.443,49.49,26.65,False
VPW-CONV-BELT-01,498,2.652,49.12,21.43,False
VPW-CONV-BELT-01,499,2.696,49.39,31.25,False
VPW-CONV-BELT-01,500,2.58,48.59,38.18,False
VPW-CONV-BELT-01,501,2.528,49.68,20.84,False
VPW-CONV-BELT-01,502,2.586,48.9,33.3,False
VPW-CONV-BELT-01,503,2.59,47.68,19.86,False
VPW-CONV-BELT-01,504,2.552,49.21,23.95,False
VPW-CONV-BELT-01,505,2.443,48.77,19.51,False
VPW-CONV-BELT-01,506,2.66,48.33,25.18,False
VPW-CONV-BELT-01,507,2.462,50.11,44.51,False
VPW-CONV-BELT-01,508,2.446,48.46,22.35,False
VPW-CONV-BELT-01,509,2.384,48.13,41.58,False
VPW-CONV-BELT-01,510,2.445,48.07,35.28,False
VPW-CONV-BELT-01,511,2.49,49.46,40.89,False
VPW-CONV-BELT-01,512,2.592,47.69,24.37,False
VPW-CONV-BELT-01,513,2.509,48.27,32.37,False
VPW-CONV-BELT-01,514,2.462,49.51,38.16,False
VPW-CONV-BELT-01,515,2.663,47.84,38.43,False
VPW-CONV-BELT-01,516,2.689,48.69,38.56,False
VPW-CONV-BELT-01,517,2.526,48.85,19.77,False
VPW-CONV-BELT-01,518,2.556,48.78,34.28,False
VPW-CONV-BELT-01,519,2.575,47.39,39.31,False
VPW-CONV-BELT-01,520,2.606,47.96,34.5,False
VPW-CONV-BELT-01,521,2.407,46.79,36.87,False
VPW-CONV-BELT-01,522,2.625,47.98,28.35,False
VPW-CONV-BELT-01,523,2.721,47.38,23.03,False
VPW-CONV-BELT-01,524,2.527,47.31,34.65,False
VPW-CONV-BELT-01,525,2.648,47.88,33.91,False
VPW-CONV-BELT-01,526,2.699,46.03,19.89,False
VPW-CONV-BELT-01,527,2.727,47.38,44.77,False
VPW-CONV-BELT-01,528,2.72,48.04,28.25,False
VPW-CONV-BELT-01,529,2.731,48.3,33.52,False
VPW-CONV-BELT-01,530,2.767,48.5,30.29,False
VPW-CONV-BELT-01,531,2.913,45.88,26.5,False
VPW-CONV-BELT-01,532,2.774,47.07,31.79,False
VPW-CONV-BELT-01,533,2.776,48.13,42.84,False
VPW-CONV-BELT-01,534,2.69,46.75,28.43,False
VPW-CONV-BELT-01,535,2.937,46.01,18.29,False
VPW-CONV-BELT-01,536,2.793,47.6,45.04,False
VPW-CONV-BELT-01,537,2.987,47.61,22.54,False
VPW-CONV-BELT-01,538,2.945,46.3,24.1,False
VPW-CONV-BELT-01,539,2.846,44.57,32.6,False
VPW-CONV-BELT-01,540,2.868,47.21,37.18,False
VPW-CONV-BELT-01,541,2.823,47.7,28.47,False
VPW-CONV-BELT-01,542,3.108,47.47,18.84,False
VPW-CONV-BELT-01,543,2.977,46.12,38.33,False
VPW-CONV-BELT-01,544,3.011,46.48,39.89,False
VPW-CONV-BELT-01,545,3.101,46.03,33.76,False
VPW-CONV-BELT-01,546,2.904,45.1,27.25,False
VPW-CONV-BELT-01,547,2.902,46.96,37.74,False
VPW-CONV-BELT-01,548,2.859,44.53,38.82,False
VPW-CONV-BELT-01,549,3.046,45.91,34.66,False
VPW-CONV-BELT-01,550,3.027,46.04,26.61,False
VPW-CONV-BELT-01,551,2.868,47.33,37.27,False
VPW-CONV-BELT-01,552,2.995,45.67,33.91,False
VPW-CONV-BELT-01,553,3.023,44.98,19.35,False
VPW-CONV-BELT-01,554,2.853,46.28,35.37,False
VPW-CONV-BELT-01,555,2.735,47.67,32.51,False
VPW-CONV-BELT-01,556,2.915,45.91,29.3,False
VPW-CONV-BELT-01,557,2.898,45.14,34.74,False
VPW-CONV-BELT-01,558,2.893,46.32,23.42,False
VPW-CONV-BELT-01,559,2.796,45.89,38.5,False
VPW-CONV-BELT-01,560,2.939,44.68,43.32,False
VPW-CONV-BELT-01,561,2.782,45.4,25.99,False
VPW-CONV-BELT-01,562,2.737,45.81,32.26,False
VPW-CONV-BELT-01,563,2.972,45.41,32.72,False
VPW-CONV-BELT-01,564,2.81,47.61,24.55,False
VPW-CONV-BELT-01,565,2.849,46.9,34.28,False
VPW-CONV-BELT-01,566,2.62,47.48,20.53,False
VPW-CONV-BELT-01,567,2.811,45.04,19.75,False
VPW-CONV-BELT-01,568,2.608,46.55,43.33,False
VPW-CONV-BELT-01,569,2.868,45.61,42.6,False
VPW-CONV-BELT-01,570,2.919,46.34,45.23,False
VPW-CONV-BELT-01,571,2.812,46.71,25.43,False
VPW-CONV-BELT-01,572,2.725,45.25,38.99,False
VPW-CONV-BELT-01,573,2.754,46.24,45.81,False
VPW-CONV-BELT-01,574,2.677,44.71,32.32,False
VPW-CONV-BELT-01,575,2.638,45.9,17.82,False
VPW-CONV-BELT-01,576,2.478,46.34,28.81,False
VPW-CONV-BELT-01,577,2.554,48.08,42.02,False
VPW-CONV-BELT-01,578,2.584,45.6,41.44,False
VPW-CONV-BELT-01,579,2.676,45.18,26.69,False
VPW-CONV-BELT-01,580,2.461,46.96,18.3,False
VPW-CONV-BELT-01,581,2.569,46.18,40.0,False
VPW-CONV-BELT-01,582,2.639,47.56,34.7,False
VPW-CONV-BELT-01,583,2.504,47.9,29.07,False
VPW-CONV-BELT-01,584,2.472,45.39,25.98,False
VPW-CONV-BELT-01,585,2.655,47.01,37.26,False
VPW-CONV-BELT-01,586,2.54,48.7,35.14,False
VPW-CONV-BELT-01,587,2.638,46.42,19.55,False
VPW-CONV-BELT-01,588,2.579,45.71,30.5,False
VPW-CONV-BELT-01,589,2.663,46.88,25.36,False
VPW-CONV-BELT-01,590,2.696,46.51,44.65,False
VPW-CONV-BELT-01,591,2.626,45.8,30.92,False
VPW-CONV-BELT-01,592,2.576,46.98,32.36,False
VPW-CONV-BELT-01,593,2.705,47.1,27.24,False
VPW-CONV-BELT-01,594,2.618,46.34,44.74,False
VPW-CONV-BELT-01,595,2.607,47.15,29.39,False
VPW-CONV-BELT-01,596,2.688,47.75,17.55,False
VPW-CONV-BELT-01,597,2.695,47.75,23.33,False
VPW-CONV-BELT-01,598,2.675,46.41,23.99,False
VPW-CONV-BELT-01,599,2.634,47.53,35.18,False
VPW-CONV-BELT-01,600,2.768,49.04,31.44,False
VPW-CONV-BELT-01,601,2.645,46.59,39.78,False
VPW-CONV-BELT-01,602,2.729,46.18,21.1,False
VPW-CONV-BELT-01,603,2.749,45.68,32.52,False
VPW-CONV-BELT-01,604,2.813,48.58,21.04,False
VPW-CONV-BELT-01,605,2.877,46.49,43.88,False
VPW-CONV-BELT-01,606,2.778,46.96,19.14,False
VPW-CONV-BELT-01,607,2.664,47.6,32.97,False
VPW-CONV-BELT-01,608,2.847,48.36,35.99,False
VPW-CONV-BELT-01,609,2.837,47.61,36.13,False
VPW-CONV-BELT-01,610,2.887,48.56,26.81,False
VPW-CONV-BELT-01,611,3.057,48.3,24.56,False
VPW-CONV-BELT-01,612,2.932,47.25,38.24,False
VPW-CONV-BELT-01,613,3.112,49.44,41.37,False
VPW-CONV-BELT-01,614,3.071,49.05,43.52,False
VPW-CONV-BELT-01,615,2.94,47.35,30.15,False
VPW-CONV-BELT-01,616,2.747,49.2,33.75,False
VPW-CONV-BELT-01,617,2.937,47.49,39.85,False
VPW-CONV-BELT-01,618,3.061,48.1,24.27,False
VPW-CONV-BELT-01,619,2.88,47.58,18.88,False
VPW-CONV-BELT-01,620,3.142,48.87,31.6,False
VPW-CONV-BELT-01,621,3.176,49.85,34.86,False
VPW-CONV-BELT-01,622,2.859,49.9,31.25,False
VPW-CONV-BELT-01,623,3.008,47.99,35.09,False
VPW-CONV-BELT-01,624,2.912,47.6,43.88,False
VPW-CONV-BELT-01,625,2.77,48.55,39.56,False
VPW-CONV-BELT-01,626,3.046,49.42,23.87,False
VPW-CONV-BELT-01,627,2.948,49.62,24.3,False
VPW-CONV-BELT-01,628,3.003,48.93,33.4,False
VPW-CONV-BELT-01,629,3.075,48.93,33.69,False
VPW-CONV-BELT-01,630,2.882,48.68,32.49,False
VPW-CONV-BELT-01,631,2.944,49.2,18.47,False
VPW-CONV-BELT-01,632,2.854,49.45,20.83,False
VPW-CONV-BELT-01,633,2.729,49.79,32.95,False
VPW-CONV-BELT-01,634,2.812,50.08,25.55,False
VPW-CONV-BELT-01,635,2.764,51.22,45.53,False
VPW-CONV-BELT-01,636,2.783,49.21,27.14,False
VPW-CONV-BELT-01,637,2.895,49.71,19.48,False
VPW-CONV-BELT-01,638,2.935,48.59,37.6,False
VPW-CONV-BELT-01,639,2.827,49.8,44.09,False
VPW-CONV-BELT-01,640,2.828,49.42,30.7,False
VPW-CONV-BELT-01,641,2.804,50.38,29.98,False
VPW-CONV-BELT-01,642,2.894,51.34,36.37,False
VPW-CONV-BELT-01,643,2.736,49.47,21.56,False
VPW-CONV-BELT-01,644,2.761,48.65,21.17,False
VPW-CONV-BELT-01,645,2.704,48.75,39.05,False
VPW-CONV-BELT-01,646,2.445,48.04,41.82,False
VPW-CONV-BELT-01,647,2.529,50.18,39.27,False
VPW-CONV-BELT-01,648,2.667,48.96,36.16,False
VPW-CONV-BELT-01,649,2.683,49.64,27.51,False
VPW-CONV-BELT-01,650,2.596,49.45,39.39,False
VPW-CONV-BELT-01,651,2.542,48.67,38.2,False
VPW-CONV-BELT-01,652,2.706,48.62,42.48,False
VPW-CONV-BELT-01,653,2.581,50.4,27.12,False
VPW-CONV-BELT-01,654,2.545,49.58,28.61,False
VPW-CONV-BELT-01,655,2.671,50.17,29.86,False
VPW-CONV-BELT-01,656,2.614,49.59,40.04,False
VPW-CONV-BELT-01,657,2.597,48.58,22.75,False
VPW-CONV-BELT-01,658,2.726,48.34,29.82,False
VPW-CONV-BELT-01,659,2.367,51.32,23.71,False
VPW-CONV-BELT-01,660,2.565,50.07,33.35,False
VPW-CONV-BELT-01,661,2.364,49.19,39.12,False
VPW-CONV-BELT-01,662,2.59,48.61,38.75,False
VPW-CONV-BELT-01,663,2.518,47.32,42.6,False
VPW-CONV-BELT-01,664,2.43,48.44,22.22,False
VPW-CONV-BELT-01,665,2.824,47.35,37.38,False
VPW-CONV-BELT-01,666,2.632,48.66,32.56,False
VPW-CONV-BELT-01,667,2.625,47.64,28.8,False
VPW-CONV-BELT-01,668,2.606,48.69,21.59,False
VPW-CONV-BELT-01,669,2.632,48.69,38.95,False
VPW-CONV-BELT-01,670,2.644,48.33,37.44,False
VPW-CONV-BELT-01,671,2.613,47.24,30.66,False
VPW-CONV-BELT-01,672,2.686,48.6,21.51,False
VPW-CONV-BELT-01,673,2.671,48.96,44.83,False
VPW-CONV-BELT-01,674,2.71,47.83,37.28,False
VPW-CONV-BELT-01,675,2.859,47.81,37.08,False
VPW-CONV-BELT-01,676,2.658,47.86,21.7,False
VPW-CONV-BELT-01,677,2.749,48.68,43.93,False
VPW-CONV-BELT-01,678,2.782,48.46,35.77,False
VPW-CONV-BELT-01,679,2.743,47.37,44.89,False
VPW-CONV-BELT-01,680,2.869,47.91,42.72,False
VPW-CONV-BELT-01,681,2.81,48.89,22.41,False
VPW-CONV-BELT-01,682,2.793,46.7,18.35,False
VPW-CONV-BELT-01,683,2.985,46.9,38.78,False
VPW-CONV-BELT-01,684,2.724,47.86,44.68,False
VPW-CONV-BELT-01,685,2.923,48.07,36.81,False
VPW-CONV-BELT-01,686,2.962,48.22,29.36,False
VPW-CONV-BELT-01,687,2.944,46.49,40.01,False
VPW-CONV-BELT-01,688,3.003,47.06,38.41,False
VPW-CONV-BELT-01,689,3.054,46.52,33.45,False
VPW-CONV-BELT-01,690,2.928,46.54,19.49,False
VPW-CONV-BELT-01,691,3.099,46.88,34.46,False
VPW-CONV-BELT-01,692,2.892,47.42,20.02,False
VPW-CONV-BELT-01,693,3.142,46.01,26.18,False
VPW-CONV-BELT-01,694,3.02,46.81,18.99,False
VPW-CONV-BELT-01,695,3.009,48.29,27.54,False
VPW-CONV-BELT-01,696,3.153,46.11,37.43,False
VPW-CONV-BELT-01,697,2.867,47.95,27.54,False
VPW-CONV-BELT-01,698,2.992,46.36,22.88,False
VPW-CONV-BELT-01,699,3.121,48.32,22.26,False
VPW-CONV-BELT-01,700,2.982,46.88,41.66,False
VPW-CONV-BELT-01,701,2.889,46.36,32.91,False
VPW-CONV-BELT-01,702,3.039,45.65,20.73,False
VPW-CONV-BELT-01,703,3.055,46.57,26.87,False
VPW-CONV-BELT-01,704,2.927,47.18,28.45,False
VPW-CONV-BELT-01,705,3.035,45.16,43.18,False
VPW-CONV-BELT-01,706,2.898,44.83,41.74,False
VPW-CONV-BELT-01,707,2.859,46.0,33.52,False
VPW-CONV-BELT-01,708,2.821,46.83,30.16,False
VPW-CONV-BELT-01,709,2.812,46.73,25.77,False
VPW-CONV-BELT-01,710,2.83,47.35,41.08,False
VPW-CONV-BELT-01,711,2.788,45.79,35.39,False
VPW-CONV-BELT-01,712,2.791,47.63,19.25,False
VPW-CONV-BELT-01,713,2.811,45.95,38.09,False
VPW-CONV-BELT-01,714,2.887,46.43,25.68,False
VPW-CONV-BELT-01,715,2.776,46.03,39.92,False
VPW-CONV-BELT-01,716,2.777,45.89,32.74,False
VPW-CONV-BELT-01,717,2.76,46.47,33.83,False
VPW-CONV-BELT-01,718,3.003,45.34,29.59,False
VPW-CONV-BELT-01,719,2.745,45.89,31.86,False
VPW-CONV-BELT-02,0,2.385,46.96,27.38,False
VPW-CONV-BELT-02,1,2.283,45.83,41.52,False
VPW-CONV-BELT-02,2,2.45,45.57,20.48,False
VPW-CONV-BELT-02,3,2.469,45.43,45.42,False
VPW-CONV-BELT-02,4,2.554,47.56,25.71,False
VPW-CONV-BELT-02,5,2.343,45.93,33.08,False
VPW-CONV-BELT-02,6,2.319,45.59,22.99,False
VPW-CONV-BELT-02,7,2.477,45.38,21.96,False
VPW-CONV-BELT-02,8,2.554,46.14,23.81,False
VPW-CONV-BELT-02,9,2.517,46.95,32.94,False
VPW-CONV-BELT-02,10,2.273,47.72,37.91,False
VPW-CONV-BELT-02,11,2.615,46.48,40.2,False
VPW-CONV-BELT-02,12,2.584,46.09,38.89,False
VPW-CONV-BELT-02,13,2.453,47.21,39.59,False
VPW-CONV-BELT-02,14,2.673,46.94,43.27,False
VPW-CONV-BELT-02,15,2.458,48.03,27.7,False
VPW-CONV-BELT-02,16,2.427,45.93,32.9,False
VPW-CONV-BELT-02,17,2.631,46.66,38.39,False
VPW-CONV-BELT-02,18,2.668,46.21,35.75,False
VPW-CONV-BELT-02,19,2.542,44.78,40.42,False
VPW-CONV-BELT-02,20,2.569,47.12,45.89,False
VPW-CONV-BELT-02,21,2.506,46.82,39.85,False
VPW-CONV-BELT-02,22,2.674,46.95,36.7,False
VPW-CONV-BELT-02,23,2.562,46.83,42.37,False
VPW-CONV-BELT-02,24,2.667,46.7,29.15,False
VPW-CONV-BELT-02,25,2.505,48.17,32.18,False
VPW-CONV-BELT-02,26,2.541,47.74,18.22,False
VPW-CONV-BELT-02,27,2.467,45.28,30.06,False
VPW-CONV-BELT-02,28,2.575,47.86,38.04,False
VPW-CONV-BELT-02,29,2.645,47.41,42.57,False
VPW-CONV-BELT-02,30,2.558,45.34,22.61,False
VPW-CONV-BELT-02,31,2.481,46.84,25.88,False
VPW-CONV-BELT-02,32,2.526,48.42,19.94,False
VPW-CONV-BELT-02,33,2.406,46.32,27.08,False
VPW-CONV-BELT-02,34,2.402,47.33,39.6,False
VPW-CONV-BELT-02,35,2.389,47.59,45.71,False
VPW-CONV-BELT-02,36,2.463,47.46,27.37,False
VPW-CONV-BELT-02,37,2.5,46.83,23.05,False
VPW-CONV-BELT-02,38,2.242,47.52,31.28,False
VPW-CONV-BELT-02,39,2.425,47.8,24.4,False
VPW-CONV-BELT-02,40,2.225,49.05,19.85,False
VPW-CONV-BELT-02,41,2.417,46.6,18.71,False
VPW-CONV-BELT-02,42,2.383,47.33,29.01,False
VPW-CONV-BELT-02,43,2.189,46.23,33.35,False
VPW-CONV-BELT-02,44,2.299,47.86,41.0,False
VPW-CONV-BELT-02,45,2.041,48.99,43.09,False
VPW-CONV-BELT-02,46,2.117,46.68,38.06,False
VPW-CONV-BELT-02,47,2.203,46.54,35.8,False
VPW-CONV-BELT-02,48,2.235,48.54,42.02,False
VPW-CONV-BELT-02,49,2.297,46.8,42.56,False
VPW-CONV-BELT-02,50,2.164,46.21,25.77,False
VPW-CONV-BELT-02,51,2.133,46.89,39.9,False
VPW-CONV-BELT-02,52,2.065,48.17,44.98,False
VPW-CONV-BELT-02,53,2.205,46.82,39.03,False
VPW-CONV-BELT-02,54,2.2,48.95,29.33,False
VPW-CONV-BELT-02,55,2.31,47.13,40.57,False
VPW-CONV-BELT-02,56,2.304,45.07,23.12,False
VPW-CONV-BELT-02,57,2.193,47.32,32.28,False
VPW-CONV-BELT-02,58,2.047,45.16,43.13,False
VPW-CONV-BELT-02,59,2.058,47.39,31.68,False
VPW-CONV-BELT-02,60,2.087,46.97,25.59,False
VPW-CONV-BELT-02,61,2.112,46.52,25.38,False
VPW-CONV-BELT-02,62,2.254,46.48,43.73,False
VPW-CONV-BELT-02,63,2.076,46.1,38.24,False
VPW-CONV-BELT-02,64,2.114,46.78,38.55,False
VPW-CONV-BELT-02,65,2.187,45.78,41.3,False
VPW-CONV-BELT-02,66,2.273,44.93,33.87,False
VPW-CONV-BELT-02,67,2.151,46.5,28.27,False
VPW-CONV-BELT-02,68,2.266,45.14,32.66,False
VPW-CONV-BELT-02,69,2.122,48.38,33.97,False
VPW-CONV-BELT-02,70,2.444,45.54,41.25,False
VPW-CONV-BELT-02,71,2.225,46.62,27.34,False
VPW-CONV-BELT-02,72,2.326,46.4,23.33,False
VPW-CONV-BELT-02,73,2.314,46.95,22.6,False
VPW-CONV-BELT-02,74,2.32,45.93,36.47,False
VPW-CONV-BELT-02,75,2.36,45.8,18.65,False
VPW-CONV-BELT-02,76,2.452,45.18,37.33,False
VPW-CONV-BELT-02,77,2.33,45.7,25.28,False
VPW-CONV-BELT-02,78,2.482,45.86,30.58,False
VPW-CONV-BELT-02,79,2.515,44.55,22.69,False
VPW-CONV-BELT-02,80,2.496,45.65,40.4,False
VPW-CONV-BELT-02,81,2.392,45.63,31.05,False
VPW-CONV-BELT-02,82,2.496,45.78,26.64,False
VPW-CONV-BELT-02,83,2.498,44.64,40.58,False
VPW-CONV-BELT-02,84,2.644,43.71,38.82,False
VPW-CONV-BELT-02,85,2.643,44.36,32.1,False
VPW-CONV-BELT-02,86,2.693,45.49,41.66,False
VPW-CONV-BELT-02,87,2.562,44.58,38.86,False
VPW-CONV-BELT-02,88,2.574,45.94,29.99,False
VPW-CONV-BELT-02,89,2.473,45.78,32.22,False
VPW-CONV-BELT-02,90,2.599,44.35,44.83,False
VPW-CONV-BELT-02,91,2.441,46.21,41.76,False
VPW-CONV-BELT-02,92,2.608,43.89,20.58,False
VPW-CONV-BELT-02,93,2.489,45.11,30.97,False
VPW-CONV-BELT-02,94,2.54,44.73,19.6,False
VPW-CONV-BELT-02,95,2.642,44.93,43.64,False
VPW-CONV-BELT-02,96,2.449,44.81,43.88,False
VPW-CONV-BELT-02,97,2.593,44.23,35.99,False
VPW-CONV-BELT-02,98,2.72,44.69,19.77,False
VPW-CONV-BELT-02,99,2.592,43.2,35.75,False
VPW-CONV-BELT-02,100,2.455,44.45,44.37,False
VPW-CONV-BELT-02,101,2.495,44.87,22.11,False
VPW-CONV-BELT-02,102,2.671,43.35,20.62,False
VPW-CONV-BELT-02,103,2.57,42.96,20.83,False
VPW-CONV-BELT-02,104,2.556,43.88,35.32,False
VPW-CONV-BELT-02,105,2.471,43.71,36.38,False
VPW-CONV-BELT-02,106,2.531,44.1,40.63,False
VPW-CONV-BELT-02,107,2.709,44.14,37.2,False
VPW-CONV-BELT-02,108,2.467,44.82,32.35,False
VPW-CONV-BELT-02,109,2.51,42.1,19.88,False
VPW-CONV-BELT-02,110,2.385,45.48,35.82,False
VPW-CONV-BELT-02,111,2.453,44.74,43.9,False
VPW-CONV-BELT-02,112,2.556,45.42,41.37,False
VPW-CONV-BELT-02,113,2.454,44.03,30.22,False
VPW-CONV-BELT-02,114,2.345,43.35,23.47,False
VPW-CONV-BELT-02,115,2.394,44.74,18.16,False
VPW-CONV-BELT-02,116,2.456,44.16,30.6,False
VPW-CONV-BELT-02,117,2.487,44.65,26.34,False
VPW-CONV-BELT-02,118,2.294,44.32,25.55,False
VPW-CONV-BELT-02,119,2.268,45.39,25.66,False
VPW-CONV-BELT-02,120,2.389,45.74,26.2,False
VPW-CONV-BELT-02,121,2.396,45.42,37.31,False
VPW-CONV-BELT-02,122,2.201,44.28,39.5,False
VPW-CONV-BELT-02,123,2.279,43.7,31.77,False
VPW-CONV-BELT-02,124,2.186,46.08,39.59,False
VPW-CONV-BELT-02,125,2.251,43.11,29.15,False
VPW-CONV-BELT-02,126,2.22,43.66,24.47,False
VPW-CONV-BELT-02,127,2.165,45.27,42.96,False
VPW-CONV-BELT-02,128,2.184,45.55,44.32,False
VPW-CONV-BELT-02,129,2.176,43.88,35.88,False
VPW-CONV-BELT-02,130,2.201,44.41,30.27,False
VPW-CONV-BELT-02,131,2.218,45.46,23.4,False
VPW-CONV-BELT-02,132,2.164,44.56,32.64,False
VPW-CONV-BELT-02,133,2.151,45.46,19.34,False
VPW-CONV-BELT-02,134,2.372,44.44,34.89,False
VPW-CONV-BELT-02,135,2.175,45.27,22.42,False
VPW-CONV-BELT-02,136,2.317,45.91,24.65,False
VPW-CONV-BELT-02,137,2.119,44.91,37.11,False
VPW-CONV-BELT-02,138,2.045,46.26,34.32,False
VPW-CONV-BELT-02,139,2.094,44.14,39.71,False
VPW-CONV-BELT-02,140,2.096,46.19,45.74,False
VPW-CONV-BELT-02,141,2.181,45.42,33.41,False
VPW-CONV-BELT-02,142,2.053,45.92,39.99,False
VPW-CONV-BELT-02,143,2.319,44.65,41.16,False
VPW-CONV-BELT-02,144,2.42,45.15,44.62,False
VPW-CONV-BELT-02,145,2.232,45.69,22.38,False
VPW-CONV-BELT-02,146,2.366,45.02,30.36,False
VPW-CONV-BELT-02,147,2.363,45.79,36.07,False
VPW-CONV-BELT-02,148,2.382,44.7,27.89,False
VPW-CONV-BELT-02,149,2.277,46.61,28.56,False
VPW-CONV-BELT-02,150,2.424,44.97,39.33,False
VPW-CONV-BELT-02,151,2.206,46.47,31.65,False
VPW-CONV-BELT-02,152,2.489,47.24,46.22,False
VPW-CONV-BELT-02,153,2.471,46.83,37.05,False
VPW-CONV-BELT-02,154,2.482,47.02,19.54,False
VPW-CONV-BELT-02,155,2.458,46.22,44.53,False
VPW-CONV-BELT-02,156,2.36,46.81,32.28,False
VPW-CONV-BELT-02,157,2.553,47.2,28.58,False
VPW-CONV-BELT-02,158,2.54,47.51,29.73,False
VPW-CONV-BELT-02,159,2.41,44.96,20.62,False
VPW-CONV-BELT-02,160,2.521,46.73,20.79,False
VPW-CONV-BELT-02,161,2.623,47.11,27.21,False
VPW-CONV-BELT-02,162,2.622,46.5,25.39,False
VPW-CONV-BELT-02,163,2.508,47.29,45.79,False
VPW-CONV-BELT-02,164,2.614,47.49,45.63,False
VPW-CONV-BELT-02,165,2.67,47.82,43.34,False
VPW-CONV-BELT-02,166,2.507,46.41,39.83,False
VPW-CONV-BELT-02,167,2.603,47.88,40.45,False
VPW-CONV-BELT-02,168,2.665,46.05,19.22,False
VPW-CONV-BELT-02,169,2.529,46.37,24.66,False
VPW-CONV-BELT-02,170,2.699,46.86,32.39,False
VPW-CONV-BELT-02,171,2.672,45.95,37.32,False
VPW-CONV-BELT-02,172,2.647,47.38,35.45,False
VPW-CONV-BELT-02,173,2.574,47.59,43.08,False
VPW-CONV-BELT-02,174,2.471,47.48,42.64,False
VPW-CONV-BELT-02,175,2.578,49.12,34.34,False
VPW-CONV-BELT-02,176,2.47,46.94,24.38,False
VPW-CONV-BELT-02,177,2.507,47.41,19.35,False
VPW-CONV-BELT-02,178,2.68,47.87,29.93,False
VPW-CONV-BELT-02,179,2.577,47.03,22.89,False
VPW-CONV-BELT-02,180,2.522,48.07,37.21,False
VPW-CONV-BELT-02,181,2.601,47.32,25.46,False
VPW-CONV-BELT-02,182,2.54,47.08,35.44,False
VPW-CONV-BELT-02,183,2.53,47.34,43.86,False
VPW-CONV-BELT-02,184,2.569,47.92,18.76,False
VPW-CONV-BELT-02,185,2.545,48.62,39.8,False
VPW-CONV-BELT-02,186,2.337,46.82,41.69,False
VPW-CONV-BELT-02,187,2.407,47.82,21.35,False
VPW-CONV-BELT-02,188,2.536,48.31,38.39,False
VPW-CONV-BELT-02,189,2.421,48.82,25.22,False
VPW-CONV-BELT-02,190,2.373,46.73,28.61,False
VPW-CONV-BELT-02,191,2.451,47.32,36.12,False
VPW-CONV-BELT-02,192,2.285,47.95,24.33,False
VPW-CONV-BELT-02,193,2.302,47.72,27.14,False
VPW-CONV-BELT-02,194,2.313,47.36,24.56,False
VPW-CONV-BELT-02,195,2.256,48.11,27.08,False
VPW-CONV-BELT-02,196,2.318,48.48,19.44,False
VPW-CONV-BELT-02,197,2.316,48.04,25.75,False
VPW-CONV-BELT-02,198,2.272,47.96,44.07,False
VPW-CONV-BELT-02,199,2.02,48.67,35.23,False
VPW-CONV-BELT-02,200,2.2,47.46,37.01,False
VPW-CONV-BELT-02,201,2.186,47.25,22.32,False
VPW-CONV-BELT-02,202,2.235,46.73,23.71,False
VPW-CONV-BELT-02,203,2.354,47.65,27.27,False
VPW-CONV-BELT-02,204,2.156,45.61,42.36,False
VPW-CONV-BELT-02,205,2.079,45.77,18.28,False
VPW-CONV-BELT-02,206,2.208,47.78,24.66,False
VPW-CONV-BELT-02,207,2.109,47.34,24.89,False
VPW-CONV-BELT-02,208,2.18,47.92,35.8,False
VPW-CONV-BELT-02,209,2.134,46.76,23.38,False
VPW-CONV-BELT-02,210,2.124,48.2,24.33,False
VPW-CONV-BELT-02,211,2.056,46.86,25.92,False
VPW-CONV-BELT-02,212,2.159,46.63,36.67,False
VPW-CONV-BELT-02,213,2.231,47.59,26.78,False
VPW-CONV-BELT-02,214,2.191,46.54,29.47,False
VPW-CONV-BELT-02,215,2.384,47.61,23.15,False
VPW-CONV-BELT-02,216,2.348,46.17,37.25,False
VPW-CONV-BELT-02,217,2.193,46.57,28.46,False
VPW-CONV-BELT-02,218,2.322,46.94,37.09,False
VPW-CONV-BELT-02,219,2.268,46.77,18.83,False
VPW-CONV-BELT-02,220,2.366,48.23,23.1,False
VPW-CONV-BELT-02,221,2.297,46.09,37.4,False
VPW-CONV-BELT-02,222,2.355,46.58,26.83,False
VPW-CONV-BELT-02,223,2.495,46.03,22.18,False
VPW-CONV-BELT-02,224,2.398,46.41,35.78,False
VPW-CONV-BELT-02,225,2.294,46.79,27.38,False
VPW-CONV-BELT-02,226,2.478,47.65,34.98,False
VPW-CONV-BELT-02,227,2.47,45.65,25.56,False
VPW-CONV-BELT-02,228,2.586,44.93,36.6,False
VPW-CONV-BELT-02,229,2.44,45.04,31.51,False
VPW-CONV-BELT-02,230,2.583,44.9,23.82,False
VPW-CONV-BELT-02,231,2.456,46.05,30.78,False
VPW-CONV-BELT-02,232,2.585,45.57,31.62,False
VPW-CONV-BELT-02,233,2.462,46.43,23.23,False
VPW-CONV-BELT-02,234,2.598,46.31,19.02,False
VPW-CONV-BELT-02,235,2.52,45.61,43.79,False
VPW-CONV-BELT-02,236,2.669,45.68,42.75,False
VPW-CONV-BELT-02,237,2.582,46.74,23.8,False
VPW-CONV-BELT-02,238,2.515,45.21,31.98,False
VPW-CONV-BELT-02,239,2.603,44.69,42.7,False
VPW-CONV-BELT-02,240,2.623,44.41,41.94,False
VPW-CONV-BELT-02,241,2.733,43.97,30.64,False
VPW-CONV-BELT-02,242,2.76,47.13,42.66,False
VPW-CONV-BELT-02,243,2.637,44.68,24.05,False
VPW-CONV-BELT-02,244,2.729,44.03,22.94,False
VPW-CONV-BELT-02,245,2.418,44.98,41.23,False
VPW-CONV-BELT-02,246,2.34,45.54,34.15,False
VPW-CONV-BELT-02,247,2.543,46.0,40.76,False
VPW-CONV-BELT-02,248,2.598,46.29,38.69,False
VPW-CONV-BELT-02,249,2.585,45.68,34.94,False
VPW-CONV-BELT-02,250,2.434,45.15,37.99,False
VPW-CONV-BELT-02,251,2.625,44.51,37.82,False
VPW-CONV-BELT-02,252,2.65,44.52,21.81,False
VPW-CONV-BELT-02,253,2.536,43.09,19.2,False
VPW-CONV-BELT-02,254,2.637,45.41,32.47,False
VPW-CONV-BELT-02,255,2.554,47.11,26.07,False
VPW-CONV-BELT-02,256,2.583,45.11,28.72,False
VPW-CONV-BELT-02,257,2.533,45.93,34.18,False
VPW-CONV-BELT-02,258,2.552,44.85,34.92,False
VPW-CONV-BELT-02,259,2.476,45.87,38.34,False
VPW-CONV-BELT-02,260,2.419,45.06,19.81,False
VPW-CONV-BELT-02,261,2.568,43.04,41.35,False
VPW-CONV-BELT-02,262,2.556,46.05,35.03,False
VPW-CONV-BELT-02,263,2.536,47.01,27.61,False
VPW-CONV-BELT-02,264,2.382,44.49,35.41,False
VPW-CONV-BELT-02,265,2.379,46.03,41.96,False
VPW-CONV-BELT-02,266,2.406,44.52,32.53,False
VPW-CONV-BELT-02,267,2.241,44.65,23.17,False
VPW-CONV-BELT-02,268,2.334,44.29,22.1,False
VPW-CONV-BELT-02,269,2.52,44.21,19.23,False
VPW-CONV-BELT-02,270,2.41,43.34,27.41,False
VPW-CONV-BELT-02,271,2.196,45.82,41.65,False
VPW-CONV-BELT-02,272,2.206,46.15,39.67,False
VPW-CONV-BELT-02,273,2.345,45.97,28.24,False
VPW-CONV-BELT-02,274,2.322,44.36,34.27,False
VPW-CONV-BELT-02,275,2.343,45.57,40.6,False
VPW-CONV-BELT-02,276,2.18,46.82,45.02,False
VPW-CONV-BELT-02,277,2.236,44.86,19.14,False
VPW-CONV-BELT-02,278,2.279,45.77,27.9,False
VPW-CONV-BELT-02,279,2.18,43.77,22.69,False
VPW-CONV-BELT-02,280,2.214,45.22,36.99,False
VPW-CONV-BELT-02,281,2.166,44.48,29.01,False
VPW-CONV-BELT-02,282,2.116,45.6,39.73,False
VPW-CONV-BELT-02,283,2.377,46.26,25.3,False
VPW-CONV-BELT-02,284,2.227,46.37,33.37,False
VPW-CONV-BELT-02,285,2.16,45.55,30.36,False
VPW-CONV-BELT-02,286,2.264,43.78,38.76,False
VPW-CONV-BELT-02,287,2.249,45.34,45.18,False
VPW-CONV-BELT-02,288,2.306,45.76,28.08,False
VPW-CONV-BELT-02,289,2.374,45.48,19.88,False
VPW-CONV-BELT-02,290,2.16,45.86,25.7,False
VPW-CONV-BELT-02,291,2.229,46.74,24.56,False
VPW-CONV-BELT-02,292,2.362,47.48,19.98,False
VPW-CONV-BELT-02,293,2.314,46.83,30.02,False
VPW-CONV-BELT-02,294,2.275,46.47,38.9,False
VPW-CONV-BELT-02,295,2.335,45.34,29.34,False
VPW-CONV-BELT-02,296,2.369,47.22,19.62,False
VPW-CONV-BELT-02,297,2.369,46.37,34.25,False
VPW-CONV-BELT-02,298,2.561,45.5,29.61,False
VPW-CONV-BELT-02,299,2.537,45.14,37.98,False
VPW-CONV-BELT-02,300,2.409,46.46,36.58,False
VPW-CONV-BELT-02,301,2.448,46.58,33.83,False
VPW-CONV-BELT-02,302,2.52,46.56,33.42,False
VPW-CONV-BELT-02,303,2.614,45.66,21.02,False
VPW-CONV-BELT-02,304,2.457,46.81,44.79,False
VPW-CONV-BELT-02,305,2.648,45.79,30.89,False
VPW-CONV-BELT-02,306,2.461,48.02,29.79,False
VPW-CONV-BELT-02,307,2.509,46.52,37.12,False
VPW-CONV-BELT-02,308,2.488,46.52,34.16,False
VPW-CONV-BELT-02,309,2.595,48.12,25.89,False
VPW-CONV-BELT-02,310,2.674,46.55,40.02,False
VPW-CONV-BELT-02,311,2.676,49.23,23.08,False
VPW-CONV-BELT-02,312,2.667,47.15,21.38,False
VPW-CONV-BELT-02,313,2.757,48.78,42.69,False
VPW-CONV-BELT-02,314,2.705,47.84,22.2,False
VPW-CONV-BELT-02,315,2.59,47.58,22.02,False
VPW-CONV-BELT-02,316,2.732,47.7,21.15,False
VPW-CONV-BELT-02,317,2.784,47.39,29.88,False
VPW-CONV-BELT-02,318,2.721,47.38,43.34,False
VPW-CONV-BELT-02,319,2.559,46.56,43.32,False
VPW-CONV-BELT-02,320,2.642,48.31,33.96,False
VPW-CONV-BELT-02,321,2.657,47.72,35.72,False
VPW-CONV-BELT-02,322,2.606,46.36,20.97,False
VPW-CONV-BELT-02,323,2.634,48.51,18.02,False
VPW-CONV-BELT-02,324,2.614,48.62,23.57,False
VPW-CONV-BELT-02,325,2.58,48.7,18.86,False
VPW-CONV-BELT-02,326,2.552,48.25,43.54,False
VPW-CONV-BELT-02,327,2.563,46.2,24.0,False
VPW-CONV-BELT-02,328,2.801,47.88,21.05,False
VPW-CONV-BELT-02,329,2.606,48.31,33.91,False
VPW-CONV-BELT-02,330,2.651,48.37,37.26,False
VPW-CONV-BELT-02,331,2.818,47.7,34.16,False
VPW-CONV-BELT-02,332,2.576,48.34,24.16,False
VPW-CONV-BELT-02,333,2.626,47.6,43.77,False
VPW-CONV-BELT-02,334,2.472,48.09,26.74,False
VPW-CONV-BELT-02,335,2.639,47.71,30.46,False
VPW-CONV-BELT-02,336,2.527,46.52,43.75,False
VPW-CONV-BELT-02,337,2.783,48.26,39.72,False
VPW-CONV-BELT-02,338,2.538,49.42,22.1,False
VPW-CONV-BELT-02,339,2.324,47.69,27.7,False
VPW-CONV-BELT-02,340,2.419,47.64,44.7,False
VPW-CONV-BELT-02,341,2.467,48.22,32.67,False
VPW-CONV-BELT-02,342,2.38,49.6,27.02,False
VPW-CONV-BELT-02,343,2.337,47.55,22.86,False
VPW-CONV-BELT-02,344,2.203,47.39,40.18,False
VPW-CONV-BELT-02,345,2.185,48.84,37.8,False
VPW-CONV-BELT-02,346,2.404,48.14,33.24,False
VPW-CONV-BELT-02,347,2.323,48.58,18.3,False
VPW-CONV-BELT-02,348,2.326,48.45,25.05,False
VPW-CONV-BELT-02,349,2.267,48.38,40.26,False
VPW-CONV-BELT-02,350,2.217,47.51,40.53,False
VPW-CONV-BELT-02,351,2.202,48.95,40.37,False
VPW-CONV-BELT-02,352,2.342,46.37,41.68,False
VPW-CONV-BELT-02,353,2.108,48.75,44.25,False
VPW-CONV-BELT-02,354,2.299,47.24,38.46,False
VPW-CONV-BELT-02,355,2.445,49.11,27.76,False
VPW-CONV-BELT-02,356,2.217,47.53,22.56,False
VPW-CONV-BELT-02,357,2.246,47.84,33.98,False
VPW-CONV-BELT-02,358,2.187,47.36,39.79,False
VPW-CONV-BELT-02,359,2.151,46.42,21.84,False
VPW-CONV-BELT-02,360,2.111,47.8,22.59,False
VPW-CONV-BELT-02,361,2.127,47.86,21.33,False
VPW-CONV-BELT-02,362,2.309,48.89,23.89,False
VPW-CONV-BELT-02,363,2.321,45.13,39.24,False
VPW-CONV-BELT-02,364,2.278,46.69,34.27,False
VPW-CONV-BELT-02,365,2.23,47.55,25.55,False
VPW-CONV-BELT-02,366,2.308,46.74,20.67,False
VPW-CONV-BELT-02,367,2.424,48.2,36.75,False
VPW-CONV-BELT-02,368,2.294,46.65,23.34,False
VPW-CONV-BELT-02,369,2.35,48.24,41.08,False
VPW-CONV-BELT-02,370,2.422,48.26,35.77,False
VPW-CONV-BELT-02,371,2.427,47.59,28.67,False
VPW-CONV-BELT-02,372,2.362,45.64,26.86,False
VPW-CONV-BELT-02,373,2.319,48.11,25.9,False
VPW-CONV-BELT-02,374,2.357,47.09,39.02,False
VPW-CONV-BELT-02,375,2.456,46.75,30.51,False
VPW-CONV-BELT-02,376,2.483,46.44,22.55,False
VPW-CONV-BELT-02,377,2.404,47.21,45.28,False
VPW-CONV-BELT-02,378,2.515,47.06,35.19,False
VPW-CONV-BELT-02,379,2.651,46.83,37.33,False
VPW-CONV-BELT-02,380,2.592,43.98,25.19,False
VPW-CONV-BELT-02,381,2.595,47.43,34.58,False
VPW-CONV-BELT-02,382,2.603,46.24,32.87,False
VPW-CONV-BELT-02,383,2.6,46.67,38.46,False
VPW-CONV-BELT-02,384,2.768,45.87,26.52,False
VPW-CONV-BELT-02,385,2.401,46.46,22.86,False
VPW-CONV-BELT-02,386,2.57,47.66,34.13,False
VPW-CONV-BELT-02,387,2.641,44.69,26.13,False
VPW-CONV-BELT-02,388,2.681,46.72,31.58,False
VPW-CONV-BELT-02,389,2.749,45.25,39.27,False
VPW-CONV-BELT-02,390,2.645,46.89,21.5,False
VPW-CONV-BELT-02,391,2.619,47.1,38.62,False
VPW-CONV-BELT-02,392,2.806,45.94,24.28,False
VPW-CONV-BELT-02,393,2.788,45.02,24.54,False
VPW-CONV-BELT-02,394,2.816,44.84,40.31,False
VPW-CONV-BELT-02,395,2.753,45.91,21.72,False
VPW-CONV-BELT-02,396,2.73,45.57,36.6,False
VPW-CONV-BELT-02,397,2.696,44.5,23.49,False
VPW-CONV-BELT-02,398,2.767,46.93,23.75,False
VPW-CONV-BELT-02,399,2.729,45.84,45.14,False
VPW-CONV-BELT-02,400,2.808,45.38,34.08,False
VPW-CONV-BELT-02,401,2.782,45.85,22.4,False
VPW-CONV-BELT-02,402,2.706,45.36,30.66,False
VPW-CONV-BELT-02,403,2.719,45.35,28.31,False
VPW-CONV-BELT-02,404,2.507,45.28,46.03,False
VPW-CONV-BELT-02,405,2.654,46.0,22.45,False
VPW-CONV-BELT-02,406,2.714,46.3,27.11,False
VPW-CONV-BELT-02,407,2.622,44.5,21.61,False
VPW-CONV-BELT-02,408,2.426,46.93,31.0,False
VPW-CONV-BELT-02,409,2.485,45.23,28.99,False
VPW-CONV-BELT-02,410,2.485,45.54,34.7,False
VPW-CONV-BELT-02,411,2.445,46.68,35.1,False
VPW-CONV-BELT-02,412,2.564,46.8,45.2,False
VPW-CONV-BELT-02,413,2.504,44.71,22.43,False
VPW-CONV-BELT-02,414,2.363,45.53,40.94,False
VPW-CONV-BELT-02,415,2.397,45.65,20.03,False
VPW-CONV-BELT-02,416,2.382,46.19,20.09,False
VPW-CONV-BELT-02,417,2.405,46.66,33.72,False
VPW-CONV-BELT-02,418,2.516,45.94,22.17,False
VPW-CONV-BELT-02,419,2.364,44.22,19.63,False
VPW-CONV-BELT-02,420,2.494,44.92,25.01,False
VPW-CONV-BELT-02,421,2.391,45.73,27.36,False
VPW-CONV-BELT-02,422,2.453,45.26,43.74,False
VPW-CONV-BELT-02,423,2.306,45.38,25.67,False
VPW-CONV-BELT-02,424,2.404,44.37,25.64,False
VPW-CONV-BELT-02,425,2.234,45.17,20.83,False
VPW-CONV-BELT-02,426,2.341,44.85,33.67,False
VPW-CONV-BELT-02,427,2.198,46.88,37.37,False
VPW-CONV-BELT-02,428,2.33,44.98,32.24,False
VPW-CONV-BELT-02,429,2.356,45.29,21.9,False
VPW-CONV-BELT-02,430,2.199,45.16,26.79,False
VPW-CONV-BELT-02,431,2.288,45.19,38.24,False
VPW-CONV-BELT-02,432,2.227,43.88,43.96,False
VPW-CONV-BELT-02,433,2.233,47.67,22.64,False
VPW-CONV-BELT-02,434,2.349,44.92,29.72,False
VPW-CONV-BELT-02,435,2.247,46.08,35.04,False
VPW-CONV-BELT-02,436,2.363,45.14,21.62,False
VPW-CONV-BELT-02,437,2.35,44.88,32.78,False
VPW-CONV-BELT-02,438,2.448,46.73,22.81,False
VPW-CONV-BELT-02,439,2.212,46.24,27.7,False
VPW-CONV-BELT-02,440,2.289,45.45,36.16,False
VPW-CONV-BELT-02,441,2.419,46.7,37.82,False
VPW-CONV-BELT-02,442,2.321,46.31,39.58,False
VPW-CONV-BELT-02,443,2.344,46.67,37.94,False
VPW-CONV-BELT-02,444,2.202,45.98,43.63,False
VPW-CONV-BELT-02,445,2.474,47.29,32.01,False
VPW-CONV-BELT-02,446,2.43,46.65,29.53,False
VPW-CONV-BELT-02,447,2.33,46.71,31.01,False
VPW-CONV-BELT-02,448,2.485,45.85,44.08,False
VPW-CONV-BELT-02,449,2.581,46.92,37.68,False
VPW-CONV-BELT-02,450,2.465,47.54,27.72,False
VPW-CONV-BELT-02,451,2.626,47.15,21.05,False
VPW-CONV-BELT-02,452,2.376,46.25,22.74,False
VPW-CONV-BELT-02,453,2.54,47.77,25.33,False
VPW-CONV-BELT-02,454,2.495,46.78,23.6,False
VPW-CONV-BELT-02,455,2.583,48.44,22.83,False
VPW-CONV-BELT-02,456,2.571,46.77,37.92,False
VPW-CONV-BELT-02,457,2.672,46.66,41.43,False
VPW-CONV-BELT-02,458,2.573,47.63,38.72,False
VPW-CONV-BELT-02,459,2.714,48.28,43.89,False
VPW-CONV-BELT-02,460,2.762,48.09,18.11,False
VPW-CONV-BELT-02,461,2.661,47.2,30.03,False
VPW-CONV-BELT-02,462,2.746,48.59,33.13,False
VPW-CONV-BELT-02,463,2.583,48.95,35.21,False
VPW-CONV-BELT-02,464,2.516,48.42,37.65,False
VPW-CONV-BELT-02,465,2.63,47.82,43.42,False
VPW-CONV-BELT-02,466,2.797,47.0,19.01,False
VPW-CONV-BELT-02,467,2.738,46.7,19.92,False
VPW-CONV-BELT-02,468,2.7,48.49,22.42,False
VPW-CONV-BELT-02,469,2.996,47.54,30.74,False
VPW-CONV-BELT-02,470,2.756,47.69,41.5,False
VPW-CONV-BELT-02,471,2.71,47.95,33.02,False
VPW-CONV-BELT-02,472,2.696,47.97,30.47,False
VPW-CONV-BELT-02,473,2.674,47.23,39.63,False
VPW-CONV-BELT-02,474,2.64,48.43,28.04,False
VPW-CONV-BELT-02,475,2.658,48.5,19.9,False
VPW-CONV-BELT-02,476,2.675,49.24,19.24,False
VPW-CONV-BELT-02,477,2.613,48.2,20.78,False
VPW-CONV-BELT-02,478,2.733,48.26,21.0,False
VPW-CONV-BELT-02,479,2.791,48.49,29.13,False
VPW-CONV-BELT-02,480,2.775,49.1,20.56,False
VPW-CONV-BELT-02,481,2.767,49.26,35.29,False
VPW-CONV-BELT-02,482,2.653,48.21,35.76,False
VPW-CONV-BELT-02,483,2.565,48.1,45.98,False
VPW-CONV-BELT-02,484,2.623,48.59,18.23,False
VPW-CONV-BELT-02,485,2.708,48.65,29.61,False
VPW-CONV-BELT-02,486,2.694,47.36,40.38,False
VPW-CONV-BELT-02,487,2.511,49.12,32.64,False
VPW-CONV-BELT-02,488,2.524,48.5,34.17,False
VPW-CONV-BELT-02,489,2.4,49.12,29.57,False
VPW-CONV-BELT-02,490,2.59,47.61,26.78,False
VPW-CONV-BELT-02,491,2.559,47.92,34.66,False
VPW-CONV-BELT-02,492,2.331,48.46,45.1,False
VPW-CONV-BELT-02,493,2.442,49.56,29.81,False
VPW-CONV-BELT-02,494,2.537,46.96,40.14,False
VPW-CONV-BELT-02,495,2.523,48.5,20.55,False
VPW-CONV-BELT-02,496,2.413,47.82,43.21,False
VPW-CONV-BELT-02,497,2.487,48.64,42.39,False
VPW-CONV-BELT-02,498,2.371,48.55,42.94,False
VPW-CONV-BELT-02,499,2.467,48.3,35.32,False
VPW-CONV-BELT-02,500,2.471,47.86,31.42,False
VPW-CONV-BELT-02,501,2.286,48.53,29.14,False
VPW-CONV-BELT-02,502,2.311,48.29,30.1,False
VPW-CONV-BELT-02,503,2.328,49.18,43.96,False
VPW-CONV-BELT-02,504,2.676,47.89,43.28,False
VPW-CONV-BELT-02,505,2.161,47.34,41.47,False
VPW-CONV-BELT-02,506,2.525,48.83,39.52,False
VPW-CONV-BELT-02,507,2.337,48.78,43.36,False
VPW-CONV-BELT-02,508,2.235,48.68,35.47,False
VPW-CONV-BELT-02,509,2.321,47.95,25.47,False
VPW-CONV-BELT-02,510,2.275,46.42,30.08,False
VPW-CONV-BELT-02,511,2.369,50.27,43.85,False
VPW-CONV-BELT-02,512,2.264,48.63,42.5,False
VPW-CONV-BELT-02,513,2.433,48.29,24.16,False
VPW-CONV-BELT-02,514,2.282,48.93,36.68,False
VPW-CONV-BELT-02,515,2.461,47.28,41.09,False
VPW-CONV-BELT-02,516,2.376,49.17,19.86,False
VPW-CONV-BELT-02,517,2.354,48.17,42.07,False
VPW-CONV-BELT-02,518,2.481,48.0,22.86,False
VPW-CONV-BELT-02,519,2.166,47.36,31.18,False
VPW-CONV-BELT-02,520,2.436,47.77,36.11,False
VPW-CONV-BELT-02,521,2.53,48.18,39.95,False
VPW-CONV-BELT-02,522,2.403,45.57,39.49,False
VPW-CONV-BELT-02,523,2.449,48.22,44.21,False
VPW-CONV-BELT-02,524,2.489,47.01,28.24,False
VPW-CONV-BELT-02,525,2.64,46.78,40.58,False
VPW-CONV-BELT-02,526,2.523,47.85,28.42,False
VPW-CONV-BELT-02,527,2.643,46.27,35.56,False
VPW-CONV-BELT-02,528,2.52,47.76,44.36,False
VPW-CONV-BELT-02,529,2.55,46.66,39.68,False
VPW-CONV-BELT-02,530,2.607,46.87,20.3,False
VPW-CONV-BELT-02,531,2.645,47.72,45.56,False
VPW-CONV-BELT-02,532,2.63,45.03,30.91,False
VPW-CONV-BELT-02,533,2.676,45.79,28.51,False
VPW-CONV-BELT-02,534,2.588,45.33,18.37,False
VPW-CONV-BELT-02,535,2.747,46.81,24.67,False
VPW-CONV-BELT-02,536,2.711,45.89,29.04,False
VPW-CONV-BELT-02,537,2.798,47.24,42.85,False
VPW-CONV-BELT-02,538,2.685,46.32,39.18,False
VPW-CONV-BELT-02,539,2.622,45.47,34.93,False
VPW-CONV-BELT-02,540,2.729,45.45,33.52,False
VPW-CONV-BELT-02,541,2.69,46.31,23.74,False
VPW-CONV-BELT-02,542,2.694,44.17,43.67,False
VPW-CONV-BELT-02,543,2.666,46.09,34.55,False
VPW-CONV-BELT-02,544,2.961,45.88,22.94,False
VPW-CONV-BELT-02,545,2.748,44.91,26.76,False
VPW-CONV-BELT-02,546,2.792,45.12,39.47,False
VPW-CONV-BELT-02,547,2.699,46.25,21.48,False
VPW-CONV-BELT-02,548,2.75,46.26,29.46,False
VPW-CONV-BELT-02,549,2.737,46.23,21.43,False
VPW-CONV-BELT-02,550,2.561,45.95,40.86,False
VPW-CONV-BELT-02,551,2.757,44.99,32.91,False
VPW-CONV-BELT-02,552,2.821,45.35,38.65,False
VPW-CONV-BELT-02,553,2.74,46.31,19.36,False
VPW-CONV-BELT-02,554,2.762,45.14,41.85,False
VPW-CONV-BELT-02,555,2.774,46.08,36.09,False
VPW-CONV-BELT-02,556,2.83,45.35,26.89,False
VPW-CONV-BELT-02,557,2.766,44.74,40.11,False
VPW-CONV-BELT-02,558,2.781,46.38,39.73,False
VPW-CONV-BELT-02,559,2.661,45.79,37.76,False
VPW-CONV-BELT-02,560,2.656,47.6,32.65,False
VPW-CONV-BELT-02,561,2.682,44.73,42.05,False
VPW-CONV-BELT-02,562,2.555,44.58,38.01,False
VPW-CONV-BELT-02,563,2.499,44.88,26.29,False
VPW-CONV-BELT-02,564,2.64,45.69,19.11,False
VPW-CONV-BELT-02,565,2.567,45.51,19.53,False
VPW-CONV-BELT-02,566,2.605,45.78,45.38,False
VPW-CONV-BELT-02,567,2.574,45.02,37.2,False
VPW-CONV-BELT-02,568,2.489,45.94,18.04,False
VPW-CONV-BELT-02,569,2.436,46.13,19.27,False
VPW-CONV-BELT-02,570,2.543,45.94,24.7,False
VPW-CONV-BELT-02,571,2.43,45.68,18.6,False
VPW-CONV-BELT-02,572,2.399,46.37,24.46,False
VPW-CONV-BELT-02,573,2.297,46.85,39.37,False
VPW-CONV-BELT-02,574,2.36,46.98,22.59,False
VPW-CONV-BELT-02,575,2.167,46.47,31.96,False
VPW-CONV-BELT-02,576,2.298,46.46,20.1,False
VPW-CONV-BELT-02,577,2.411,45.67,28.71,False
VPW-CONV-BELT-02,578,2.336,45.97,45.46,False
VPW-CONV-BELT-02,579,2.34,45.49,32.95,False
VPW-CONV-BELT-02,580,2.236,45.24,20.67,False
VPW-CONV-BELT-02,581,2.438,45.92,39.15,False
VPW-CONV-BELT-02,582,2.322,46.37,28.58,False
VPW-CONV-BELT-02,583,2.329,46.66,45.65,False
VPW-CONV-BELT-02,584,2.35,45.9,23.22,False
VPW-CONV-BELT-02,585,2.323,47.64,21.97,False
VPW-CONV-BELT-02,586,2.209,45.5,33.69,False
VPW-CONV-BELT-02,587,2.463,46.55,35.13,False
VPW-CONV-BELT-02,588,2.31,46.31,35.91,False
VPW-CONV-BELT-02,589,2.353,46.65,33.1,False
VPW-CONV-BELT-02,590,2.445,46.98,44.7,False
VPW-CONV-BELT-02,591,2.257,46.14,22.24,False
VPW-CONV-BELT-02,592,2.328,46.73,24.06,False
VPW-CONV-BELT-02,593,2.268,46.48,39.22,False
VPW-CONV-BELT-02,594,2.446,46.74,22.55,False
VPW-CONV-BELT-02,595,2.482,46.33,45.35,False
VPW-CONV-BELT-02,596,2.492,47.37,45.03,False
VPW-CONV-BELT-02,597,2.412,46.46,38.17,False
VPW-CONV-BELT-02,598,2.521,48.5,30.2,False
VPW-CONV-BELT-02,599,2.523,46.59,36.42,False
VPW-CONV-BELT-02,600,2.616,48.04,34.87,False
VPW-CONV-BELT-02,601,2.459,46.48,34.09,False
VPW-CONV-BELT-02,602,2.598,47.55,37.82,False
VPW-CONV-BELT-02,603,2.609,47.94,34.06,False
VPW-CONV-BELT-02,604,2.582,46.12,30.24,False
VPW-CONV-BELT-02,605,2.707,48.02,21.56,False
VPW-CONV-BELT-02,606,2.555,47.2,26.32,False
VPW-CONV-BELT-02,607,2.705,46.54,39.96,False
VPW-CONV-BELT-02,608,2.63,47.19,22.2,False
VPW-CONV-BELT-02,609,2.503,46.74,33.22,False
VPW-CONV-BELT-02,610,2.585,46.66,44.82,False
VPW-CONV-BELT-02,611,2.833,47.8,18.74,False
VPW-CONV-BELT-02,612,2.686,48.88,43.51,False
VPW-CONV-BELT-02,613,2.783,47.67,37.84,False
VPW-CONV-BELT-02,614,2.774,47.04,40.48,False
VPW-CONV-BELT-02,615,2.938,48.08,22.28,False
VPW-CONV-BELT-02,616,2.783,48.32,32.3,False
VPW-CONV-BELT-02,617,2.603,48.99,34.25,False
VPW-CONV-BELT-02,618,2.86,47.51,27.43,False
VPW-CONV-BELT-02,619,2.786,48.77,33.21,False
VPW-CONV-BELT-02,620,2.765,49.54,32.97,False
VPW-CONV-BELT-02,621,2.679,48.03,39.97,False
VPW-CONV-BELT-02,622,2.649,48.75,20.51,False
VPW-CONV-BELT-02,623,2.771,49.25,42.3,False
VPW-CONV-BELT-02,624,2.945,49.57,45.45,False
VPW-CONV-BELT-02,625,2.789,48.94,39.52,False
VPW-CONV-BELT-02,626,2.798,48.82,23.66,False
VPW-CONV-BELT-02,627,2.765,49.14,27.19,False
VPW-CONV-BELT-02,628,2.684,48.68,19.74,False
VPW-CONV-BELT-02,629,2.763,49.67,32.82,False
VPW-CONV-BELT-02,630,2.487,48.72,29.77,False
VPW-CONV-BELT-02,631,2.884,49.72,42.07,False
VPW-CONV-BELT-02,632,2.745,49.66,31.62,False
VPW-CONV-BELT-02,633,2.669,49.3,24.35,False
VPW-CONV-BELT-02,634,2.822,48.14,23.52,False
VPW-CONV-BELT-02,635,2.724,49.15,35.05,False
VPW-CONV-BELT-02,636,2.577,49.47,38.26,False
VPW-CONV-BELT-02,637,2.718,49.2,33.64,False
VPW-CONV-BELT-02,638,2.584,48.68,35.9,False
VPW-CONV-BELT-02,639,2.456,50.61,43.74,False
VPW-CONV-BELT-02,640,2.728,48.54,32.3,False
VPW-CONV-BELT-02,641,2.561,48.75,38.79,False
VPW-CONV-BELT-02,642,2.517,48.45,37.33,False
VPW-CONV-BELT-02,643,2.493,48.25,31.14,False
VPW-CONV-BELT-02,644,2.56,49.7,31.44,False
VPW-CONV-BELT-02,645,2.559,48.96,35.39,False
VPW-CONV-BELT-02,646,2.515,49.54,39.17,False
VPW-CONV-BELT-02,647,2.501,48.11,22.43,False
VPW-CONV-BELT-02,648,2.555,48.78,44.28,False
VPW-CONV-BELT-02,649,2.449,49.04,22.14,False
VPW-CONV-BELT-02,650,2.391,50.61,34.72,False
VPW-CONV-BELT-02,651,2.48,47.32,24.94,False
VPW-CONV-BELT-02,652,2.415,48.04,33.47,False
VPW-CONV-BELT-02,653,2.542,49.19,30.11,False
VPW-CONV-BELT-02,654,2.401,48.85,41.35,False
VPW-CONV-BELT-02,655,2.372,49.26,34.16,False
VPW-CONV-BELT-02,656,2.393,49.1,31.97,False
VPW-CONV-BELT-02,657,2.335,49.75,36.24,False
VPW-CONV-BELT-02,658,2.278,48.16,34.75,False
VPW-CONV-BELT-02,659,2.477,47.28,29.58,False
VPW-CONV-BELT-02,660,2.343,47.91,43.04,False
VPW-CONV-BELT-02,661,2.23,47.56,18.5,False
VPW-CONV-BELT-02,662,2.355,49.73,42.43,False
VPW-CONV-BELT-02,663,2.378,48.98,31.14,False
VPW-CONV-BELT-02,664,2.426,48.09,17.96,False
VPW-CONV-BELT-02,665,2.424,49.16,17.46,False
VPW-CONV-BELT-02,666,2.201,47.45,33.81,False
VPW-CONV-BELT-02,667,2.454,48.54,30.16,False
VPW-CONV-BELT-02,668,2.301,48.3,44.56,False
VPW-CONV-BELT-02,669,2.323,47.79,24.88,False
VPW-CONV-BELT-02,670,2.262,48.31,25.5,False
VPW-CONV-BELT-02,671,2.411,48.52,29.47,False
VPW-CONV-BELT-02,672,2.486,48.34,41.73,False
VPW-CONV-BELT-02,673,2.406,47.77,25.5,False
VPW-CONV-BELT-02,674,2.529,48.85,35.94,False
VPW-CONV-BELT-02,675,2.543,47.14,24.37,False
VPW-CONV-BELT-02,676,2.551,48.6,43.6,False
VPW-CONV-BELT-02,677,2.585,47.14,38.35,False
VPW-CONV-BELT-02,678,2.553,49.11,23.35,False
VPW-CONV-BELT-02,679,2.552,47.84,22.74,False
VPW-CONV-BELT-02,680,2.456,48.19,37.85,False
VPW-CONV-BELT-02,681,2.504,47.69,41.78,False
VPW-CONV-BELT-02,682,2.67,48.51,19.96,False
VPW-CONV-BELT-02,683,2.583,47.0,41.0,False
VPW-CONV-BELT-02,684,2.871,46.26,35.19,False
VPW-CONV-BELT-02,685,2.566,47.04,32.92,False
VPW-CONV-BELT-02,686,2.689,45.49,36.25,False
VPW-CONV-BELT-02,687,2.829,46.03,38.65,False
VPW-CONV-BELT-02,688,2.655,45.19,22.0,False
VPW-CONV-BELT-02,689,2.836,47.04,41.34,False
VPW-CONV-BELT-02,690,2.781,46.02,34.03,False
VPW-CONV-BELT-02,691,2.889,47.55,38.35,False
VPW-CONV-BELT-02,692,2.777,46.66,31.71,False
VPW-CONV-BELT-02,693,2.898,46.61,25.29,False
VPW-CONV-BELT-02,694,2.692,47.69,25.37,False
VPW-CONV-BELT-02,695,2.797,45.71,27.09,False
VPW-CONV-BELT-02,696,2.898,45.97,44.24,False
VPW-CONV-BELT-02,697,2.906,45.33,39.52,False
VPW-CONV-BELT-02,698,2.782,47.02,38.13,False
VPW-CONV-BELT-02,699,2.706,47.46,36.95,False
VPW-CONV-BELT-02,700,2.667,46.9,40.73,False
VPW-CONV-BELT-02,701,2.945,45.55,29.47,False
VPW-CONV-BELT-02,702,2.641,46.53,26.45,False
VPW-CONV-BELT-02,703,2.777,46.5,38.14,False
VPW-CONV-BELT-02,704,2.906,46.62,31.83,False
VPW-CONV-BELT-02,705,2.715,45.07,33.93,False
VPW-CONV-BELT-02,706,2.824,46.61,23.63,False
VPW-CONV-BELT-02,707,2.864,46.22,19.87,False
VPW-CONV-BELT-02,708,2.644,46.23,18.45,False
VPW-CONV-BELT-02,709,2.807,46.96,20.11,False
VPW-CONV-BELT-02,710,2.781,46.98,20.22,False
VPW-CONV-BELT-02,711,2.749,47.21,33.18,False
VPW-CONV-BELT-02,712,2.771,46.04,39.89,False
VPW-CONV-BELT-02,713,2.743,46.26,26.3,False
VPW-CONV-BELT-02,714,2.579,44.86,37.79,False
VPW-CONV-BELT-02,715,2.626,45.36,21.69,False
VPW-CONV-BELT-02,716,2.775,45.79,24.13,False
VPW-CONV-BELT-02,717,2.568,46.55,32.11,False
VPW-CONV-BELT-02,718,2.529,46.06,43.91,False
VPW-CONV-BELT-02,719,2.439,45.51,39.61,False
VPW-CONV-BELT-03,0,1.68,58.31,25.13,False
VPW-CONV-BELT-03,1,1.678,58.44,43.89,False
VPW-CONV-BELT-03,2,1.716,59.56,30.88,False
VPW-CONV-BELT-03,3,1.689,58.02,19.52,False
VPW-CONV-BELT-03,4,1.637,59.55,40.61,False
VPW-CONV-BELT-03,5,1.759,59.08,35.61,False
VPW-CONV-BELT-03,6,1.792,60.44,28.61,False
VPW-CONV-BELT-03,7,1.864,58.41,43.69,False
VPW-CONV-BELT-03,8,1.888,58.59,42.44,False
VPW-CONV-BELT-03,9,1.791,59.12,24.28,False
VPW-CONV-BELT-03,10,1.901,59.34,33.41,False
VPW-CONV-BELT-03,11,1.843,59.48,21.18,False
VPW-CONV-BELT-03,12,1.861,60.1,34.63,False
VPW-CONV-BELT-03,13,1.87,60.28,29.6,False
VPW-CONV-BELT-03,14,1.913,59.25,25.17,False
VPW-CONV-BELT-03,15,1.922,60.62,32.31,False
VPW-CONV-BELT-03,16,1.936,58.93,27.37,False
VPW-CONV-BELT-03,17,1.924,60.52,18.44,False
VPW-CONV-BELT-03,18,1.804,60.49,20.72,False
VPW-CONV-BELT-03,19,2.093,61.28,37.52,False
VPW-CONV-BELT-03,20,1.986,58.56,46.12,False
VPW-CONV-BELT-03,21,1.853,60.86,40.91,False
VPW-CONV-BELT-03,22,1.992,60.61,24.37,False
VPW-CONV-BELT-03,23,1.807,59.77,22.94,False
VPW-CONV-BELT-03,24,1.914,59.77,24.99,False
VPW-CONV-BELT-03,25,1.737,60.88,33.27,False
VPW-CONV-BELT-03,26,1.843,61.17,30.55,False
VPW-CONV-BELT-03,27,1.873,60.62,44.11,False
VPW-CONV-BELT-03,28,1.981,60.63,41.5,False
VPW-CONV-BELT-03,29,1.933,60.05,46.54,False
VPW-CONV-BELT-03,30,1.763,61.06,45.05,False
VPW-CONV-BELT-03,31,1.869,61.29,41.99,False
VPW-CONV-BELT-03,32,1.766,61.34,23.96,False
VPW-CONV-BELT-03,33,1.94,59.58,41.04,False
VPW-CONV-BELT-03,34,1.807,60.66,19.95,False
VPW-CONV-BELT-03,35,1.782,61.29,25.74,False
VPW-CONV-BELT-03,36,1.73,60.34,24.45,False
VPW-CONV-BELT-03,37,1.78,61.28,38.43,False
VPW-CONV-BELT-03,38,1.85,61.65,34.17,False
VPW-CONV-BELT-03,39,1.692,60.13,20.73,False
VPW-CONV-BELT-03,40,1.683,59.73,22.73,False
VPW-CONV-BELT-03,41,1.566,60.85,43.16,False
VPW-CONV-BELT-03,42,1.666,61.43,27.69,False
VPW-CONV-BELT-03,43,1.649,61.41,33.94,False
VPW-CONV-BELT-03,44,1.622,60.35,23.85,False
VPW-CONV-BELT-03,45,1.542,61.03,20.82,False
VPW-CONV-BELT-03,46,1.396,60.7,26.33,False
VPW-CONV-BELT-03,47,1.49,61.65,37.96,False
VPW-CONV-BELT-03,48,1.544,60.75,21.46,False
VPW-CONV-BELT-03,49,1.507,60.97,25.89,False
VPW-CONV-BELT-03,50,1.485,60.66,29.22,False
VPW-CONV-BELT-03,51,1.44,60.78,41.75,False
VPW-CONV-BELT-03,52,1.648,60.2,35.45,False
VPW-CONV-BELT-03,53,1.616,60.27,42.38,False
VPW-CONV-BELT-03,54,1.48,60.75,30.48,False
VPW-CONV-BELT-03,55,1.472,59.95,22.77,False
VPW-CONV-BELT-03,56,1.526,59.03,30.52,False
VPW-CONV-BELT-03,57,1.668,59.81,43.52,False
VPW-CONV-BELT-03,58,1.337,59.39,30.9,False
VPW-CONV-BELT-03,59,1.433,59.9,45.37,False
VPW-CONV-BELT-03,60,1.476,60.35,27.13,False
VPW-CONV-BELT-03,61,1.408,60.26,41.17,False
VPW-CONV-BELT-03,62,1.505,59.32,27.66,False
VPW-CONV-BELT-03,63,1.643,59.38,23.87,False
VPW-CONV-BELT-03,64,1.609,59.07,24.35,False
VPW-CONV-BELT-03,65,1.491,59.71,44.1,False
VPW-CONV-BELT-03,66,1.646,60.1,24.07,False
VPW-CONV-BELT-03,67,1.477,60.18,41.9,False
VPW-CONV-BELT-03,68,1.695,58.91,28.06,False
VPW-CONV-BELT-03,69,1.609,57.55,39.75,False
VPW-CONV-BELT-03,70,1.53,59.18,34.72,False
VPW-CONV-BELT-03,71,1.674,58.51,44.82,False
VPW-CONV-BELT-03,72,1.628,60.07,23.25,False
VPW-CONV-BELT-03,73,1.838,58.11,17.01,False
VPW-CONV-BELT-03,74,1.813,59.01,35.9,False
VPW-CONV-BELT-03,75,1.641,58.86,32.19,False
VPW-CONV-BELT-03,76,1.708,59.01,33.06,False
VPW-CONV-BELT-03,77,1.73,56.78,37.44,False
VPW-CONV-BELT-03,78,1.74,59.73,36.8,False
VPW-CONV-BELT-03,79,1.976,59.39,29.51,False
VPW-CONV-BELT-03,80,1.83,59.29,22.95,False
VPW-CONV-BELT-03,81,1.749,58.41,30.43,False
VPW-CONV-BELT-03,82,1.82,59.24,24.53,False
VPW-CONV-BELT-03,83,1.85,58.02,27.19,False
VPW-CONV-BELT-03,84,1.759,58.84,24.64,False
VPW-CONV-BELT-03,85,1.915,59.78,41.35,False
VPW-CONV-BELT-03,86,1.887,57.37,27.94,False
VPW-CONV-BELT-03,87,1.816,57.09,36.42,False
VPW-CONV-BELT-03,88,1.935,59.12,41.22,False
VPW-CONV-BELT-03,89,1.978,57.87,40.37,False
VPW-CONV-BELT-03,90,1.935,58.47,26.67,False
VPW-CONV-BELT-03,91,1.941,59.11,25.77,False
VPW-CONV-BELT-03,92,1.911,59.03,35.47,False
VPW-CONV-BELT-03,93,1.96,57.16,21.52,False
VPW-CONV-BELT-03,94,1.963,58.78,38.59,False
VPW-CONV-BELT-03,95,1.882,57.52,32.5,False
VPW-CONV-BELT-03,96,1.9,57.35,37.24,False
VPW-CONV-BELT-03,97,1.928,56.87,18.33,False
VPW-CONV-BELT-03,98,2.03,57.59,26.62,False
VPW-CONV-BELT-03,99,1.936,56.92,39.39,False
VPW-CONV-BELT-03,100,1.963,57.4,28.75,False
VPW-CONV-BELT-03,101,1.988,57.94,44.91,False
VPW-CONV-BELT-03,102,1.925,57.41,40.25,False
VPW-CONV-BELT-03,103,2.056,57.46,46.58,False
VPW-CONV-BELT-03,104,1.874,58.3,19.52,False
VPW-CONV-BELT-03,105,1.876,58.0,28.92,False
VPW-CONV-BELT-03,106,1.886,57.84,31.46,False
VPW-CONV-BELT-03,107,1.86,59.24,45.94,False
VPW-CONV-BELT-03,108,1.643,58.82,34.39,False
VPW-CONV-BELT-03,109,1.785,57.01,34.65,False
VPW-CONV-BELT-03,110,1.771,57.0,43.97,False
VPW-CONV-BELT-03,111,1.717,59.95,31.03,False
VPW-CONV-BELT-03,112,1.841,57.49,32.05,False
VPW-CONV-BELT-03,113,1.678,58.01,35.77,False
VPW-CONV-BELT-03,114,1.645,57.83,19.45,False
VPW-CONV-BELT-03,115,1.769,57.15,22.81,False
VPW-CONV-BELT-03,116,1.524,57.03,30.08,False
VPW-CONV-BELT-03,117,1.602,57.46,27.16,False
VPW-CONV-BELT-03,118,1.567,57.56,18.03,False
VPW-CONV-BELT-03,119,1.71,59.19,35.66,False
VPW-CONV-BELT-03,120,1.688,57.85,30.99,False
VPW-CONV-BELT-03,121,1.661,57.49,19.96,False
VPW-CONV-BELT-03,122,1.644,57.1,26.07,False
VPW-CONV-BELT-03,123,1.685,58.71,45.22,False
VPW-CONV-BELT-03,124,1.394,59.37,45.35,False
VPW-CONV-BELT-03,125,1.476,57.52,24.81,False
VPW-CONV-BELT-03,126,1.523,57.97,27.1,False
VPW-CONV-BELT-03,127,1.383,57.57,22.88,False
VPW-CONV-BELT-03,128,1.619,57.74,17.9,False
VPW-CONV-BELT-03,129,1.524,58.5,17.99,False
VPW-CONV-BELT-03,130,1.668,58.69,33.42,False
VPW-CONV-BELT-03,131,1.605,57.35,37.97,False
VPW-CONV-BELT-03,132,1.465,58.07,33.56,False
VPW-CONV-BELT-03,133,1.5,58.98,24.91,False
VPW-CONV-BELT-03,134,1.636,57.64,29.69,False
VPW-CONV-BELT-03,135,1.491,59.63,27.11,False
VPW-CONV-BELT-03,136,1.619,56.57,39.36,False
VPW-CONV-BELT-03,137,1.463,59.54,31.31,False
VPW-CONV-BELT-03,138,1.544,58.3,21.35,False
VPW-CONV-BELT-03,139,1.65,58.92,18.44,False
VPW-CONV-BELT-03,140,1.459,58.97,23.25,False
VPW-CONV-BELT-03,141,1.437,60.62,29.59,False
VPW-CONV-BELT-03,142,1.59,58.49,21.07,False
VPW-CONV-BELT-03,143,1.688,58.86,38.38,False
VPW-CONV-BELT-03,144,1.503,58.74,28.71,False
VPW-CONV-BELT-03,145,1.699,59.54,37.12,False
VPW-CONV-BELT-03,146,1.593,58.29,37.39,False
VPW-CONV-BELT-03,147,1.686,58.17,19.68,False
VPW-CONV-BELT-03,148,1.673,59.07,35.95,False
VPW-CONV-BELT-03,149,1.781,59.95,18.38,False
VPW-CONV-BELT-03,150,1.597,58.05,31.97,False
VPW-CONV-BELT-03,151,1.774,58.73,32.63,False
VPW-CONV-BELT-03,152,1.695,59.01,38.48,False
VPW-CONV-BELT-03,153,1.759,59.99,22.83,False
VPW-CONV-BELT-03,154,1.775,59.31,43.54,False
VPW-CONV-BELT-03,155,1.868,60.64,25.93,False
VPW-CONV-BELT-03,156,1.777,60.59,34.77,False
VPW-CONV-BELT-03,157,1.773,60.27,28.98,False
VPW-CONV-BELT-03,158,1.851,59.72,20.03,False
VPW-CONV-BELT-03,159,1.857,60.64,19.07,False
VPW-CONV-BELT-03,160,1.943,60.84,37.36,False
VPW-CONV-BELT-03,161,1.898,60.47,36.13,False
VPW-CONV-BELT-03,162,2.067,59.5,33.08,False
VPW-CONV-BELT-03,163,1.939,60.27,29.25,False
VPW-CONV-BELT-03,164,1.759,59.93,44.2,False
VPW-CONV-BELT-03,165,1.944,60.4,39.05,False
VPW-CONV-BELT-03,166,1.934,61.64,25.75,False
VPW-CONV-BELT-03,167,1.999,61.19,32.02,False
VPW-CONV-BELT-03,168,1.854,61.26,34.08,False
VPW-CONV-BELT-03,169,2.079,59.72,38.65,False
VPW-CONV-BELT-03,170,1.909,60.82,19.09,False
VPW-CONV-BELT-03,171,2.048,61.2,21.36,False
VPW-CONV-BELT-03,172,1.897,61.37,36.02,False
VPW-CONV-BELT-03,173,2.018,59.76,44.53,False
VPW-CONV-BELT-03,174,2.108,60.49,42.1,False
VPW-CONV-BELT-03,175,1.922,58.68,35.63,False
VPW-CONV-BELT-03,176,1.953,59.23,31.4,False
VPW-CONV-BELT-03,177,1.939,60.64,27.35,False
VPW-CONV-BELT-03,178,2.054,59.46,22.1,False
VPW-CONV-BELT-03,179,1.856,60.27,18.34,False
VPW-CONV-BELT-03,180,1.808,60.55,45.27,False
VPW-CONV-BELT-03,181,1.893,61.95,44.58,False
VPW-CONV-BELT-03,182,1.987,60.23,38.07,False
VPW-CONV-BELT-03,183,1.936,61.41,46.29,False
VPW-CONV-BELT-03,184,1.869,61.8,31.36,False
VPW-CONV-BELT-03,185,1.619,60.93,27.94,False
VPW-CONV-BELT-03,186,1.873,60.6,23.67,False
VPW-CONV-BELT-03,187,1.717,59.68,34.25,False
VPW-CONV-BELT-03,188,2.019,59.51,30.14,False
VPW-CONV-BELT-03,189,1.73,60.47,28.48,False
VPW-CONV-BELT-03,190,1.528,61.37,44.13,False
VPW-CONV-BELT-03,191,1.631,60.17,32.95,False
VPW-CONV-BELT-03,192,1.74,61.55,33.4,False
VPW-CONV-BELT-03,193,1.8,58.55,21.03,False
VPW-CONV-BELT-03,194,1.59,60.57,26.05,False
VPW-CONV-BELT-03,195,1.723,60.55,35.99,False
VPW-CONV-BELT-03,196,1.518,61.18,45.39,False
VPW-CONV-BELT-03,197,1.518,59.23,21.26,False
VPW-CONV-BELT-03,198,1.546,60.81,39.9,False
VPW-CONV-BELT-03,199,1.458,60.02,28.42,False
VPW-CONV-BELT-03,200,1.541,61.27,42.39,False
VPW-CONV-BELT-03,201,1.499,59.83,19.09,False
VPW-CONV-BELT-03,202,1.48,59.99,33.0,False
VPW-CONV-BELT-03,203,1.49,61.74,20.71,False
VPW-CONV-BELT-03,204,1.434,60.19,42.62,False
VPW-CONV-BELT-03,205,1.694,62.21,44.42,False
VPW-CONV-BELT-03,206,1.527,61.92,29.79,False
VPW-CONV-BELT-03,207,1.458,59.82,39.28,False
VPW-CONV-BELT-03,208,1.416,59.88,30.36,False
VPW-CONV-BELT-03,209,1.681,61.51,19.86,False
VPW-CONV-BELT-03,210,1.564,60.93,34.42,False
VPW-CONV-BELT-03,211,1.65,59.08,27.69,False
VPW-CONV-BELT-03,212,1.5,61.13,21.24,False
VPW-CONV-BELT-03,213,1.45,60.68,22.23,False
VPW-CONV-BELT-03,214,1.573,61.44,19.47,False
VPW-CONV-BELT-03,215,1.764,60.17,24.37,False
VPW-CONV-BELT-03,216,1.526,59.25,35.78,False
VPW-CONV-BELT-03,217,1.713,59.41,38.73,False
VPW-CONV-BELT-03,218,1.681,59.72,37.01,False
VPW-CONV-BELT-03,219,1.568,59.94,18.45,False
VPW-CONV-BELT-03,220,1.594,61.17,24.43,False
VPW-CONV-BELT-03,221,1.719,59.79,36.76,False
VPW-CONV-BELT-03,222,1.818,59.38,45.5,False
VPW-CONV-BELT-03,223,1.71,60.14,36.96,False
VPW-CONV-BELT-03,224,1.78,61.25,24.85,False
VPW-CONV-BELT-03,225,1.815,61.49,43.66,False
VPW-CONV-BELT-03,226,1.949,59.07,28.16,False
VPW-CONV-BELT-03,227,1.707,61.02,34.19,False
VPW-CONV-BELT-03,228,1.801,58.64,19.27,False
VPW-CONV-BELT-03,229,1.891,60.14,45.2,False
VPW-CONV-BELT-03,230,1.826,58.95,25.56,False
VPW-CONV-BELT-03,231,1.877,61.26,23.91,False
VPW-CONV-BELT-03,232,1.8,59.3,22.56,False
VPW-CONV-BELT-03,233,2.008,59.47,18.08,False
VPW-CONV-BELT-03,234,1.885,59.07,32.38,False
VPW-CONV-BELT-03,235,1.78,57.72,29.95,False
VPW-CONV-BELT-03,236,2.005,59.2,40.7,False
VPW-CONV-BELT-03,237,2.002,59.61,42.76,False
VPW-CONV-BELT-03,238,1.913,59.22,41.16,False
VPW-CONV-BELT-03,239,1.994,59.18,28.35,False
VPW-CONV-BELT-03,240,2.021,57.7,32.02,False
VPW-CONV-BELT-03,241,1.965,58.89,45.26,False
VPW-CONV-BELT-03,242,1.948,58.86,21.8,False
VPW-CONV-BELT-03,243,1.922,59.48,27.04,False
VPW-CONV-BELT-03,244,1.816,57.17,33.34,False
VPW-CONV-BELT-03,245,1.923,59.82,25.36,False
VPW-CONV-BELT-03,246,1.955,57.74,39.81,False
VPW-CONV-BELT-03,247,1.964,58.11,23.13,False
VPW-CONV-BELT-03,248,2.065,58.77,22.94,False
VPW-CONV-BELT-03,249,1.89,58.16,25.92,False
VPW-CONV-BELT-03,250,1.966,57.78,20.27,False
VPW-CONV-BELT-03,251,2.062,58.97,39.22,False
VPW-CONV-BELT-03,252,1.741,57.88,38.4,False
VPW-CONV-BELT-03,253,1.988,58.84,35.36,False
VPW-CONV-BELT-03,254,2.01,56.85,21.49,False
VPW-CONV-BELT-03,255,1.96,57.93,45.23,False
VPW-CONV-BELT-03,256,2.021,58.23,46.39,False
VPW-CONV-BELT-03,257,1.889,59.36,44.48,False
VPW-CONV-BELT-03,258,1.889,58.04,43.89,False
VPW-CONV-BELT-03,259,1.942,57.34,35.25,False
VPW-CONV-BELT-03,260,1.835,56.62,43.57,False
VPW-CONV-BELT-03,261,1.894,58.42,24.15,False
VPW-CONV-BELT-03,262,1.878,57.39,43.59,False
VPW-CONV-BELT-03,263,1.73,57.89,24.24,False
VPW-CONV-BELT-03,264,1.715,57.08,46.01,False
VPW-CONV-BELT-03,265,1.815,57.42,38.57,False
VPW-CONV-BELT-03,266,1.88,57.67,40.37,False
VPW-CONV-BELT-03,267,1.747,57.83,29.7,False
VPW-CONV-BELT-03,268,1.759,57.42,31.59,False
VPW-CONV-BELT-03,269,1.79,57.47,31.49,False
VPW-CONV-BELT-03,270,1.697,58.92,27.32,False
VPW-CONV-BELT-03,271,1.675,57.22,25.27,False
VPW-CONV-BELT-03,272,1.643,58.15,35.8,False
VPW-CONV-BELT-03,273,1.605,58.59,35.83,False
VPW-CONV-BELT-03,274,1.704,58.62,21.39,False
VPW-CONV-BELT-03,275,1.479,59.08,35.15,False
VPW-CONV-BELT-03,276,1.657,59.27,41.53,False
VPW-CONV-BELT-03,277,1.785,57.3,40.53,False
VPW-CONV-BELT-03,278,1.584,58.54,36.53,False
VPW-CONV-BELT-03,279,1.635,58.8,22.05,False
VPW-CONV-BELT-03,280,1.685,58.6,28.04,False
VPW-CONV-BELT-03,281,1.647,58.63,31.48,False
VPW-CONV-BELT-03,282,1.71,59.42,42.4,False
VPW-CONV-BELT-03,283,1.486,58.94,30.0,False
VPW-CONV-BELT-03,284,1.579,60.14,33.99,False
VPW-CONV-BELT-03,285,1.435,59.23,28.28,False
VPW-CONV-BELT-03,286,1.59,58.31,26.01,False
VPW-CONV-BELT-03,287,1.663,59.89,40.32,False
VPW-CONV-BELT-03,288,1.498,59.71,32.51,False
VPW-CONV-BELT-03,289,1.692,59.66,40.33,False
VPW-CONV-BELT-03,290,1.46,57.92,42.32,False
VPW-CONV-BELT-03,291,1.618,58.43,28.93,False
VPW-CONV-BELT-03,292,1.679,59.04,40.87,False
VPW-CONV-BELT-03,293,1.674,59.84,33.44,False
VPW-CONV-BELT-03,294,1.671,57.3,41.96,False
VPW-CONV-BELT-03,295,1.748,57.97,34.37,False
VPW-CONV-BELT-03,296,1.537,58.84,26.74,False
VPW-CONV-BELT-03,297,1.597,59.78,17.82,False
VPW-CONV-BELT-03,298,1.897,59.71,24.58,False
VPW-CONV-BELT-03,299,1.793,59.77,37.35,False
VPW-CONV-BELT-03,300,1.836,59.46,29.21,False
VPW-CONV-BELT-03,301,1.991,59.34,45.76,False
VPW-CONV-BELT-03,302,1.805,59.24,40.47,False
VPW-CONV-BELT-03,303,1.688,59.46,42.13,False
VPW-CONV-BELT-03,304,1.881,59.41,21.25,False
VPW-CONV-BELT-03,305,2.055,60.77,21.3,False
VPW-CONV-BELT-03,306,1.771,61.17,32.36,False
VPW-CONV-BELT-03,307,1.963,60.65,23.52,False
VPW-CONV-BELT-03,308,1.826,59.32,19.16,False
VPW-CONV-BELT-03,309,1.89,60.66,42.73,False
VPW-CONV-BELT-03,310,1.87,61.05,31.7,False
VPW-CONV-BELT-03,311,1.892,60.33,37.5,False
VPW-CONV-BELT-03,312,1.801,60.87,40.08,False
VPW-CONV-BELT-03,313,1.839,59.84,31.99,False
VPW-CONV-BELT-03,314,1.982,59.53,30.18,False
VPW-CONV-BELT-03,315,1.977,60.9,39.96,False
VPW-CONV-BELT-03,316,1.908,59.11,24.32,False
VPW-CONV-BELT-03,317,1.959,61.07,27.25,False
VPW-CONV-BELT-03,318,2.095,62.84,38.74,False
VPW-CONV-BELT-03,319,2.011,61.83,38.08,False
VPW-CONV-BELT-03,320,1.913,61.02,25.19,False
VPW-CONV-BELT-03,321,2.094,61.79,33.7,False
VPW-CONV-BELT-03,322,2.109,61.45,31.93,False
VPW-CONV-BELT-03,323,1.932,61.59,20.85,False
VPW-CONV-BELT-03,324,2.078,59.17,36.64,False
VPW-CONV-BELT-03,325,2.054,61.09,38.88,False
VPW-CONV-BELT-03,326,1.987,61.95,24.01,False
VPW-CONV-BELT-03,327,1.987,60.88,31.19,False
VPW-CONV-BELT-03,328,2.122,61.77,40.85,False
VPW-CONV-BELT-03,329,1.81,61.83,28.6,False
VPW-CONV-BELT-03,330,2.128,62.99,33.87,False
VPW-CONV-BELT-03,331,1.825,61.87,42.35,False
VPW-CONV-BELT-03,332,2.005,62.56,35.37,False
VPW-CONV-BELT-03,333,1.994,61.6,25.83,False
VPW-CONV-BELT-03,334,1.83,63.47,29.94,False
VPW-CONV-BELT-03,335,1.821,61.69,23.03,False
VPW-CONV-BELT-03,336,1.965,60.28,21.31,False
VPW-CONV-BELT-03,337,1.709,60.01,39.01,False
VPW-CONV-BELT-03,338,1.807,62.13,33.18,False
VPW-CONV-BELT-03,339,1.896,60.32,20.66,False
VPW-CONV-BELT-03,340,1.755,62.03,29.25,False
VPW-CONV-BELT-03,341,1.69,62.75,38.79,False
VPW-CONV-BELT-03,342,1.634,61.55,26.85,False
VPW-CONV-BELT-03,343,1.824,61.29,32.83,False
VPW-CONV-BELT-03,344,1.689,61.45,27.86,False
VPW-CONV-BELT-03,345,1.785,61.94,32.93,False
VPW-CONV-BELT-03,346,1.774,61.2,24.07,False
VPW-CONV-BELT-03,347,1.792,62.01,21.44,False
VPW-CONV-BELT-03,348,1.7,60.85,43.72,False
VPW-CONV-BELT-03,349,1.595,61.56,41.5,False
VPW-CONV-BELT-03,350,1.902,62.46,24.01,False
VPW-CONV-BELT-03,351,1.574,60.36,37.67,False
VPW-CONV-BELT-03,352,1.562,61.57,34.97,False
VPW-CONV-BELT-03,353,1.735,62.63,18.22,False
VPW-CONV-BELT-03,354,1.609,61.77,39.24,False
VPW-CONV-BELT-03,355,1.681,61.45,36.8,False
VPW-CONV-BELT-03,356,1.545,62.01,41.27,False
VPW-CONV-BELT-03,357,1.637,61.29,22.21,False
VPW-CONV-BELT-03,358,1.655,62.25,20.03,False
VPW-CONV-BELT-03,359,1.649,62.15,31.88,False
VPW-CONV-BELT-03,360,1.552,61.71,36.03,False
VPW-CONV-BELT-03,361,1.578,60.12,31.54,False
VPW-CONV-BELT-03,362,1.642,61.3,45.93,False
VPW-CONV-BELT-03,363,1.64,63.39,23.77,False
VPW-CONV-BELT-03,364,1.697,61.11,42.72,False
VPW-CONV-BELT-03,365,1.453,60.76,44.28,False
VPW-CONV-BELT-03,366,1.717,60.09,18.6,False
VPW-CONV-BELT-03,367,1.622,61.38,34.53,False
VPW-CONV-BELT-03,368,1.787,59.23,18.24,False
VPW-CONV-BELT-03,369,1.688,60.14,24.32,False
VPW-CONV-BELT-03,370,1.737,60.62,41.84,False
VPW-CONV-BELT-03,371,1.708,60.19,19.94,False
VPW-CONV-BELT-03,372,1.562,59.93,42.63,False
VPW-CONV-BELT-03,373,1.87,60.05,45.46,False
VPW-CONV-BELT-03,374,1.567,59.29,19.81,False
VPW-CONV-BELT-03,375,1.885,59.63,32.65,False
VPW-CONV-BELT-03,376,1.862,60.09,32.9,False
VPW-CONV-BELT-03,377,1.838,60.78,39.83,False
VPW-CONV-BELT-03,378,1.829,59.43,28.85,False
VPW-CONV-BELT-03,379,1.974,59.54,32.39,False
VPW-CONV-BELT-03,380,1.804,58.48,29.97,False
VPW-CONV-BELT-03,381,1.892,60.43,19.1,False
VPW-CONV-BELT-03,382,1.894,59.31,28.54,False
VPW-CONV-BELT-03,383,1.918,60.41,20.94,False
VPW-CONV-BELT-03,384,2.046,60.28,31.47,False
VPW-CONV-BELT-03,385,2.023,61.08,32.16,False
VPW-CONV-BELT-03,386,1.98,59.13,39.11,False
VPW-CONV-BELT-03,387,2.08,58.66,21.35,False
VPW-CONV-BELT-03,388,2.107,59.82,42.07,False
VPW-CONV-BELT-03,389,2.109,57.83,26.12,False
VPW-CONV-BELT-03,390,2.051,57.69,18.23,False
VPW-CONV-BELT-03,391,1.966,60.0,25.06,False
VPW-CONV-BELT-03,392,2.051,59.01,29.23,False
VPW-CONV-BELT-03,393,1.951,59.74,17.62,False
VPW-CONV-BELT-03,394,2.183,59.53,43.93,False
VPW-CONV-BELT-03,395,2.199,58.33,44.35,False
VPW-CONV-BELT-03,396,1.882,59.21,19.45,False
VPW-CONV-BELT-03,397,2.016,58.16,29.15,False
VPW-CONV-BELT-03,398,2.118,57.29,45.42,False
VPW-CONV-BELT-03,399,2.088,58.52,37.85,False
VPW-CONV-BELT-03,400,2.045,58.86,41.31,False
VPW-CONV-BELT-03,401,2.015,58.38,23.26,False
VPW-CONV-BELT-03,402,2.046,59.43,20.1,False
VPW-CONV-BELT-03,403,2.108,58.33,22.87,False
VPW-CONV-BELT-03,404,2.019,58.91,28.09,False
VPW-CONV-BELT-03,405,2.06,59.62,37.43,False
VPW-CONV-BELT-03,406,1.774,59.27,28.73,False
VPW-CONV-BELT-03,407,1.949,59.59,38.04,False
VPW-CONV-BELT-03,408,1.966,58.71,40.84,False
VPW-CONV-BELT-03,409,2.026,59.08,25.46,False
VPW-CONV-BELT-03,410,1.836,57.47,32.6,False
VPW-CONV-BELT-03,411,1.806,57.64,40.49,False
VPW-CONV-BELT-03,412,1.927,57.9,42.04,False
VPW-CONV-BELT-03,413,1.891,58.45,32.18,False
VPW-CONV-BELT-03,414,1.728,58.25,26.42,False
VPW-CONV-BELT-03,415,1.865,58.38,31.49,False
VPW-CONV-BELT-03,416,1.662,58.88,21.29,False
VPW-CONV-BELT-03,417,1.644,58.34,43.75,False
VPW-CONV-BELT-03,418,1.801,58.82,27.43,False
VPW-CONV-BELT-03,419,1.854,57.94,35.39,False
VPW-CONV-BELT-03,420,1.703,58.79,17.87,False
VPW-CONV-BELT-03,421,1.857,58.18,22.42,False
VPW-CONV-BELT-03,422,1.612,59.58,44.14,False
VPW-CONV-BELT-03,423,1.56,58.31,45.91,False
VPW-CONV-BELT-03,424,1.789,60.01,34.74,False
VPW-CONV-BELT-03,425,1.628,58.56,27.65,False
VPW-CONV-BELT-03,426,1.637,58.91,19.21,False
VPW-CONV-BELT-03,427,1.608,58.26,39.86,False
VPW-CONV-BELT-03,428,1.625,59.56,20.94,False
VPW-CONV-BELT-03,429,1.477,60.45,40.02,False
VPW-CONV-BELT-03,430,1.607,59.67,22.07,False
VPW-CONV-BELT-03,431,1.696,61.12,34.17,False
VPW-CONV-BELT-03,432,1.666,59.19,39.86,False
VPW-CONV-BELT-03,433,1.811,58.89,37.65,False
VPW-CONV-BELT-03,434,1.688,59.24,43.92,False
VPW-CONV-BELT-03,435,1.7,59.48,39.02,False
VPW-CONV-BELT-03,436,1.78,60.29,22.56,False
VPW-CONV-BELT-03,437,1.482,60.26,28.36,False
VPW-CONV-BELT-03,438,1.659,59.57,31.67,False
VPW-CONV-BELT-03,439,1.606,59.75,23.49,False
VPW-CONV-BELT-03,440,1.56,61.04,24.99,False
VPW-CONV-BELT-03,441,1.673,57.84,28.28,False
VPW-CONV-BELT-03,442,1.589,58.87,21.39,False
VPW-CONV-BELT-03,443,1.6,59.03,19.34,False
VPW-CONV-BELT-03,444,1.608,59.88,24.52,False
VPW-CONV-BELT-03,445,1.782,60.25,24.27,False
VPW-CONV-BELT-03,446,1.732,59.15,30.23,False
VPW-CONV-BELT-03,447,1.532,59.48,20.9,False
VPW-CONV-BELT-03,448,1.727,59.66,22.34,False
VPW-CONV-BELT-03,449,1.836,60.62,22.19,False
VPW-CONV-BELT-03,450,1.81,61.59,44.1,False
VPW-CONV-BELT-03,451,1.776,59.09,45.0,False
VPW-CONV-BELT-03,452,1.917,60.19,19.98,False
VPW-CONV-BELT-03,453,1.87,60.87,29.96,False
VPW-CONV-BELT-03,454,1.902,60.28,37.2,False
VPW-CONV-BELT-03,455,2.084,60.34,34.51,False
VPW-CONV-BELT-03,456,2.004,60.57,31.73,False
VPW-CONV-BELT-03,457,2.038,60.9,19.96,False
VPW-CONV-BELT-03,458,2.029,59.68,41.34,False
VPW-CONV-BELT-03,459,1.746,60.3,38.58,False
VPW-CONV-BELT-03,460,1.955,60.42,25.25,False
VPW-CONV-BELT-03,461,1.884,60.64,43.76,False
VPW-CONV-BELT-03,462,1.879,60.94,41.37,False
VPW-CONV-BELT-03,463,2.003,62.24,42.13,False
VPW-CONV-BELT-03,464,2.062,62.23,32.27,False
VPW-CONV-BELT-03,465,2.114,60.61,38.42,False
VPW-CONV-BELT-03,466,1.971,61.13,35.2,False
VPW-CONV-BELT-03,467,2.218,60.74,24.07,False
VPW-CONV-BELT-03,468,2.0,62.09,42.84,False
VPW-CONV-BELT-03,469,1.964,60.71,44.52,False
VPW-CONV-BELT-03,470,2.207,61.43,40.54,False
VPW-CONV-BELT-03,471,2.159,62.16,22.88,False
VPW-CONV-BELT-03,472,2.211,60.98,24.84,False
VPW-CONV-BELT-03,473,2.114,61.83,18.95,False
VPW-CONV-BELT-03,474,2.152,61.34,26.34,False
VPW-CONV-BELT-03,475,1.947,61.87,31.43,False
VPW-CONV-BELT-03,476,1.866,60.9,21.83,False
VPW-CONV-BELT-03,477,2.117,62.09,27.44,False
VPW-CONV-BELT-03,478,1.864,61.67,22.19,False
VPW-CONV-BELT-03,479,1.957,61.61,29.55,False
VPW-CONV-BELT-03,480,1.962,61.59,36.87,False
VPW-CONV-BELT-03,481,1.869,60.55,41.69,False
VPW-CONV-BELT-03,482,2.044,61.35,27.88,False
VPW-CONV-BELT-03,483,1.908,62.59,40.83,False
VPW-CONV-BELT-03,484,1.913,62.19,35.85,False
VPW-CONV-BELT-03,485,1.975,60.47,42.97,False
VPW-CONV-BELT-03,486,1.891,62.23,19.08,False
VPW-CONV-BELT-03,487,1.864,61.67,20.97,False
VPW-CONV-BELT-03,488,1.917,62.01,22.41,False
VPW-CONV-BELT-03,489,1.837,62.54,26.02,False
VPW-CONV-BELT-03,490,1.876,60.76,32.42,False
VPW-CONV-BELT-03,491,1.785,61.46,39.68,False
VPW-CONV-BELT-03,492,1.83,61.73,20.7,False
VPW-CONV-BELT-03,493,1.812,61.95,46.68,False
VPW-CONV-BELT-03,494,1.939,62.44,39.37,False
VPW-CONV-BELT-03,495,1.906,62.41,16.59,False
VPW-CONV-BELT-03,496,1.798,62.77,36.6,False
VPW-CONV-BELT-03,497,1.808,61.52,18.75,False
VPW-CONV-BELT-03,498,1.721,62.23,39.44,False
VPW-CONV-BELT-03,499,1.578,61.13,18.39,False
VPW-CONV-BELT-03,500,1.699,60.73,41.39,False
VPW-CONV-BELT-03,501,1.781,62.0,33.43,False
VPW-CONV-BELT-03,502,1.82,62.16,38.35,False
VPW-CONV-BELT-03,503,1.696,62.09,38.92,False
VPW-CONV-BELT-03,504,1.595,59.81,43.17,False
VPW-CONV-BELT-03,505,1.741,62.54,46.68,False
VPW-CONV-BELT-03,506,1.638,62.43,33.88,False
VPW-CONV-BELT-03,507,1.73,60.26,23.91,False
VPW-CONV-BELT-03,508,1.643,61.76,36.44,False
VPW-CONV-BELT-03,509,1.78,61.1,37.11,False
VPW-CONV-BELT-03,510,1.915,61.12,20.75,False
VPW-CONV-BELT-03,511,1.644,62.4,42.86,False
VPW-CONV-BELT-03,512,1.671,63.13,20.62,False
VPW-CONV-BELT-03,513,1.754,59.47,26.03,False
VPW-CONV-BELT-03,514,1.61,60.84,32.36,False
VPW-CONV-BELT-03,515,1.786,61.8,30.28,False
VPW-CONV-BELT-03,516,1.713,61.02,46.09,False
VPW-CONV-BELT-03,517,1.799,60.67,24.66,False
VPW-CONV-BELT-03,518,1.642,61.26,28.29,False
VPW-CONV-BELT-03,519,1.587,61.22,31.1,False
VPW-CONV-BELT-03,520,1.668,61.08,31.55,False
VPW-CONV-BELT-03,521,1.703,58.65,44.1,False
VPW-CONV-BELT-03,522,1.679,63.34,19.9,False
VPW-CONV-BELT-03,523,1.816,60.94,41.07,False
VPW-CONV-BELT-03,524,1.835,59.92,39.78,False
VPW-CONV-BELT-03,525,1.917,59.99,21.57,False
VPW-CONV-BELT-03,526,1.921,60.05,32.31,False
VPW-CONV-BELT-03,527,1.742,60.93,37.16,False
VPW-CONV-BELT-03,528,1.987,60.02,43.29,False
VPW-CONV-BELT-03,529,2.076,60.07,32.37,False
VPW-CONV-BELT-03,530,2.031,61.39,24.47,False
VPW-CONV-BELT-03,531,2.142,60.95,30.88,False
VPW-CONV-BELT-03,532,2.136,61.12,27.1,False
VPW-CONV-BELT-03,533,2.01,60.84,45.06,False
VPW-CONV-BELT-03,534,2.095,61.13,21.08,False
VPW-CONV-BELT-03,535,2.119,60.52,43.73,False
VPW-CONV-BELT-03,536,2.094,60.19,28.74,False
VPW-CONV-BELT-03,537,2.124,59.37,37.2,False
VPW-CONV-BELT-03,538,2.204,60.24,35.39,False
VPW-CONV-BELT-03,539,1.954,58.15,39.99,False
VPW-CONV-BELT-03,540,2.097,60.66,27.02,False
VPW-CONV-BELT-03,541,2.047,60.51,34.71,False
VPW-CONV-BELT-03,542,2.156,59.56,23.15,False
VPW-CONV-BELT-03,543,2.269,58.85,42.22,False
VPW-CONV-BELT-03,544,2.071,59.7,19.48,False
VPW-CONV-BELT-03,545,2.211,58.66,33.3,False
VPW-CONV-BELT-03,546,2.054,60.14,38.38,False
VPW-CONV-BELT-03,547,2.145,58.59,44.93,False
VPW-CONV-BELT-03,548,2.236,59.53,34.65,False
VPW-CONV-BELT-03,549,2.133,59.67,26.52,False
VPW-CONV-BELT-03,550,2.085,59.13,30.63,False
VPW-CONV-BELT-03,551,1.978,61.1,28.34,False
VPW-CONV-BELT-03,552,2.043,59.08,34.94,False
VPW-CONV-BELT-03,553,2.094,58.76,24.44,False
VPW-CONV-BELT-03,554,2.134,58.87,18.65,False
VPW-CONV-BELT-03,555,1.989,58.41,23.44,False
VPW-CONV-BELT-03,556,2.141,59.78,37.12,False
VPW-CONV-BELT-03,557,2.099,58.31,20.48,False
VPW-CONV-BELT-03,558,2.127,59.26,30.91,False
VPW-CONV-BELT-03,559,1.959,60.54,36.23,False
VPW-CONV-BELT-03,560,1.955,59.54,27.41,False
VPW-CONV-BELT-03,561,2.043,60.07,26.38,False
VPW-CONV-BELT-03,562,1.986,58.43,32.63,False
VPW-CONV-BELT-03,563,1.784,59.76,32.6,False
VPW-CONV-BELT-03,564,1.927,57.94,33.42,False
VPW-CONV-BELT-03,565,1.93,58.45,20.17,False
VPW-CONV-BELT-03,566,1.93,59.34,23.26,False
VPW-CONV-BELT-03,567,1.992,59.4,45.19,False
VPW-CONV-BELT-03,568,1.79,60.41,29.97,False
VPW-CONV-BELT-03,569,1.854,57.98,41.46,False
VPW-CONV-BELT-03,570,1.79,59.14,17.81,False
VPW-CONV-BELT-03,571,1.68,57.49,27.93,False
VPW-CONV-BELT-03,572,1.695,58.97,43.98,False
VPW-CONV-BELT-03,573,1.791,59.98,30.0,False
VPW-CONV-BELT-03,574,1.645,58.95,28.57,False
VPW-CONV-BELT-03,575,1.548,58.49,20.09,False
VPW-CONV-BELT-03,576,1.851,58.98,40.33,False
VPW-CONV-BELT-03,577,1.762,58.68,44.49,False
VPW-CONV-BELT-03,578,1.546,58.91,32.97,False
VPW-CONV-BELT-03,579,1.824,59.07,26.64,False
VPW-CONV-BELT-03,580,1.666,61.35,35.63,False
VPW-CONV-BELT-03,581,1.837,58.74,40.06,False
VPW-CONV-BELT-03,582,1.729,59.15,37.14,False
VPW-CONV-BELT-03,583,1.584,59.95,32.8,False
VPW-CONV-BELT-03,584,1.711,58.48,26.9,False
VPW-CONV-BELT-03,585,1.607,59.38,19.35,False
VPW-CONV-BELT-03,586,1.804,60.56,21.1,False
VPW-CONV-BELT-03,587,1.632,60.65,21.93,False
VPW-CONV-BELT-03,588,1.705,59.93,27.28,False
VPW-CONV-BELT-03,589,1.704,61.62,27.89,False
VPW-CONV-BELT-03,590,1.554,59.44,23.68,False
VPW-CONV-BELT-03,591,1.661,60.02,35.91,False
VPW-CONV-BELT-03,592,1.791,59.28,39.38,False
VPW-CONV-BELT-03,593,1.76,60.08,30.85,False
VPW-CONV-BELT-03,594,1.725,60.51,39.47,False
VPW-CONV-BELT-03,595,1.817,59.43,27.45,False
VPW-CONV-BELT-03,596,1.731,61.07,23.61,False
VPW-CONV-BELT-03,597,1.788,60.23,42.76,False
VPW-CONV-BELT-03,598,1.932,60.6,26.79,False
VPW-CONV-BELT-03,599,1.729,59.3,26.91,False
VPW-CONV-BELT-03,600,1.956,59.62,28.93,False
VPW-CONV-BELT-03,601,1.546,61.97,34.55,False
VPW-CONV-BELT-03,602,1.945,61.19,31.44,False
VPW-CONV-BELT-03,603,1.879,60.29,30.87,False
VPW-CONV-BELT-03,604,1.9,60.8,41.8,False
VPW-CONV-BELT-03,605,1.826,62.05,43.64,False
VPW-CONV-BELT-03,606,2.013,60.96,19.19,False
VPW-CONV-BELT-03,607,1.881,58.92,35.92,False
VPW-CONV-BELT-03,608,1.963,61.07,22.73,False
VPW-CONV-BELT-03,609,2.054,60.91,33.45,False
VPW-CONV-BELT-03,610,2.121,60.7,34.18,False
VPW-CONV-BELT-03,611,1.982,61.85,45.28,False
VPW-CONV-BELT-03,612,2.199,62.26,26.19,False
VPW-CONV-BELT-03,613,2.151,62.18,31.09,False
VPW-CONV-BELT-03,614,2.097,61.84,18.54,False
VPW-CONV-BELT-03,615,1.994,64.04,29.22,False
VPW-CONV-BELT-03,616,1.971,61.57,34.83,False
VPW-CONV-BELT-03,617,2.041,62.52,39.48,False
VPW-CONV-BELT-03,618,2.081,61.86,43.51,False
VPW-CONV-BELT-03,619,2.08,60.43,44.35,False
VPW-CONV-BELT-03,620,2.005,60.59,38.18,False
VPW-CONV-BELT-03,621,2.11,63.58,44.68,False
VPW-CONV-BELT-03,622,2.024,64.21,27.1,False
VPW-CONV-BELT-03,623,2.097,61.48,39.35,False
VPW-CONV-BELT-03,624,2.07,61.17,25.81,False
VPW-CONV-BELT-03,625,2.062,62.6,30.42,False
VPW-CONV-BELT-03,626,2.153,61.8,29.69,False
VPW-CONV-BELT-03,627,1.874,61.69,41.22,False
VPW-CONV-BELT-03,628,2.307,62.43,27.82,False
VPW-CONV-BELT-03,629,2.043,62.85,30.2,False
VPW-CONV-BELT-03,630,2.155,62.12,35.52,False
VPW-CONV-BELT-03,631,2.193,61.21,42.16,False
VPW-CONV-BELT-03,632,1.901,61.31,31.89,False
VPW-CONV-BELT-03,633,2.208,61.94,30.25,False
VPW-CONV-BELT-03,634,2.15,61.66,34.2,False
VPW-CONV-BELT-03,635,2.226,62.84,34.29,False
VPW-CONV-BELT-03,636,1.969,62.77,27.08,False
VPW-CONV-BELT-03,637,1.9,64.57,23.52,False
VPW-CONV-BELT-03,638,1.993,63.21,35.73,False
VPW-CONV-BELT-03,639,2.07,61.89,25.67,False
VPW-CONV-BELT-03,640,1.966,62.64,41.13,False
VPW-CONV-BELT-03,641,1.875,62.24,21.52,False
VPW-CONV-BELT-03,642,2.021,62.88,40.23,False
VPW-CONV-BELT-03,643,1.93,61.16,25.51,False
VPW-CONV-BELT-03,644,2.055,62.2,31.54,False
VPW-CONV-BELT-03,645,1.846,61.6,42.16,False
VPW-CONV-BELT-03,646,1.779,62.56,43.81,False
VPW-CONV-BELT-03,647,1.991,61.37,31.37,False
VPW-CONV-BELT-03,648,1.669,62.35,31.13,False
VPW-CONV-BELT-03,649,1.726,62.9,36.74,False
VPW-CONV-BELT-03,650,1.71,61.94,39.19,False
VPW-CONV-BELT-03,651,1.752,60.87,36.92,False
VPW-CONV-BELT-03,652,1.653,61.58,43.73,False
VPW-CONV-BELT-03,653,1.752,62.04,18.71,False
VPW-CONV-BELT-03,654,1.646,61.46,27.32,False
VPW-CONV-BELT-03,655,1.777,61.55,19.51,False
VPW-CONV-BELT-03,656,1.857,63.06,35.22,False
VPW-CONV-BELT-03,657,1.627,63.36,30.84,False
VPW-CONV-BELT-03,658,1.589,62.33,43.27,False
VPW-CONV-BELT-03,659,1.768,61.21,30.76,False
VPW-CONV-BELT-03,660,1.583,61.95,33.82,False
VPW-CONV-BELT-03,661,1.829,62.7,41.17,False
VPW-CONV-BELT-03,662,1.712,61.07,43.07,False
VPW-CONV-BELT-03,663,1.667,60.78,24.97,False
VPW-CONV-BELT-03,664,1.693,60.54,42.67,False
VPW-CONV-BELT-03,665,1.713,62.16,44.65,False
VPW-CONV-BELT-03,666,1.728,61.7,36.08,False
VPW-CONV-BELT-03,667,1.613,62.3,19.68,False
VPW-CONV-BELT-03,668,1.819,60.9,24.32,False
VPW-CONV-BELT-03,669,1.617,62.4,40.94,False
VPW-CONV-BELT-03,670,1.797,61.31,40.43,False
VPW-CONV-BELT-03,671,1.736,60.97,42.86,False
VPW-CONV-BELT-03,672,1.809,61.39,24.41,False
VPW-CONV-BELT-03,673,1.792,61.8,43.17,False
VPW-CONV-BELT-03,674,1.945,61.48,29.8,False
VPW-CONV-BELT-03,675,1.787,61.29,27.78,False
VPW-CONV-BELT-03,676,1.911,61.9,46.38,False
VPW-CONV-BELT-03,677,1.981,61.98,42.97,False
VPW-CONV-BELT-03,678,1.811,60.86,38.55,False
VPW-CONV-BELT-03,679,1.977,60.01,44.25,False
VPW-CONV-BELT-03,680,1.742,61.48,45.41,False
VPW-CONV-BELT-03,681,1.856,61.74,26.76,False
VPW-CONV-BELT-03,682,1.854,61.29,31.97,False
VPW-CONV-BELT-03,683,1.987,60.74,18.02,False
VPW-CONV-BELT-03,684,2.027,61.22,23.89,False
VPW-CONV-BELT-03,685,2.06,60.38,33.53,False
VPW-CONV-BELT-03,686,2.263,61.34,29.76,False
VPW-CONV-BELT-03,687,2.025,61.54,42.9,False
VPW-CONV-BELT-03,688,2.042,59.22,32.67,False
VPW-CONV-BELT-03,689,2.058,59.42,27.44,False
VPW-CONV-BELT-03,690,2.267,60.65,35.05,False
VPW-CONV-BELT-03,691,2.027,59.8,33.45,False
VPW-CONV-BELT-03,692,2.106,59.78,34.63,False
VPW-CONV-BELT-03,693,2.063,59.2,28.99,False
VPW-CONV-BELT-03,694,2.073,61.33,24.46,False
VPW-CONV-BELT-03,695,2.199,59.83,31.9,False
VPW-CONV-BELT-03,696,2.126,59.02,22.43,False
VPW-CONV-BELT-03,697,2.168,60.69,23.8,False
VPW-CONV-BELT-03,698,2.25,59.16,42.12,False
VPW-CONV-BELT-03,699,2.158,59.25,21.19,False
VPW-CONV-BELT-03,700,2.145,61.42,45.35,False
VPW-CONV-BELT-03,701,2.169,60.89,36.96,False
VPW-CONV-BELT-03,702,2.129,58.75,38.16,False
VPW-CONV-BELT-03,703,1.957,59.31,27.08,False
VPW-CONV-BELT-03,704,2.206,60.0,36.92,False
VPW-CONV-BELT-03,705,2.115,60.6,21.23,False
VPW-CONV-BELT-03,706,2.082,59.43,31.95,False
VPW-CONV-BELT-03,707,1.952,59.25,30.74,False
VPW-CONV-BELT-03,708,2.151,60.31,31.86,False
VPW-CONV-BELT-03,709,2.126,59.79,19.04,False
VPW-CONV-BELT-03,710,2.035,60.33,32.34,False
VPW-CONV-BELT-03,711,1.996,59.03,38.83,False
VPW-CONV-BELT-03,712,2.045,59.83,26.53,False
VPW-CONV-BELT-03,713,2.073,58.91,20.75,False
VPW-CONV-BELT-03,714,1.979,59.15,43.45,False
VPW-CONV-BELT-03,715,1.927,59.7,44.63,False
VPW-CONV-BELT-03,716,1.822,57.75,30.93,False
VPW-CONV-BELT-03,717,2.029,60.84,34.83,False
VPW-CONV-BELT-03,718,1.836,60.72,18.77,False
VPW-CONV-BELT-03,719,2.048,60.23,23.96,False
VPW-AIR-COMP-01,0,2.385,59.04,32.91,False
VPW-AIR-COMP-01,1,2.384,58.06,39.63,False
VPW-AIR-COMP-01,2,2.516,59.3,29.76,False
VPW-AIR-COMP-01,3,2.642,60.54,42.8,False
VPW-AIR-COMP-01,4,2.453,58.09,39.08,False
VPW-AIR-COMP-01,5,2.478,60.18,36.73,False
VPW-AIR-COMP-01,6,2.608,60.65,31.67,False
VPW-AIR-COMP-01,7,2.635,59.45,34.7,False
VPW-AIR-COMP-01,8,2.53,60.54,27.6,False
VPW-AIR-COMP-01,9,2.543,59.38,33.22,False
VPW-AIR-COMP-01,10,2.769,60.5,37.66,False
VPW-AIR-COMP-01,11,2.805,58.82,36.76,False
VPW-AIR-COMP-01,12,2.695,60.19,25.43,False
VPW-AIR-COMP-01,13,2.711,60.47,26.32,False
VPW-AIR-COMP-01,14,2.762,61.37,26.74,False
VPW-AIR-COMP-01,15,2.611,60.05,28.98,False
VPW-AIR-COMP-01,16,2.723,58.96,30.6,False
VPW-AIR-COMP-01,17,2.693,59.99,32.52,False
VPW-AIR-COMP-01,18,2.808,60.52,42.77,False
VPW-AIR-COMP-01,19,2.591,60.77,35.41,False
VPW-AIR-COMP-01,20,2.722,59.86,23.68,False
VPW-AIR-COMP-01,21,2.58,61.15,45.94,False
VPW-AIR-COMP-01,22,2.763,62.15,30.78,False
VPW-AIR-COMP-01,23,2.68,59.9,34.34,False
VPW-AIR-COMP-01,24,2.858,60.5,31.5,False
VPW-AIR-COMP-01,25,2.656,59.62,21.7,False
VPW-AIR-COMP-01,26,2.635,62.12,39.97,False
VPW-AIR-COMP-01,27,2.647,61.53,23.81,False
VPW-AIR-COMP-01,28,2.747,60.01,42.97,False
VPW-AIR-COMP-01,29,2.678,61.02,36.84,False
VPW-AIR-COMP-01,30,2.623,59.94,44.78,False
VPW-AIR-COMP-01,31,2.6,61.09,21.04,False
VPW-AIR-COMP-01,32,2.619,61.06,39.03,False
VPW-AIR-COMP-01,33,2.519,60.96,20.69,False
VPW-AIR-COMP-01,34,2.66,60.48,39.6,False
VPW-AIR-COMP-01,35,2.453,60.27,34.23,False
VPW-AIR-COMP-01,36,2.488,60.63,36.1,False
VPW-AIR-COMP-01,37,2.374,61.62,39.73,False
VPW-AIR-COMP-01,38,2.451,60.88,22.88,False
VPW-AIR-COMP-01,39,2.427,62.77,28.33,False
VPW-AIR-COMP-01,40,2.597,59.94,32.01,False
VPW-AIR-COMP-01,41,2.449,59.44,20.19,False
VPW-AIR-COMP-01,42,2.373,60.65,21.88,False
VPW-AIR-COMP-01,43,2.329,62.1,39.63,False
VPW-AIR-COMP-01,44,2.205,61.62,25.96,False
VPW-AIR-COMP-01,45,2.127,61.95,41.04,False
VPW-AIR-COMP-01,46,2.252,61.76,28.49,False
VPW-AIR-COMP-01,47,2.332,60.79,25.35,False
VPW-AIR-COMP-01,48,2.335,60.84,19.22,False
VPW-AIR-COMP-01,49,2.381,60.56,38.46,False
VPW-AIR-COMP-01,50,2.356,60.54,36.29,False
VPW-AIR-COMP-01,51,2.186,61.89,22.48,False
VPW-AIR-COMP-01,52,2.293,60.86,31.61,False
VPW-AIR-COMP-01,53,2.258,60.41,39.13,False
VPW-AIR-COMP-01,54,2.311,60.2,36.29,False
VPW-AIR-COMP-01,55,2.139,60.61,38.37,False
VPW-AIR-COMP-01,56,2.293,60.62,21.06,False
VPW-AIR-COMP-01,57,2.183,60.53,39.67,False
VPW-AIR-COMP-01,58,2.31,59.55,19.6,False
VPW-AIR-COMP-01,59,2.254,60.69,20.83,False
VPW-AIR-COMP-01,60,2.271,60.76,24.08,False
VPW-AIR-COMP-01,61,2.231,58.89,31.14,False
VPW-AIR-COMP-01,62,2.349,60.24,25.0,False
VPW-AIR-COMP-01,63,2.356,59.05,40.8,False
VPW-AIR-COMP-01,64,2.419,59.06,42.44,False
VPW-AIR-COMP-01,65,2.272,59.87,30.67,False
VPW-AIR-COMP-01,66,2.461,59.96,39.78,False
VPW-AIR-COMP-01,67,2.404,59.81,29.17,False
VPW-AIR-COMP-01,68,2.334,60.44,44.48,False
VPW-AIR-COMP-01,69,2.402,59.4,36.89,False
VPW-AIR-COMP-01,70,2.411,58.95,39.46,False
VPW-AIR-COMP-01,71,2.321,60.38,19.83,False
VPW-AIR-COMP-01,72,2.562,60.01,21.33,False
VPW-AIR-COMP-01,73,2.522,58.96,25.21,False
VPW-AIR-COMP-01,74,2.571,59.61,36.57,False
VPW-AIR-COMP-01,75,2.409,59.83,28.04,False
VPW-AIR-COMP-01,76,2.572,58.98,44.02,False
VPW-AIR-COMP-01,77,2.502,58.77,26.6,False
VPW-AIR-COMP-01,78,2.393,58.53,28.82,False
VPW-AIR-COMP-01,79,2.61,59.82,31.68,False
VPW-AIR-COMP-01,80,2.485,59.68,31.81,False
VPW-AIR-COMP-01,81,2.634,58.21,36.73,False
VPW-AIR-COMP-01,82,2.663,59.09,23.57,False
VPW-AIR-COMP-01,83,2.804,59.53,19.01,False
VPW-AIR-COMP-01,84,2.715,57.6,30.4,False
VPW-AIR-COMP-01,85,2.697,59.44,43.39,False
VPW-AIR-COMP-01,86,2.595,59.05,37.38,False
VPW-AIR-COMP-01,87,2.479,57.82,18.45,False
VPW-AIR-COMP-01,88,2.701,59.09,33.31,False
VPW-AIR-COMP-01,89,2.675,57.16,30.88,False
VPW-AIR-COMP-01,90,2.844,59.67,40.73,False
VPW-AIR-COMP-01,91,2.809,57.9,41.27,False
VPW-AIR-COMP-01,92,2.739,58.11,23.68,False
VPW-AIR-COMP-01,93,2.559,58.62,26.15,False
VPW-AIR-COMP-01,94,2.598,58.26,42.97,False
VPW-AIR-COMP-01,95,2.671,58.26,24.42,False
VPW-AIR-COMP-01,96,2.579,58.12,43.43,False
VPW-AIR-COMP-01,97,2.599,58.33,33.92,False
VPW-AIR-COMP-01,98,2.595,58.24,22.02,False
VPW-AIR-COMP-01,99,2.72,57.45,34.61,False
VPW-AIR-COMP-01,100,2.584,57.25,30.33,False
VPW-AIR-COMP-01,101,2.672,57.76,19.89,False
VPW-AIR-COMP-01,102,2.654,57.67,43.44,False
VPW-AIR-COMP-01,103,2.586,58.99,18.24,False
VPW-AIR-COMP-01,104,2.577,58.37,22.25,False
VPW-AIR-COMP-01,105,2.642,57.04,18.73,False
VPW-AIR-COMP-01,106,2.723,57.07,27.37,False
VPW-AIR-COMP-01,107,2.792,58.48,27.97,False
VPW-AIR-COMP-01,108,2.66,57.04,29.09,False
VPW-AIR-COMP-01,109,2.5,56.76,17.53,False
VPW-AIR-COMP-01,110,2.639,56.56,38.65,False
VPW-AIR-COMP-01,111,2.537,57.78,26.31,False
VPW-AIR-COMP-01,112,2.518,57.4,32.31,False
VPW-AIR-COMP-01,113,2.534,57.35,45.23,False
VPW-AIR-COMP-01,114,2.64,59.17,43.29,False
VPW-AIR-COMP-01,115,2.518,58.87,44.16,False
VPW-AIR-COMP-01,116,2.369,58.76,27.2,False
VPW-AIR-COMP-01,117,2.318,57.49,45.53,False
VPW-AIR-COMP-01,118,2.448,58.14,32.25,False
VPW-AIR-COMP-01,119,2.378,58.92,28.98,False
VPW-AIR-COMP-01,120,2.435,58.73,27.82,False
VPW-AIR-COMP-01,121,2.492,57.57,33.8,False
VPW-AIR-COMP-01,122,2.314,57.3,21.96,False
VPW-AIR-COMP-01,123,2.475,58.9,31.61,False
VPW-AIR-COMP-01,124,2.254,58.71,44.17,False
VPW-AIR-COMP-01,125,2.214,57.7,45.15,False
VPW-AIR-COMP-01,126,2.343,58.1,40.99,False
VPW-AIR-COMP-01,127,2.326,57.27,23.91,False
VPW-AIR-COMP-01,128,2.337,58.11,22.52,False
VPW-AIR-COMP-01,129,2.163,58.03,32.14,False
VPW-AIR-COMP-01,130,2.327,59.91,46.12,False
VPW-AIR-COMP-01,131,2.429,58.04,31.58,False
VPW-AIR-COMP-01,132,2.115,58.81,24.73,False
VPW-AIR-COMP-01,133,2.15,57.29,41.69,False
VPW-AIR-COMP-01,134,2.392,58.84,27.0,False
VPW-AIR-COMP-01,135,2.427,58.98,33.28,False
VPW-AIR-COMP-01,136,2.435,58.74,38.74,False
VPW-AIR-COMP-01,137,2.4,58.97,24.15,False
VPW-AIR-COMP-01,138,2.33,60.33,39.17,False
VPW-AIR-COMP-01,139,2.352,58.81,31.74,False
VPW-AIR-COMP-01,140,2.335,58.98,31.07,False
VPW-AIR-COMP-01,141,2.281,59.93,33.21,False
VPW-AIR-COMP-01,142,2.367,59.36,19.61,False
VPW-AIR-COMP-01,143,2.316,59.45,39.49,False
VPW-AIR-COMP-01,144,2.352,59.16,34.61,False
VPW-AIR-COMP-01,145,2.438,57.45,27.33,False
VPW-AIR-COMP-01,146,2.513,60.32,46.07,False
VPW-AIR-COMP-01,147,2.458,60.33,31.02,False
VPW-AIR-COMP-01,148,2.523,59.99,24.34,False
VPW-AIR-COMP-01,149,2.513,58.8,27.1,False
VPW-AIR-COMP-01,150,2.48,60.39,21.96,False
VPW-AIR-COMP-01,151,2.484,59.25,31.64,False
VPW-AIR-COMP-01,152,2.501,60.55,45.07,False
VPW-AIR-COMP-01,153,2.516,59.35,43.23,False
VPW-AIR-COMP-01,154,2.582,59.48,19.75,False
VPW-AIR-COMP-01,155,2.597,60.0,23.66,False
VPW-AIR-COMP-01,156,2.553,61.72,41.57,False
VPW-AIR-COMP-01,157,2.755,59.76,33.93,False
VPW-AIR-COMP-01,158,2.736,60.2,27.66,False
VPW-AIR-COMP-01,159,2.638,60.28,37.69,False
VPW-AIR-COMP-01,160,2.731,61.41,20.58,False
VPW-AIR-COMP-01,161,2.762,60.21,36.49,False
VPW-AIR-COMP-01,162,2.63,60.47,18.81,False
VPW-AIR-COMP-01,163,2.699,60.47,38.34,False
VPW-AIR-COMP-01,164,2.859,60.66,35.42,False
VPW-AIR-COMP-01,165,2.682,59.76,37.06,False
VPW-AIR-COMP-01,166,2.902,60.78,25.23,False
VPW-AIR-COMP-01,167,2.658,61.99,42.42,False
VPW-AIR-COMP-01,168,2.848,59.95,44.28,False
VPW-AIR-COMP-01,169,2.814,61.26,34.01,False
VPW-AIR-COMP-01,170,2.62,59.89,30.51,False
VPW-AIR-COMP-01,171,2.649,61.55,22.23,False
VPW-AIR-COMP-01,172,2.602,62.82,42.8,False
VPW-AIR-COMP-01,173,2.792,59.82,39.8,False
VPW-AIR-COMP-01,174,2.697,60.48,27.73,False
VPW-AIR-COMP-01,175,2.802,60.9,34.59,False
VPW-AIR-COMP-01,176,2.763,61.38,23.17,False
VPW-AIR-COMP-01,177,2.68,60.94,36.25,False
VPW-AIR-COMP-01,178,2.679,62.88,19.1,False
VPW-AIR-COMP-01,179,2.72,61.0,24.02,False
VPW-AIR-COMP-01,180,2.836,61.34,37.53,False
VPW-AIR-COMP-01,181,2.725,61.39,22.61,False
VPW-AIR-COMP-01,182,2.449,61.64,24.69,False
VPW-AIR-COMP-01,183,2.693,61.04,23.95,False
VPW-AIR-COMP-01,184,2.547,61.54,33.03,False
VPW-AIR-COMP-01,185,2.401,61.15,36.42,False
VPW-AIR-COMP-01,186,2.565,61.68,18.68,False
VPW-AIR-COMP-01,187,2.525,61.03,28.55,False
VPW-AIR-COMP-01,188,2.562,62.49,27.47,False
VPW-AIR-COMP-01,189,2.589,62.16,19.95,False
VPW-AIR-COMP-01,190,2.438,62.0,26.65,False
VPW-AIR-COMP-01,191,2.438,61.15,29.29,False
VPW-AIR-COMP-01,192,2.484,61.08,20.9,False
VPW-AIR-COMP-01,193,2.528,62.04,18.72,False
VPW-AIR-COMP-01,194,2.531,61.82,21.65,False
VPW-AIR-COMP-01,195,2.428,62.35,24.49,False
VPW-AIR-COMP-01,196,2.418,62.79,41.95,False
VPW-AIR-COMP-01,197,2.401,62.29,33.5,False
VPW-AIR-COMP-01,198,2.53,61.98,32.76,False
VPW-AIR-COMP-01,199,2.395,62.92,30.27,False
VPW-AIR-COMP-01,200,2.352,61.28,41.09,False
VPW-AIR-COMP-01,201,2.454,61.71,40.42,False
VPW-AIR-COMP-01,202,2.472,62.03,19.8,False
VPW-AIR-COMP-01,203,2.349,60.75,30.53,False
VPW-AIR-COMP-01,204,2.219,60.41,27.5,False
VPW-AIR-COMP-01,205,2.269,61.42,23.05,False
VPW-AIR-COMP-01,206,2.077,61.12,29.97,False
VPW-AIR-COMP-01,207,2.281,61.62,33.54,False
VPW-AIR-COMP-01,208,2.295,61.34,31.3,False
VPW-AIR-COMP-01,209,2.488,60.61,44.09,False
VPW-AIR-COMP-01,210,2.166,60.47,33.7,False
VPW-AIR-COMP-01,211,2.205,60.95,21.5,False
VPW-AIR-COMP-01,212,2.551,61.5,20.39,False
VPW-AIR-COMP-01,213,2.409,62.72,30.02,False
VPW-AIR-COMP-01,214,2.287,60.0,21.11,False
VPW-AIR-COMP-01,215,2.385,60.73,17.05,False
VPW-AIR-COMP-01,216,2.335,60.16,27.16,False
VPW-AIR-COMP-01,217,2.522,60.51,27.4,False
VPW-AIR-COMP-01,218,2.329,59.14,28.63,False
VPW-AIR-COMP-01,219,2.383,60.79,20.74,False
VPW-AIR-COMP-01,220,2.545,60.29,21.29,False
VPW-AIR-COMP-01,221,2.447,60.01,40.1,False
VPW-AIR-COMP-01,222,2.54,60.55,35.69,False
VPW-AIR-COMP-01,223,2.646,59.61,37.61,False
VPW-AIR-COMP-01,224,2.603,60.1,31.48,False
VPW-AIR-COMP-01,225,2.514,60.65,26.4,False
VPW-AIR-COMP-01,226,2.532,59.06,18.72,False
VPW-AIR-COMP-01,227,2.64,59.37,24.69,False
VPW-AIR-COMP-01,228,2.684,60.07,23.18,False
VPW-AIR-COMP-01,229,2.672,60.0,46.54,False
VPW-AIR-COMP-01,230,2.718,60.52,31.33,False
VPW-AIR-COMP-01,231,2.662,59.1,33.53,False
VPW-AIR-COMP-01,232,2.579,59.91,42.65,False
VPW-AIR-COMP-01,233,2.77,60.08,44.05,False
VPW-AIR-COMP-01,234,2.507,60.62,34.64,False
VPW-AIR-COMP-01,235,2.709,59.2,36.66,False
VPW-AIR-COMP-01,236,2.742,57.84,21.16,False
VPW-AIR-COMP-01,237,2.582,57.83,17.89,False
VPW-AIR-COMP-01,238,2.633,58.34,32.76,False
VPW-AIR-COMP-01,239,2.755,59.13,42.67,False
VPW-AIR-COMP-01,240,2.496,59.44,20.43,False
VPW-AIR-COMP-01,241,2.62,60.1,35.28,False
VPW-AIR-COMP-01,242,2.899,59.61,45.96,False
VPW-AIR-COMP-01,243,2.669,59.43,29.37,False
VPW-AIR-COMP-01,244,2.829,57.77,37.17,False
VPW-AIR-COMP-01,245,2.805,58.47,35.41,False
VPW-AIR-COMP-01,246,2.712,59.79,23.86,False
VPW-AIR-COMP-01,247,2.763,58.97,41.69,False
VPW-AIR-COMP-01,248,2.911,58.69,21.98,False
VPW-AIR-COMP-01,249,2.912,59.15,26.14,False
VPW-AIR-COMP-01,250,2.758,58.02,37.75,False
VPW-AIR-COMP-01,251,2.605,58.77,40.6,False
VPW-AIR-COMP-01,252,2.854,57.3,30.06,False
VPW-AIR-COMP-01,253,2.939,59.28,34.19,False
VPW-AIR-COMP-01,254,2.828,58.98,20.74,False
VPW-AIR-COMP-01,255,2.718,59.34,42.62,False
VPW-AIR-COMP-01,256,2.721,59.67,26.05,False
VPW-AIR-COMP-01,257,2.733,58.97,37.65,False
VPW-AIR-COMP-01,258,2.697,57.53,26.12,False
VPW-AIR-COMP-01,259,2.81,58.32,33.05,False
VPW-AIR-COMP-01,260,2.474,58.1,31.29,False
VPW-AIR-COMP-01,261,2.578,56.42,43.72,False
VPW-AIR-COMP-01,262,2.677,58.81,38.06,False
VPW-AIR-COMP-01,263,2.619,58.45,41.14,False
VPW-AIR-COMP-01,264,2.43,59.2,34.52,False
VPW-AIR-COMP-01,265,2.713,56.79,41.14,False
VPW-AIR-COMP-01,266,2.353,58.85,23.89,False
VPW-AIR-COMP-01,267,2.544,59.58,25.5,False
VPW-AIR-COMP-01,268,2.605,60.17,19.01,False
VPW-AIR-COMP-01,269,2.635,58.34,39.86,False
VPW-AIR-COMP-01,270,2.438,58.39,36.91,False
VPW-AIR-COMP-01,271,2.306,59.69,39.62,False
VPW-AIR-COMP-01,272,2.449,59.05,27.8,False
VPW-AIR-COMP-01,273,2.496,59.86,34.05,False
VPW-AIR-COMP-01,274,2.305,56.47,26.44,False
VPW-AIR-COMP-01,275,2.49,58.19,21.83,False
VPW-AIR-COMP-01,276,2.423,58.09,43.78,False
VPW-AIR-COMP-01,277,2.285,57.65,27.36,False
VPW-AIR-COMP-01,278,2.297,60.25,34.02,False
VPW-AIR-COMP-01,279,2.218,59.67,41.84,False
VPW-AIR-COMP-01,280,2.342,59.33,43.99,False
VPW-AIR-COMP-01,281,2.39,59.04,22.46,False
VPW-AIR-COMP-01,282,2.295,59.51,39.66,False
VPW-AIR-COMP-01,283,2.332,59.02,40.04,False
VPW-AIR-COMP-01,284,2.303,59.31,29.99,False
VPW-AIR-COMP-01,285,2.353,58.92,20.81,False
VPW-AIR-COMP-01,286,2.361,59.04,31.3,False
VPW-AIR-COMP-01,287,2.377,58.89,34.8,False
VPW-AIR-COMP-01,288,2.457,59.91,21.14,False
VPW-AIR-COMP-01,289,2.191,59.9,19.39,False
VPW-AIR-COMP-01,290,2.406,59.13,46.03,False
VPW-AIR-COMP-01,291,2.266,58.88,18.69,False
VPW-AIR-COMP-01,292,2.512,59.92,45.61,False
VPW-AIR-COMP-01,293,2.592,58.54,44.03,False
VPW-AIR-COMP-01,294,2.26,59.13,42.27,False
VPW-AIR-COMP-01,295,2.278,59.01,34.48,False
VPW-AIR-COMP-01,296,2.383,59.88,32.19,False
VPW-AIR-COMP-01,297,2.57,60.98,22.62,False
VPW-AIR-COMP-01,298,2.365,60.07,22.95,False
VPW-AIR-COMP-01,299,2.343,60.52,44.57,False
VPW-AIR-COMP-01,300,2.499,60.36,37.31,False
VPW-AIR-COMP-01,301,2.464,60.44,20.7,False
VPW-AIR-COMP-01,302,2.584,59.05,43.68,False
VPW-AIR-COMP-01,303,2.546,61.46,26.52,False
VPW-AIR-COMP-01,304,2.539,60.19,43.22,False
VPW-AIR-COMP-01,305,2.693,60.27,25.39,False
VPW-AIR-COMP-01,306,2.69,60.84,43.42,False
VPW-AIR-COMP-01,307,2.713,60.02,41.42,False
VPW-AIR-COMP-01,308,2.651,60.98,40.9,False
VPW-AIR-COMP-01,309,2.613,59.02,42.14,False
VPW-AIR-COMP-01,310,2.725,59.54,36.28,False
VPW-AIR-COMP-01,311,2.81,61.3,35.5,False
VPW-AIR-COMP-01,312,2.743,61.21,34.66,False
VPW-AIR-COMP-01,313,2.768,60.85,45.35,False
VPW-AIR-COMP-01,314,2.711,60.11,38.3,False
VPW-AIR-COMP-01,315,2.917,60.09,41.14,False
VPW-AIR-COMP-01,316,2.852,60.89,25.87,False
VPW-AIR-COMP-01,317,2.588,62.76,33.33,False
VPW-AIR-COMP-01,318,2.969,61.88,26.68,False
VPW-AIR-COMP-01,319,2.848,61.72,33.93,False
VPW-AIR-COMP-01,320,2.659,59.81,41.1,False
VPW-AIR-COMP-01,321,2.819,60.09,27.18,False
VPW-AIR-COMP-01,322,2.741,60.3,22.89,False
VPW-AIR-COMP-01,323,2.887,62.95,39.35,False
VPW-AIR-COMP-01,324,2.763,61.17,39.66,False
VPW-AIR-COMP-01,325,2.836,62.76,19.04,False
VPW-AIR-COMP-01,326,2.697,62.24,41.45,False
VPW-AIR-COMP-01,327,2.678,62.38,41.53,False
VPW-AIR-COMP-01,328,2.751,60.91,42.27,False
VPW-AIR-COMP-01,329,2.717,60.99,41.64,False
VPW-AIR-COMP-01,330,2.806,62.42,25.72,False
VPW-AIR-COMP-01,331,2.645,62.48,22.63,False
VPW-AIR-COMP-01,332,2.817,62.01,30.95,False
VPW-AIR-COMP-01,333,2.663,62.69,43.15,False
VPW-AIR-COMP-01,334,2.617,61.76,33.89,False
VPW-AIR-COMP-01,335,2.68,60.76,39.6,False
VPW-AIR-COMP-01,336,2.696,62.29,21.17,False
VPW-AIR-COMP-01,337,2.648,61.58,27.77,False
VPW-AIR-COMP-01,338,2.611,60.78,38.47,False
VPW-AIR-COMP-01,339,2.594,62.51,45.47,False
VPW-AIR-COMP-01,340,2.49,60.96,30.17,False
VPW-AIR-COMP-01,341,2.607,61.54,30.3,False
VPW-AIR-COMP-01,342,2.576,62.31,43.61,False
VPW-AIR-COMP-01,343,2.658,60.37,37.13,False
VPW-AIR-COMP-01,344,2.587,60.26,19.07,False
VPW-AIR-COMP-01,345,2.425,61.05,19.79,False
VPW-AIR-COMP-01,346,2.514,61.36,42.36,False
VPW-AIR-COMP-01,347,2.572,63.0,42.49,False
VPW-AIR-COMP-01,348,2.417,62.51,39.39,False
VPW-AIR-COMP-01,349,2.636,61.84,40.18,False
VPW-AIR-COMP-01,350,2.524,62.48,29.47,False
VPW-AIR-COMP-01,351,2.387,61.78,22.49,False
VPW-AIR-COMP-01,352,2.311,61.69,38.62,False
VPW-AIR-COMP-01,353,2.322,61.89,27.37,False
VPW-AIR-COMP-01,354,2.387,61.07,41.66,False
VPW-AIR-COMP-01,355,2.328,60.68,20.44,False
VPW-AIR-COMP-01,356,2.451,61.44,20.66,False
VPW-AIR-COMP-01,357,2.466,61.02,19.47,False
VPW-AIR-COMP-01,358,2.287,61.51,40.65,False
VPW-AIR-COMP-01,359,2.331,60.68,39.27,False
VPW-AIR-COMP-01,360,2.413,61.37,27.83,False
VPW-AIR-COMP-01,361,2.446,60.9,35.56,False
VPW-AIR-COMP-01,362,2.453,60.41,19.32,False
VPW-AIR-COMP-01,363,2.352,60.78,35.97,False
VPW-AIR-COMP-01,364,2.437,60.81,26.95,False
VPW-AIR-COMP-01,365,2.474,59.24,22.04,False
VPW-AIR-COMP-01,366,2.263,61.03,45.84,False
VPW-AIR-COMP-01,367,2.391,59.36,43.57,False
VPW-AIR-COMP-01,368,2.523,60.78,43.68,False
VPW-AIR-COMP-01,369,2.509,61.44,33.3,False
VPW-AIR-COMP-01,370,2.406,60.28,40.79,False
VPW-AIR-COMP-01,371,2.394,60.14,18.53,False
VPW-AIR-COMP-01,372,2.459,61.09,28.46,False
VPW-AIR-COMP-01,373,2.525,60.86,43.74,False
VPW-AIR-COMP-01,374,2.692,60.54,44.91,False
VPW-AIR-COMP-01,375,2.61,60.45,33.7,False
VPW-AIR-COMP-01,376,2.752,60.98,39.93,False
VPW-AIR-COMP-01,377,2.68,59.59,43.8,False
VPW-AIR-COMP-01,378,2.682,60.21,34.75,False
VPW-AIR-COMP-01,379,2.678,59.29,25.4,False
VPW-AIR-COMP-01,380,2.551,59.44,22.76,False
VPW-AIR-COMP-01,381,2.673,61.82,35.65,False
VPW-AIR-COMP-01,382,2.648,60.3,31.88,False
VPW-AIR-COMP-01,383,2.81,59.58,26.25,False
VPW-AIR-COMP-01,384,2.689,59.75,20.52,False
VPW-AIR-COMP-01,385,2.85,60.73,32.81,False
VPW-AIR-COMP-01,386,2.847,58.9,30.49,False
VPW-AIR-COMP-01,387,3.059,59.96,35.63,False
VPW-AIR-COMP-01,388,2.858,59.78,32.28,False
VPW-AIR-COMP-01,389,2.795,60.14,25.64,False
VPW-AIR-COMP-01,390,2.885,59.6,36.54,False
VPW-AIR-COMP-01,391,2.766,59.23,33.29,False
VPW-AIR-COMP-01,392,2.832,59.52,19.98,False
VPW-AIR-COMP-01,393,2.828,59.69,23.56,False
VPW-AIR-COMP-01,394,2.808,59.41,30.21,False
VPW-AIR-COMP-01,395,2.788,58.92,26.86,False
VPW-AIR-COMP-01,396,2.738,60.19,38.32,False
VPW-AIR-COMP-01,397,2.981,59.12,22.85,False
VPW-AIR-COMP-01,398,2.77,58.69,33.6,False
VPW-AIR-COMP-01,399,2.748,59.6,25.12,False
VPW-AIR-COMP-01,400,2.883,59.66,20.25,False
VPW-AIR-COMP-01,401,2.9,59.54,44.77,False
VPW-AIR-COMP-01,402,2.746,61.22,27.56,False
VPW-AIR-COMP-01,403,2.784,59.02,18.18,False
VPW-AIR-COMP-01,404,2.718,57.48,32.29,False
VPW-AIR-COMP-01,405,2.71,59.81,19.41,False
VPW-AIR-COMP-01,406,2.909,60.43,31.5,False
VPW-AIR-COMP-01,407,2.908,58.72,35.46,False
VPW-AIR-COMP-01,408,2.521,59.62,19.82,False
VPW-AIR-COMP-01,409,2.706,58.3,40.19,False
VPW-AIR-COMP-01,410,2.731,58.84,26.91,False
VPW-AIR-COMP-01,411,2.589,58.06,28.66,False
VPW-AIR-COMP-01,412,2.727,57.75,38.38,False
VPW-AIR-COMP-01,413,2.842,58.07,38.73,False
VPW-AIR-COMP-01,414,2.575,59.72,24.43,False
VPW-AIR-COMP-01,415,2.517,59.12,24.56,False
VPW-AIR-COMP-01,416,2.595,60.65,40.44,False
VPW-AIR-COMP-01,417,2.669,60.95,36.42,False
VPW-AIR-COMP-01,418,2.521,58.14,27.33,False
VPW-AIR-COMP-01,419,2.46,57.46,31.3,False
VPW-AIR-COMP-01,420,2.598,57.97,43.32,False
VPW-AIR-COMP-01,421,2.476,57.93,28.18,False
VPW-AIR-COMP-01,422,2.59,59.71,25.92,False
VPW-AIR-COMP-01,423,2.453,58.34,41.24,False
VPW-AIR-COMP-01,424,2.431,59.75,18.35,False
VPW-AIR-COMP-01,425,2.312,60.23,31.3,False
VPW-AIR-COMP-01,426,2.519,59.78,36.11,False
VPW-AIR-COMP-01,427,2.389,59.1,41.77,False
VPW-AIR-COMP-01,428,2.272,58.76,41.18,False
VPW-AIR-COMP-01,429,2.426,59.38,37.94,False
VPW-AIR-COMP-01,430,2.322,58.32,23.82,False
VPW-AIR-COMP-01,431,2.401,58.34,32.39,False
VPW-AIR-COMP-01,432,2.374,60.35,19.87,False
VPW-AIR-COMP-01,433,2.477,60.42,43.63,False
VPW-AIR-COMP-01,434,2.337,59.94,29.16,False
VPW-AIR-COMP-01,435,2.259,59.86,27.16,False
VPW-AIR-COMP-01,436,2.41,61.02,44.76,False
VPW-AIR-COMP-01,437,2.539,59.91,46.5,False
VPW-AIR-COMP-01,438,2.402,59.83,45.73,False
VPW-AIR-COMP-01,439,2.493,59.63,43.84,False
VPW-AIR-COMP-01,440,2.329,59.34,20.44,False
VPW-AIR-COMP-01,441,2.519,58.94,40.69,False
VPW-AIR-COMP-01,442,2.513,61.22,23.75,False
VPW-AIR-COMP-01,443,2.566,61.44,45.75,False
VPW-AIR-COMP-01,444,2.576,59.08,34.32,False
VPW-AIR-COMP-01,445,2.446,58.38,33.3,False
VPW-AIR-COMP-01,446,2.496,60.1,45.13,False
VPW-AIR-COMP-01,447,2.631,59.78,41.84,False
VPW-AIR-COMP-01,448,2.643,60.32,32.64,False
VPW-AIR-COMP-01,449,2.586,60.5,19.54,False
VPW-AIR-COMP-01,450,2.5,60.2,29.64,False
VPW-AIR-COMP-01,451,2.634,60.79,35.32,False
VPW-AIR-COMP-01,452,2.658,59.54,26.39,False
VPW-AIR-COMP-01,453,2.51,60.06,29.17,False
VPW-AIR-COMP-01,454,2.567,60.26,18.38,False
VPW-AIR-COMP-01,455,2.787,62.66,25.61,False
VPW-AIR-COMP-01,456,2.774,60.74,42.2,False
VPW-AIR-COMP-01,457,2.735,60.82,35.29,False
VPW-AIR-COMP-01,458,2.767,61.29,35.52,False
VPW-AIR-COMP-01,459,2.737,61.89,29.25,False
VPW-AIR-COMP-01,460,2.68,61.14,27.83,False
VPW-AIR-COMP-01,461,2.826,59.3,32.31,False
VPW-AIR-COMP-01,462,2.8,60.38,34.7,False
VPW-AIR-COMP-01,463,2.757,61.48,22.6,False
VPW-AIR-COMP-01,464,2.753,60.95,37.37,False
VPW-AIR-COMP-01,465,2.935,60.42,34.76,False
VPW-AIR-COMP-01,466,2.73,60.95,26.34,False
VPW-AIR-COMP-01,467,2.844,62.43,31.46,False
VPW-AIR-COMP-01,468,2.931,62.67,26.28,False
VPW-AIR-COMP-01,469,2.906,58.89,26.27,False
VPW-AIR-COMP-01,470,2.78,61.77,27.46,False
VPW-AIR-COMP-01,471,2.897,60.4,31.62,False
VPW-AIR-COMP-01,472,2.841,61.4,34.45,False
VPW-AIR-COMP-01,473,2.814,60.37,33.61,False
VPW-AIR-COMP-01,474,2.885,61.19,44.7,False
VPW-AIR-COMP-01,475,2.953,62.08,42.46,False
VPW-AIR-COMP-01,476,2.989,62.23,28.2,False
VPW-AIR-COMP-01,477,2.918,62.87,19.06,False
VPW-AIR-COMP-01,478,2.703,63.16,32.69,False
VPW-AIR-COMP-01,479,2.849,62.37,33.83,False
VPW-AIR-COMP-01,480,2.86,62.93,23.02,False
VPW-AIR-COMP-01,481,2.666,61.57,24.71,False
VPW-AIR-COMP-01,482,2.785,62.63,22.16,False
VPW-AIR-COMP-01,483,2.83,62.2,26.22,False
VPW-AIR-COMP-01,484,2.674,61.5,36.08,False
VPW-AIR-COMP-01,485,2.699,62.02,35.88,False
VPW-AIR-COMP-01,486,2.467,63.26,30.33,False
VPW-AIR-COMP-01,487,2.499,61.49,30.9,False
VPW-AIR-COMP-01,488,2.726,60.67,27.27,False
VPW-AIR-COMP-01,489,2.642,61.52,39.32,False
VPW-AIR-COMP-01,490,2.705,61.33,45.35,False
VPW-AIR-COMP-01,491,2.596,62.75,32.89,False
VPW-AIR-COMP-01,492,2.698,63.2,19.78,False
VPW-AIR-COMP-01,493,2.347,63.45,41.03,False
VPW-AIR-COMP-01,494,2.554,62.39,39.78,False
VPW-AIR-COMP-01,495,2.454,62.55,33.7,False
VPW-AIR-COMP-01,496,2.532,62.17,30.56,False
VPW-AIR-COMP-01,497,2.414,61.53,25.78,False
VPW-AIR-COMP-01,498,2.656,62.03,28.32,False
VPW-AIR-COMP-01,499,2.739,61.57,28.64,False
VPW-AIR-COMP-01,500,2.417,61.12,22.44,False
VPW-AIR-COMP-01,501,2.497,60.87,39.98,False
VPW-AIR-COMP-01,502,2.431,62.99,22.71,False
VPW-AIR-COMP-01,503,2.367,62.09,23.09,False
VPW-AIR-COMP-01,504,2.432,63.01,19.72,False
VPW-AIR-COMP-01,505,2.338,63.38,19.16,False
VPW-AIR-COMP-01,506,2.418,61.97,25.68,False
VPW-AIR-COMP-01,507,2.377,61.29,27.91,False
VPW-AIR-COMP-01,508,2.47,60.65,36.09,False
VPW-AIR-COMP-01,509,2.628,61.55,43.91,False
VPW-AIR-COMP-01,510,2.256,61.18,37.68,False
VPW-AIR-COMP-01,511,2.349,60.61,23.77,False
VPW-AIR-COMP-01,512,2.396,62.71,23.37,False
VPW-AIR-COMP-01,513,2.493,63.04,32.12,False
VPW-AIR-COMP-01,514,2.513,61.74,26.46,False
VPW-AIR-COMP-01,515,2.414,61.7,32.7,False
VPW-AIR-COMP-01,516,2.662,61.31,19.58,False
VPW-AIR-COMP-01,517,2.593,60.86,20.66,False
VPW-AIR-COMP-01,518,2.61,60.97,29.47,False
VPW-AIR-COMP-01,519,2.501,61.14,45.16,False
VPW-AIR-COMP-01,520,2.43,60.26,38.53,False
VPW-AIR-COMP-01,521,2.626,60.18,20.74,False
VPW-AIR-COMP-01,522,2.592,62.28,24.89,False
VPW-AIR-COMP-01,523,2.534,61.41,27.23,False
VPW-AIR-COMP-01,524,2.576,62.47,37.64,False
VPW-AIR-COMP-01,525,2.762,61.95,34.87,False
VPW-AIR-COMP-01,526,2.587,61.75,41.45,False
VPW-AIR-COMP-01,527,2.814,60.46,40.62,False
VPW-AIR-COMP-01,528,2.633,60.97,42.87,False
VPW-AIR-COMP-01,529,2.744,60.73,20.02,False
VPW-AIR-COMP-01,530,2.47,59.38,25.03,False
VPW-AIR-COMP-01,531,2.775,58.81,22.27,False
VPW-AIR-COMP-01,532,2.591,60.35,38.4,False
VPW-AIR-COMP-01,533,2.821,60.12,22.83,False
VPW-AIR-COMP-01,534,2.611,59.63,32.0,False
VPW-AIR-COMP-01,535,2.811,61.31,28.13,False
VPW-AIR-COMP-01,536,2.876,59.95,33.06,False
VPW-AIR-COMP-01,537,2.661,59.06,35.46,False
VPW-AIR-COMP-01,538,2.797,59.35,23.36,False
VPW-AIR-COMP-01,539,2.734,59.47,33.62,False
VPW-AIR-COMP-01,540,2.995,59.52,21.47,False
VPW-AIR-COMP-01,541,2.944,59.96,36.98,False
VPW-AIR-COMP-01,542,2.972,60.43,31.94,False
VPW-AIR-COMP-01,543,2.792,59.77,22.34,False
VPW-AIR-COMP-01,544,2.705,59.2,35.71,False
VPW-AIR-COMP-01,545,2.759,59.99,22.56,False
VPW-AIR-COMP-01,546,2.928,61.04,30.52,False
VPW-AIR-COMP-01,547,2.909,60.01,31.75,False
VPW-AIR-COMP-01,548,2.768,60.42,38.01,False
VPW-AIR-COMP-01,549,3.096,59.94,44.13,False
VPW-AIR-COMP-01,550,2.85,60.12,24.08,False
VPW-AIR-COMP-01,551,2.891,59.43,21.86,False
VPW-AIR-COMP-01,552,2.777,59.1,33.52,False
VPW-AIR-COMP-01,553,2.782,59.82,23.72,False
VPW-AIR-COMP-01,554,2.736,58.69,25.94,False
VPW-AIR-COMP-01,555,2.871,59.98,19.53,False
VPW-AIR-COMP-01,556,2.892,59.42,17.56,False
VPW-AIR-COMP-01,557,2.938,59.65,26.52,False
VPW-AIR-COMP-01,558,2.809,59.22,40.12,False
VPW-AIR-COMP-01,559,2.889,58.66,30.65,False
VPW-AIR-COMP-01,560,2.905,58.52,33.04,False
VPW-AIR-COMP-01,561,2.683,59.77,37.59,False
VPW-AIR-COMP-01,562,2.812,60.83,41.34,False
VPW-AIR-COMP-01,563,2.675,59.26,46.4,False
VPW-AIR-COMP-01,564,2.708,59.11,18.71,False
VPW-AIR-COMP-01,565,2.656,58.54,42.66,False
VPW-AIR-COMP-01,566,2.486,59.36,21.19,False
VPW-AIR-COMP-01,567,2.559,58.29,43.4,False
VPW-AIR-COMP-01,568,2.602,59.57,32.8,False
VPW-AIR-COMP-01,569,2.544,60.33,45.43,False
VPW-AIR-COMP-01,570,2.668,58.35,33.78,False
VPW-AIR-COMP-01,571,2.588,59.98,23.18,False
VPW-AIR-COMP-01,572,2.578,58.34,30.19,False
VPW-AIR-COMP-01,573,2.474,58.01,35.75,False
VPW-AIR-COMP-01,574,2.4,61.01,20.19,False
VPW-AIR-COMP-01,575,2.573,57.88,30.2,False
VPW-AIR-COMP-01,576,2.619,58.9,25.03,False
VPW-AIR-COMP-01,577,2.456,60.74,42.63,False
VPW-AIR-COMP-01,578,2.44,58.24,38.27,False
VPW-AIR-COMP-01,579,2.431,60.21,45.36,False
VPW-AIR-COMP-01,580,2.473,59.66,20.43,False
VPW-AIR-COMP-01,581,2.458,57.98,28.24,False
VPW-AIR-COMP-01,582,2.259,58.15,31.33,False
VPW-AIR-COMP-01,583,2.474,59.89,44.2,False
VPW-AIR-COMP-01,584,2.193,59.97,17.79,False
VPW-AIR-COMP-01,585,2.525,60.99,18.83,False
VPW-AIR-COMP-01,586,2.418,61.07,29.52,False
VPW-AIR-COMP-01,587,2.528,60.21,23.19,False
VPW-AIR-COMP-01,588,2.341,60.14,45.25,False
VPW-AIR-COMP-01,589,2.353,59.64,30.88,False
VPW-AIR-COMP-01,590,2.518,58.58,20.57,False
VPW-AIR-COMP-01,591,2.474,60.0,45.38,False
VPW-AIR-COMP-01,592,2.579,59.51,19.58,False
VPW-AIR-COMP-01,593,2.335,59.21,45.51,False
VPW-AIR-COMP-01,594,2.482,59.6,30.18,False
VPW-AIR-COMP-01,595,2.718,59.7,24.04,False
VPW-AIR-COMP-01,596,2.47,60.71,24.99,False
VPW-AIR-COMP-01,597,2.733,61.05,43.88,False
VPW-AIR-COMP-01,598,2.76,61.5,38.97,False
VPW-AIR-COMP-01,599,2.646,61.95,43.18,False
VPW-AIR-COMP-01,600,2.604,60.71,28.4,False
VPW-AIR-COMP-01,601,2.567,60.72,46.25,False
VPW-AIR-COMP-01,602,2.603,61.25,16.96,False
VPW-AIR-COMP-01,603,2.603,61.02,23.62,False
VPW-AIR-COMP-01,604,2.71,60.75,43.31,False
VPW-AIR-COMP-01,605,2.755,61.61,35.43,False
VPW-AIR-COMP-01,606,2.551,61.43,38.89,False
VPW-AIR-COMP-01,607,2.879,62.02,20.49,False
VPW-AIR-COMP-01,608,2.702,61.75,34.03,False
VPW-AIR-COMP-01,609,2.689,61.78,39.43,False
VPW-AIR-COMP-01,610,2.831,60.58,36.64,False
VPW-AIR-COMP-01,611,2.778,61.11,30.53,False
VPW-AIR-COMP-01,612,2.771,61.85,25.52,False
VPW-AIR-COMP-01,613,2.795,61.06,21.52,False
VPW-AIR-COMP-01,614,2.845,60.44,44.63,False
VPW-AIR-COMP-01,615,2.929,61.07,24.76,False
VPW-AIR-COMP-01,616,2.919,60.97,18.94,False
VPW-AIR-COMP-01,617,2.987,62.11,39.04,False
VPW-AIR-COMP-01,618,3.038,63.74,37.14,False
VPW-AIR-COMP-01,619,2.974,62.64,34.63,False
VPW-AIR-COMP-01,620,2.846,63.28,20.48,False
VPW-AIR-COMP-01,621,2.853,63.3,22.93,False
VPW-AIR-COMP-01,622,2.887,62.14,42.66,False
VPW-AIR-COMP-01,623,2.69,62.11,39.0,False
VPW-AIR-COMP-01,624,2.865,61.17,42.92,False
VPW-AIR-COMP-01,625,2.924,62.29,31.95,False
VPW-AIR-COMP-01,626,2.894,61.09,45.26,False
VPW-AIR-COMP-01,627,2.967,61.7,45.1,False
VPW-AIR-COMP-01,628,2.997,62.84,34.98,False
VPW-AIR-COMP-01,629,2.837,60.87,39.98,False
VPW-AIR-COMP-01,630,2.906,63.73,19.13,False
VPW-AIR-COMP-01,631,2.717,61.99,27.31,False
VPW-AIR-COMP-01,632,2.836,62.07,26.73,False
VPW-AIR-COMP-01,633,2.83,62.65,44.77,False
VPW-AIR-COMP-01,634,2.895,62.71,20.07,False
VPW-AIR-COMP-01,635,2.678,61.21,34.89,False
VPW-AIR-COMP-01,636,2.824,62.85,44.11,False
VPW-AIR-COMP-01,637,2.612,62.59,33.04,False
VPW-AIR-COMP-01,638,2.693,62.87,36.75,False
VPW-AIR-COMP-01,639,2.752,63.78,36.56,False
VPW-AIR-COMP-01,640,2.717,62.84,38.4,False
VPW-AIR-COMP-01,641,2.697,62.99,23.09,False
VPW-AIR-COMP-01,642,2.659,62.15,22.45,False
VPW-AIR-COMP-01,643,2.685,61.84,24.99,False
VPW-AIR-COMP-01,644,2.668,62.98,45.56,False
VPW-AIR-COMP-01,645,2.537,62.61,36.67,False
VPW-AIR-COMP-01,646,2.524,62.76,27.71,False
VPW-AIR-COMP-01,647,2.539,61.7,35.85,False
VPW-AIR-COMP-01,648,2.608,63.08,17.87,False
VPW-AIR-COMP-01,649,2.614,63.22,41.05,False
VPW-AIR-COMP-01,650,2.544,61.28,39.91,False
VPW-AIR-COMP-01,651,2.449,61.63,40.17,False
VPW-AIR-COMP-01,652,2.441,63.36,36.55,False
VPW-AIR-COMP-01,653,2.408,63.01,34.9,False
VPW-AIR-COMP-01,654,2.524,62.9,22.77,False
VPW-AIR-COMP-01,655,2.509,63.03,39.14,False
VPW-AIR-COMP-01,656,2.464,62.51,30.51,False
VPW-AIR-COMP-01,657,2.545,61.57,30.69,False
VPW-AIR-COMP-01,658,2.453,61.73,19.11,False
VPW-AIR-COMP-01,659,2.511,62.54,21.25,False
VPW-AIR-COMP-01,660,2.46,62.7,38.25,False
VPW-AIR-COMP-01,661,2.586,61.72,30.05,False
VPW-AIR-COMP-01,662,2.563,62.77,29.2,False
VPW-AIR-COMP-01,663,2.598,62.31,28.4,False
VPW-AIR-COMP-01,664,2.447,60.32,19.15,False
VPW-AIR-COMP-01,665,2.485,62.62,32.07,False
VPW-AIR-COMP-01,666,2.509,61.16,24.92,False
VPW-AIR-COMP-01,667,2.46,60.89,35.89,False
VPW-AIR-COMP-01,668,2.54,60.61,25.99,False
VPW-AIR-COMP-01,669,2.676,63.1,30.48,False
VPW-AIR-COMP-01,670,2.631,61.51,40.56,False
VPW-AIR-COMP-01,671,2.595,61.42,20.68,False
VPW-AIR-COMP-01,672,2.556,62.34,37.72,False
VPW-AIR-COMP-01,673,2.63,60.74,20.96,False
VPW-AIR-COMP-01,674,2.502,61.48,21.78,False
VPW-AIR-COMP-01,675,2.583,62.35,44.34,False
VPW-AIR-COMP-01,676,2.755,61.9,34.65,False
VPW-AIR-COMP-01,677,2.781,60.75,30.53,False
VPW-AIR-COMP-01,678,2.514,62.39,29.11,False
VPW-AIR-COMP-01,679,2.763,61.11,37.12,False
VPW-AIR-COMP-01,680,2.823,61.38,36.38,False
VPW-AIR-COMP-01,681,2.675,61.73,24.78,False
VPW-AIR-COMP-01,682,2.831,60.72,41.02,False
VPW-AIR-COMP-01,683,2.716,60.91,43.34,False
VPW-AIR-COMP-01,684,2.772,61.78,27.76,False
VPW-AIR-COMP-01,685,2.917,60.9,41.44,False
VPW-AIR-COMP-01,686,2.998,61.77,30.12,False
VPW-AIR-COMP-01,687,2.995,61.29,27.39,False
VPW-AIR-COMP-01,688,2.748,60.18,29.82,False
VPW-AIR-COMP-01,689,2.9,61.09,21.11,False
VPW-AIR-COMP-01,690,2.853,61.06,18.84,False
VPW-AIR-COMP-01,691,3.011,59.99,32.31,False
VPW-AIR-COMP-01,692,3.062,59.38,28.0,False
VPW-AIR-COMP-01,693,2.908,59.92,39.86,False
VPW-AIR-COMP-01,694,2.95,58.46,29.14,False
VPW-AIR-COMP-01,695,2.868,60.3,41.26,False
VPW-AIR-COMP-01,696,3.051,59.36,30.82,False
VPW-AIR-COMP-01,697,2.9,58.55,36.54,False
VPW-AIR-COMP-01,698,2.999,59.52,32.2,False
VPW-AIR-COMP-01,699,3.093,62.94,33.75,False
VPW-AIR-COMP-01,700,3.08,59.64,39.31,False
VPW-AIR-COMP-01,701,2.885,60.48,31.8,False
VPW-AIR-COMP-01,702,2.942,60.08,40.93,False
VPW-AIR-COMP-01,703,2.963,58.91,29.92,False
VPW-AIR-COMP-01,704,2.944,59.62,20.89,False
VPW-AIR-COMP-01,705,3.022,61.25,29.6,False
VPW-AIR-COMP-01,706,2.924,59.71,27.43,False
VPW-AIR-COMP-01,707,2.854,59.86,38.16,False
VPW-AIR-COMP-01,708,2.694,60.36,24.45,False
VPW-AIR-COMP-01,709,2.728,60.82,30.85,False
VPW-AIR-COMP-01,710,2.873,58.54,33.91,False
VPW-AIR-COMP-01,711,2.892,59.74,29.5,False
VPW-AIR-COMP-01,712,2.556,59.53,36.82,False
VPW-AIR-COMP-01,713,2.683,59.26,41.05,False
VPW-AIR-COMP-01,714,2.831,58.35,42.91,False
VPW-AIR-COMP-01,715,2.858,60.29,28.97,False
VPW-AIR-COMP-01,716,2.845,60.97,45.28,False
VPW-AIR-COMP-01,717,2.836,60.59,29.89,False
VPW-AIR-COMP-01,718,2.884,59.0,38.32,False
VPW-AIR-COMP-01,719,2.736,59.24,23.5,False
VPW-AIR-COMP-02,0,2.809,57.26,44.3,False
VPW-AIR-COMP-02,1,2.718,57.6,44.46,False
VPW-AIR-COMP-02,2,2.506,58.23,41.98,False
VPW-AIR-COMP-02,3,2.731,56.67,37.15,False
VPW-AIR-COMP-02,4,2.538,56.81,38.35,False
VPW-AIR-COMP-02,5,2.675,56.39,43.31,False
VPW-AIR-COMP-02,6,2.802,57.64,40.53,False
VPW-AIR-COMP-02,7,2.747,58.34,44.28,False
VPW-AIR-COMP-02,8,2.703,57.76,24.8,False
VPW-AIR-COMP-02,9,2.887,58.75,33.64,False
VPW-AIR-COMP-02,10,2.704,58.39,36.62,False
VPW-AIR-COMP-02,11,2.826,57.65,20.32,False
VPW-AIR-COMP-02,12,2.833,59.05,28.35,False
VPW-AIR-COMP-02,13,2.865,57.98,32.44,False
VPW-AIR-COMP-02,14,2.659,58.96,28.28,False
VPW-AIR-COMP-02,15,2.906,57.33,40.53,False
VPW-AIR-COMP-02,16,2.756,57.26,19.79,False
VPW-AIR-COMP-02,17,2.92,58.75,39.34,False
VPW-AIR-COMP-02,18,2.86,60.99,28.06,False
VPW-AIR-COMP-02,19,2.876,58.91,42.59,False
VPW-AIR-COMP-02,20,2.704,59.64,27.42,False
VPW-AIR-COMP-02,21,2.746,58.96,18.9,False
VPW-AIR-COMP-02,22,2.826,59.36,38.31,False
VPW-AIR-COMP-02,23,2.758,59.38,18.91,False
VPW-AIR-COMP-02,24,2.943,58.4,22.31,False
VPW-AIR-COMP-02,25,2.72,59.73,34.11,False
VPW-AIR-COMP-02,26,2.721,60.59,43.27,False
VPW-AIR-COMP-02,27,2.8,59.23,42.35,False
VPW-AIR-COMP-02,28,2.861,58.56,33.14,False
VPW-AIR-COMP-02,29,2.909,60.25,36.65,False
VPW-AIR-COMP-02,30,2.833,58.82,19.01,False
VPW-AIR-COMP-02,31,2.72,59.85,31.16,False
VPW-AIR-COMP-02,32,2.786,60.87,18.97,False
VPW-AIR-COMP-02,33,2.629,59.57,43.55,False
VPW-AIR-COMP-02,34,2.777,59.07,24.52,False
VPW-AIR-COMP-02,35,2.721,59.43,24.92,False
VPW-AIR-COMP-02,36,2.655,60.13,36.26,False
VPW-AIR-COMP-02,37,2.541,59.67,27.27,False
VPW-AIR-COMP-02,38,2.662,59.15,30.39,False
VPW-AIR-COMP-02,39,2.672,59.12,38.64,False
VPW-AIR-COMP-02,40,2.652,59.14,40.47,False
VPW-AIR-COMP-02,41,2.514,59.88,42.57,False
VPW-AIR-COMP-02,42,2.617,59.27,30.46,False
VPW-AIR-COMP-02,43,2.548,60.2,46.34,False
VPW-AIR-COMP-02,44,2.546,57.7,32.86,False
VPW-AIR-COMP-02,45,2.448,59.8,39.53,False
VPW-AIR-COMP-02,46,2.55,59.78,23.85,False
VPW-AIR-COMP-02,47,2.611,60.15,44.72,False
VPW-AIR-COMP-02,48,2.325,59.85,42.22,False
VPW-AIR-COMP-02,49,2.361,59.28,23.96,False
VPW-AIR-COMP-02,50,2.329,59.68,36.05,False
VPW-AIR-COMP-02,51,2.422,59.51,28.24,False
VPW-AIR-COMP-02,52,2.697,58.78,44.5,False
VPW-AIR-COMP-02,53,2.409,58.62,19.55,False
VPW-AIR-COMP-02,54,2.473,59.95,35.28,False
VPW-AIR-COMP-02,55,2.457,59.73,33.3,False
VPW-AIR-COMP-02,56,2.374,59.64,23.46,False
VPW-AIR-COMP-02,57,2.454,59.33,32.1,False
VPW-AIR-COMP-02,58,2.244,58.84,20.53,False
VPW-AIR-COMP-02,59,2.32,59.52,34.47,False
VPW-AIR-COMP-02,60,2.444,59.51,30.16,False
VPW-AIR-COMP-02,61,2.452,59.12,19.64,False
VPW-AIR-COMP-02,62,2.523,59.13,37.56,False
VPW-AIR-COMP-02,63,2.305,58.43,22.88,False
VPW-AIR-COMP-02,64,2.596,59.53,23.81,False
VPW-AIR-COMP-02,65,2.48,58.59,39.22,False
VPW-AIR-COMP-02,66,2.413,57.67,41.98,False
VPW-AIR-COMP-02,67,2.58,58.0,34.46,False
VPW-AIR-COMP-02,68,2.662,59.24,20.49,False
VPW-AIR-COMP-02,69,2.565,58.21,28.04,False
VPW-AIR-COMP-02,70,2.413,58.28,22.03,False
VPW-AIR-COMP-02,71,2.547,57.53,39.75,False
VPW-AIR-COMP-02,72,2.558,58.58,33.33,False
VPW-AIR-COMP-02,73,2.546,56.6,31.44,False
VPW-AIR-COMP-02,74,2.755,57.55,41.4,False
VPW-AIR-COMP-02,75,2.708,57.59,39.12,False
VPW-AIR-COMP-02,76,2.539,58.24,42.18,False
VPW-AIR-COMP-02,77,2.745,57.18,24.95,False
VPW-AIR-COMP-02,78,2.681,58.76,45.3,False
VPW-AIR-COMP-02,79,2.637,56.52,45.52,False
VPW-AIR-COMP-02,80,2.777,58.21,41.34,False
VPW-AIR-COMP-02,81,2.717,56.94,44.45,False
VPW-AIR-COMP-02,82,2.76,56.22,37.97,False
VPW-AIR-COMP-02,83,2.988,57.79,39.54,False
VPW-AIR-COMP-02,84,2.794,57.4,18.59,False
VPW-AIR-COMP-02,85,2.835,56.16,29.26,False
VPW-AIR-COMP-02,86,2.752,55.92,23.47,False
VPW-AIR-COMP-02,87,2.915,57.43,19.51,False
VPW-AIR-COMP-02,88,2.83,55.71,33.31,False
VPW-AIR-COMP-02,89,2.814,56.61,43.68,False
VPW-AIR-COMP-02,90,2.842,55.58,34.31,False
VPW-AIR-COMP-02,91,2.695,57.19,32.59,False
VPW-AIR-COMP-02,92,2.908,57.05,43.33,False
VPW-AIR-COMP-02,93,2.815,56.04,24.86,False
VPW-AIR-COMP-02,94,2.812,56.9,18.63,False
VPW-AIR-COMP-02,95,2.912,57.39,37.68,False
VPW-AIR-COMP-02,96,2.826,55.92,41.47,False
VPW-AIR-COMP-02,97,2.735,56.05,31.34,False
VPW-AIR-COMP-02,98,3.033,56.07,33.18,False
VPW-AIR-COMP-02,99,2.938,56.4,28.16,False
VPW-AIR-COMP-02,100,2.749,55.99,22.81,False
VPW-AIR-COMP-02,101,2.746,57.4,22.63,False
VPW-AIR-COMP-02,102,2.822,55.98,45.25,False
VPW-AIR-COMP-02,103,2.771,56.3,21.44,False
VPW-AIR-COMP-02,104,2.878,56.19,38.52,False
VPW-AIR-COMP-02,105,2.751,55.05,23.28,False
VPW-AIR-COMP-02,106,2.621,56.15,18.57,False
VPW-AIR-COMP-02,107,2.583,56.18,26.56,False
VPW-AIR-COMP-02,108,2.714,57.05,23.65,False
VPW-AIR-COMP-02,109,2.57,57.2,40.0,False
VPW-AIR-COMP-02,110,2.672,56.11,24.31,False
VPW-AIR-COMP-02,111,2.711,56.68,42.03,False
VPW-AIR-COMP-02,112,2.718,57.19,25.87,False
VPW-AIR-COMP-02,113,2.516,58.29,38.73,False
VPW-AIR-COMP-02,114,2.665,56.17,30.2,False
VPW-AIR-COMP-02,115,2.633,56.16,35.46,False
VPW-AIR-COMP-02,116,2.506,56.56,36.41,False
VPW-AIR-COMP-02,117,2.637,56.47,44.47,False
VPW-AIR-COMP-02,118,2.484,57.55,34.43,False
VPW-AIR-COMP-02,119,2.576,56.58,19.4,False
VPW-AIR-COMP-02,120,2.474,57.04,19.77,False
VPW-AIR-COMP-02,121,2.555,57.27,23.18,False
VPW-AIR-COMP-02,122,2.519,57.29,34.32,False
VPW-AIR-COMP-02,123,2.506,55.97,21.98,False
VPW-AIR-COMP-02,124,2.527,55.65,28.58,False
VPW-AIR-COMP-02,125,2.677,56.42,39.44,False
VPW-AIR-COMP-02,126,2.449,55.81,33.9,False
VPW-AIR-COMP-02,127,2.302,56.55,44.72,False
VPW-AIR-COMP-02,128,2.529,57.2,36.28,False
VPW-AIR-COMP-02,129,2.345,56.6,26.93,False
VPW-AIR-COMP-02,130,2.498,56.63,19.07,False
VPW-AIR-COMP-02,131,2.348,57.24,20.11,False
VPW-AIR-COMP-02,132,2.438,57.21,34.34,False
VPW-AIR-COMP-02,133,2.462,56.27,30.75,False
VPW-AIR-COMP-02,134,2.3,56.59,37.15,False
VPW-AIR-COMP-02,135,2.541,58.67,27.09,False
VPW-AIR-COMP-02,136,2.54,55.57,36.63,False
VPW-AIR-COMP-02,137,2.217,57.01,24.83,False
VPW-AIR-COMP-02,138,2.433,57.79,29.21,False
VPW-AIR-COMP-02,139,2.57,58.75,21.27,False
VPW-AIR-COMP-02,140,2.558,58.02,38.89,False
VPW-AIR-COMP-02,141,2.351,58.54,43.77,False
VPW-AIR-COMP-02,142,2.574,57.86,22.04,False
VPW-AIR-COMP-02,143,2.685,56.7,35.01,False
VPW-AIR-COMP-02,144,2.401,58.34,39.18,False
VPW-AIR-COMP-02,145,2.619,58.28,40.83,False
VPW-AIR-COMP-02,146,2.653,56.72,28.58,False
VPW-AIR-COMP-02,147,2.561,58.04,32.33,False
VPW-AIR-COMP-02,148,2.732,59.06,17.78,False
VPW-AIR-COMP-02,149,2.519,58.08,20.81,False
VPW-AIR-COMP-02,150,2.622,59.56,42.48,False
VPW-AIR-COMP-02,151,2.701,57.65,37.46,False
VPW-AIR-COMP-02,152,2.774,58.49,43.2,False
VPW-AIR-COMP-02,153,2.708,57.63,31.73,False
VPW-AIR-COMP-02,154,2.779,58.82,28.74,False
VPW-AIR-COMP-02,155,2.774,58.74,33.11,False
VPW-AIR-COMP-02,156,2.862,58.93,21.06,False
VPW-AIR-COMP-02,157,2.617,58.9,21.68,False
VPW-AIR-COMP-02,158,2.768,58.15,35.01,False
VPW-AIR-COMP-02,159,2.801,58.13,24.43,False
VPW-AIR-COMP-02,160,2.89,59.05,34.76,False
VPW-AIR-COMP-02,161,2.789,58.63,40.2,False
VPW-AIR-COMP-02,162,2.944,61.64,29.87,False
VPW-AIR-COMP-02,163,2.868,59.37,21.67,False
VPW-AIR-COMP-02,164,2.882,58.76,28.93,False
VPW-AIR-COMP-02,165,3.067,60.08,26.12,False
VPW-AIR-COMP-02,166,2.763,60.44,26.72,False
VPW-AIR-COMP-02,167,2.915,60.85,26.25,False
VPW-AIR-COMP-02,168,2.723,59.69,41.73,False
VPW-AIR-COMP-02,169,2.891,59.87,38.39,False
VPW-AIR-COMP-02,170,2.885,59.73,26.91,False
VPW-AIR-COMP-02,171,2.911,59.03,29.14,False
VPW-AIR-COMP-02,172,2.925,59.43,38.03,False
VPW-AIR-COMP-02,173,2.796,60.34,25.11,False
VPW-AIR-COMP-02,174,2.983,60.38,46.77,False
VPW-AIR-COMP-02,175,2.647,59.75,35.12,False
VPW-AIR-COMP-02,176,2.875,59.2,43.93,False
VPW-AIR-COMP-02,177,2.94,60.45,32.64,False
VPW-AIR-COMP-02,178,2.747,61.0,34.79,False
VPW-AIR-COMP-02,179,2.696,58.55,19.54,False
VPW-AIR-COMP-02,180,2.763,60.36,41.64,False
VPW-AIR-COMP-02,181,2.799,59.61,41.98,False
VPW-AIR-COMP-02,182,2.777,59.31,23.99,False
VPW-AIR-COMP-02,183,2.841,59.26,17.72,False
VPW-AIR-COMP-02,184,2.779,59.88,45.0,False
VPW-AIR-COMP-02,185,2.66,59.1,41.36,False
VPW-AIR-COMP-02,186,2.738,59.88,18.08,False
VPW-AIR-COMP-02,187,2.735,59.38,32.71,False
VPW-AIR-COMP-02,188,2.772,59.4,28.37,False
VPW-AIR-COMP-02,189,2.629,58.53,26.98,False
VPW-AIR-COMP-02,190,2.569,60.62,34.46,False
VPW-AIR-COMP-02,191,2.518,59.48,24.18,False
VPW-AIR-COMP-02,192,2.491,60.61,41.08,False
VPW-AIR-COMP-02,193,2.511,62.34,41.22,False
VPW-AIR-COMP-02,194,2.669,59.81,38.59,False
VPW-AIR-COMP-02,195,2.574,59.99,42.96,False
VPW-AIR-COMP-02,196,2.576,60.81,46.97,False
VPW-AIR-COMP-02,197,2.54,59.58,23.47,False
VPW-AIR-COMP-02,198,2.521,58.55,39.63,False
VPW-AIR-COMP-02,199,2.438,60.62,39.41,False
VPW-AIR-COMP-02,200,2.437,59.0,29.91,False
VPW-AIR-COMP-02,201,2.37,59.1,37.51,False
VPW-AIR-COMP-02,202,2.358,60.04,22.34,False
VPW-AIR-COMP-02,203,2.342,59.04,30.93,False
VPW-AIR-COMP-02,204,2.456,59.06,44.6,False
VPW-AIR-COMP-02,205,2.425,59.17,34.72,False
VPW-AIR-COMP-02,206,2.444,59.63,40.03,False
VPW-AIR-COMP-02,207,2.563,59.62,43.22,False
VPW-AIR-COMP-02,208,2.526,59.77,43.14,False
VPW-AIR-COMP-02,209,2.519,58.81,19.28,False
VPW-AIR-COMP-02,210,2.279,58.36,37.94,False
VPW-AIR-COMP-02,211,2.542,58.59,23.44,False
VPW-AIR-COMP-02,212,2.532,58.95,36.65,False
VPW-AIR-COMP-02,213,2.373,59.82,45.81,False
VPW-AIR-COMP-02,214,2.643,59.01,29.47,False
VPW-AIR-COMP-02,215,2.495,58.37,29.44,False
VPW-AIR-COMP-02,216,2.46,58.85,35.39,False
VPW-AIR-COMP-02,217,2.539,57.94,37.98,False
VPW-AIR-COMP-02,218,2.44,58.26,32.06,False
VPW-AIR-COMP-02,219,2.598,59.86,28.31,False
VPW-AIR-COMP-02,220,2.435,58.85,25.93,False
VPW-AIR-COMP-02,221,2.592,58.18,34.39,False
VPW-AIR-COMP-02,222,2.43,58.93,25.07,False
VPW-AIR-COMP-02,223,2.556,58.98,29.73,False
VPW-AIR-COMP-02,224,2.633,57.82,45.59,False
VPW-AIR-COMP-02,225,2.674,57.86,29.51,False
VPW-AIR-COMP-02,226,2.596,58.51,24.25,False
VPW-AIR-COMP-02,227,2.612,58.54,40.03,False
VPW-AIR-COMP-02,228,2.723,59.2,19.72,False
VPW-AIR-COMP-02,229,2.771,57.51,18.51,False
VPW-AIR-COMP-02,230,2.881,58.12,31.01,False
VPW-AIR-COMP-02,231,2.749,57.48,35.13,False
VPW-AIR-COMP-02,232,2.841,57.69,20.92,False
VPW-AIR-COMP-02,233,2.729,58.91,19.69,False
VPW-AIR-COMP-02,234,2.801,57.72,43.9,False
VPW-AIR-COMP-02,235,2.631,57.07,31.52,False
VPW-AIR-COMP-02,236,2.857,56.67,33.45,False
VPW-AIR-COMP-02,237,2.915,57.31,39.49,False
VPW-AIR-COMP-02,238,2.829,56.61,22.92,False
VPW-AIR-COMP-02,239,2.817,57.22,36.27,False
VPW-AIR-COMP-02,240,2.915,58.26,42.84,False
VPW-AIR-COMP-02,241,2.729,57.71,27.68,False
VPW-AIR-COMP-02,242,2.804,58.51,38.19,False
VPW-AIR-COMP-02,243,3.051,57.3,26.61,False
VPW-AIR-COMP-02,244,2.87,58.41,42.34,False
VPW-AIR-COMP-02,245,2.916,57.18,30.21,False
VPW-AIR-COMP-02,246,2.958,56.34,42.6,False
VPW-AIR-COMP-02,247,2.774,57.04,42.08,False
VPW-AIR-COMP-02,248,2.734,58.4,25.52,False
VPW-AIR-COMP-02,249,2.955,56.99,35.98,False
VPW-AIR-COMP-02,250,2.972,56.68,30.41,False
VPW-AIR-COMP-02,251,2.717,57.9,23.29,False
VPW-AIR-COMP-02,252,2.85,56.09,42.34,False
VPW-AIR-COMP-02,253,2.846,56.36,31.42,False
VPW-AIR-COMP-02,254,2.891,56.66,35.69,False
VPW-AIR-COMP-02,255,2.839,55.79,36.55,False
VPW-AIR-COMP-02,256,2.914,58.75,20.25,False
VPW-AIR-COMP-02,257,2.943,57.57,40.36,False
VPW-AIR-COMP-02,258,2.812,55.77,22.48,False
VPW-AIR-COMP-02,259,2.787,57.06,19.37,False
VPW-AIR-COMP-02,260,2.743,56.88,31.12,False
VPW-AIR-COMP-02,261,2.61,56.79,40.36,False
VPW-AIR-COMP-02,262,2.597,57.0,21.82,False
VPW-AIR-COMP-02,263,2.794,57.72,19.81,False
VPW-AIR-COMP-02,264,2.71,57.08,24.81,False
VPW-AIR-COMP-02,265,2.746,58.04,43.2,False
VPW-AIR-COMP-02,266,2.642,56.41,39.23,False
VPW-AIR-COMP-02,267,2.659,57.22,23.58,False
VPW-AIR-COMP-02,268,2.602,57.63,37.29,False
VPW-AIR-COMP-02,269,2.576,56.78,45.35,False
VPW-AIR-COMP-02,270,2.498,55.99,31.97,False
VPW-AIR-COMP-02,271,2.604,57.45,25.3,False
VPW-AIR-COMP-02,272,2.561,58.49,37.65,False
VPW-AIR-COMP-02,273,2.688,56.6,41.34,False
VPW-AIR-COMP-02,274,2.571,56.22,21.65,False
VPW-AIR-COMP-02,275,2.557,57.46,32.92,False
VPW-AIR-COMP-02,276,2.459,56.64,33.45,False
VPW-AIR-COMP-02,277,2.605,58.47,40.88,False
VPW-AIR-COMP-02,278,2.582,55.76,21.0,False
VPW-AIR-COMP-02,279,2.553,56.97,22.49,False
VPW-AIR-COMP-02,280,2.474,58.15,34.21,False
VPW-AIR-COMP-02,281,2.507,57.11,18.52,False
VPW-AIR-COMP-02,282,2.226,56.11,31.64,False
VPW-AIR-COMP-02,283,2.485,59.08,19.17,False
VPW-AIR-COMP-02,284,2.539,56.43,42.85,False
VPW-AIR-COMP-02,285,2.359,57.31,43.03,False
VPW-AIR-COMP-02,286,2.366,58.55,24.77,False
VPW-AIR-COMP-02,287,2.503,56.24,44.44,False
VPW-AIR-COMP-02,288,2.47,57.02,24.18,False
VPW-AIR-COMP-02,289,2.719,57.24,40.63,False
VPW-AIR-COMP-02,290,2.438,58.02,26.07,False
VPW-AIR-COMP-02,291,2.619,58.8,38.67,False
VPW-AIR-COMP-02,292,2.747,58.48,27.32,False
VPW-AIR-COMP-02,293,2.624,58.57,43.32,False
VPW-AIR-COMP-02,294,2.594,57.77,19.11,False
VPW-AIR-COMP-02,295,2.591,57.44,28.21,False
VPW-AIR-COMP-02,296,2.816,58.56,43.77,False
VPW-AIR-COMP-02,297,2.671,57.6,40.95,False
VPW-AIR-COMP-02,298,2.679,58.53,44.86,False
VPW-AIR-COMP-02,299,2.623,58.97,24.82,False
VPW-AIR-COMP-02,300,2.722,58.81,30.93,False
VPW-AIR-COMP-02,301,2.774,57.78,32.16,False
VPW-AIR-COMP-02,302,2.591,58.77,42.87,False
VPW-AIR-COMP-02,303,2.64,58.86,44.08,False
VPW-AIR-COMP-02,304,2.752,58.97,21.82,False
VPW-AIR-COMP-02,305,2.956,58.86,26.43,False
VPW-AIR-COMP-02,306,2.857,58.7,41.68,False
VPW-AIR-COMP-02,307,2.859,58.76,22.57,False
VPW-AIR-COMP-02,308,2.744,59.83,45.19,False
VPW-AIR-COMP-02,309,2.854,57.99,22.21,False
VPW-AIR-COMP-02,310,2.786,58.76,43.59,False
VPW-AIR-COMP-02,311,2.758,57.87,23.83,False
VPW-AIR-COMP-02,312,2.95,59.06,43.21,False
VPW-AIR-COMP-02,313,2.928,60.03,20.25,False
VPW-AIR-COMP-02,314,2.988,59.58,40.08,False
VPW-AIR-COMP-02,315,2.827,58.01,44.21,False
VPW-AIR-COMP-02,316,2.972,59.52,33.2,False
VPW-AIR-COMP-02,317,2.763,59.92,43.61,False
VPW-AIR-COMP-02,318,2.977,58.5,40.2,False
VPW-AIR-COMP-02,319,2.971,59.73,38.49,False
VPW-AIR-COMP-02,320,3.07,59.88,35.33,False
VPW-AIR-COMP-02,321,3.068,60.34,31.46,False
VPW-AIR-COMP-02,322,2.858,59.57,40.01,False
VPW-AIR-COMP-02,323,2.886,59.89,40.62,False
VPW-AIR-COMP-02,324,2.878,60.77,33.2,False
VPW-AIR-COMP-02,325,2.896,60.46,43.1,False
VPW-AIR-COMP-02,326,2.88,58.98,33.98,False
VPW-AIR-COMP-02,327,2.908,59.86,34.46,False
VPW-AIR-COMP-02,328,2.985,61.6,46.44,False
VPW-AIR-COMP-02,329,2.836,58.98,26.36,False
VPW-AIR-COMP-02,330,3.084,60.57,42.87,False
VPW-AIR-COMP-02,331,2.966,60.02,37.77,False
VPW-AIR-COMP-02,332,2.877,60.92,35.69,False
VPW-AIR-COMP-02,333,2.807,60.78,37.12,False
VPW-AIR-COMP-02,334,2.87,61.45,43.74,False
VPW-AIR-COMP-02,335,2.804,59.89,31.22,False
VPW-AIR-COMP-02,336,2.839,59.43,33.43,False
VPW-AIR-COMP-02,337,2.861,60.47,36.73,False
VPW-AIR-COMP-02,338,2.718,62.23,18.64,False
VPW-AIR-COMP-02,339,2.708,61.54,36.17,False
VPW-AIR-COMP-02,340,2.703,59.9,29.96,False
VPW-AIR-COMP-02,341,2.748,60.25,28.52,False
VPW-AIR-COMP-02,342,2.73,59.82,26.6,False
VPW-AIR-COMP-02,343,2.747,60.87,28.21,False
VPW-AIR-COMP-02,344,2.607,60.29,27.25,False
VPW-AIR-COMP-02,345,2.626,60.96,28.6,False
VPW-AIR-COMP-02,346,2.689,60.61,35.01,False
VPW-AIR-COMP-02,347,2.528,58.92,18.43,False
VPW-AIR-COMP-02,348,2.565,60.26,26.58,False
VPW-AIR-COMP-02,349,2.621,59.58,42.51,False
VPW-AIR-COMP-02,350,2.477,60.25,39.37,False
VPW-AIR-COMP-02,351,2.501,59.53,20.56,False
VPW-AIR-COMP-02,352,2.546,60.71,27.05,False
VPW-AIR-COMP-02,353,2.53,59.18,25.9,False
VPW-AIR-COMP-02,354,2.491,61.06,22.19,False
VPW-AIR-COMP-02,355,2.702,59.92,22.15,False
VPW-AIR-COMP-02,356,2.465,60.77,45.27,False
VPW-AIR-COMP-02,357,2.583,60.1,29.5,False
VPW-AIR-COMP-02,358,2.469,60.1,25.57,False
VPW-AIR-COMP-02,359,2.359,60.15,41.65,False
VPW-AIR-COMP-02,360,2.493,60.07,39.64,False
VPW-AIR-COMP-02,361,2.674,58.58,45.3,False
VPW-AIR-COMP-02,362,2.527,59.26,26.37,False
VPW-AIR-COMP-02,363,2.679,60.66,36.45,False
VPW-AIR-COMP-02,364,2.389,59.17,20.55,False
VPW-AIR-COMP-02,365,2.386,59.03,26.77,False
VPW-AIR-COMP-02,366,2.55,60.62,32.7,False
VPW-AIR-COMP-02,367,2.591,59.55,36.71,False
VPW-AIR-COMP-02,368,2.726,58.9,25.62,False
VPW-AIR-COMP-02,369,2.612,58.9,19.73,False
VPW-AIR-COMP-02,370,2.709,57.86,26.62,False
VPW-AIR-COMP-02,371,2.802,58.73,20.22,False
VPW-AIR-COMP-02,372,2.592,58.48,21.03,False
VPW-AIR-COMP-02,373,2.745,58.71,41.75,False
VPW-AIR-COMP-02,374,2.594,57.78,23.15,False
VPW-AIR-COMP-02,375,2.54,58.88,19.77,False
VPW-AIR-COMP-02,376,2.793,59.45,25.66,False
VPW-AIR-COMP-02,377,2.776,57.98,24.46,False
VPW-AIR-COMP-02,378,2.716,59.13,25.6,False
VPW-AIR-COMP-02,379,2.732,57.85,24.59,False
VPW-AIR-COMP-02,380,2.929,58.77,21.39,False
VPW-AIR-COMP-02,381,2.806,58.02,30.99,False
VPW-AIR-COMP-02,382,2.847,58.58,39.0,False
VPW-AIR-COMP-02,383,2.787,57.58,28.78,False
VPW-AIR-COMP-02,384,2.816,58.44,27.76,False
VPW-AIR-COMP-02,385,2.915,56.29,41.47,False
VPW-AIR-COMP-02,386,2.894,58.16,20.3,False
VPW-AIR-COMP-02,387,2.897,57.0,27.71,False
VPW-AIR-COMP-02,388,2.931,57.83,20.25,False
VPW-AIR-COMP-02,389,2.866,57.66,33.77,False
VPW-AIR-COMP-02,390,3.023,58.07,43.01,False
VPW-AIR-COMP-02,391,2.993,58.24,40.63,False
VPW-AIR-COMP-02,392,3.094,56.57,33.02,False
VPW-AIR-COMP-02,393,2.782,58.04,23.43,False
VPW-AIR-COMP-02,394,3.074,59.67,37.49,False
VPW-AIR-COMP-02,395,3.0,58.45,36.91,False
VPW-AIR-COMP-02,396,2.953,58.26,36.58,False
VPW-AIR-COMP-02,397,3.033,57.04,27.45,False
VPW-AIR-COMP-02,398,3.111,56.99,30.27,False
VPW-AIR-COMP-02,399,2.911,57.26,31.89,False
VPW-AIR-COMP-02,400,2.99,57.1,19.84,False
VPW-AIR-COMP-02,401,2.84,57.24,39.82,False
VPW-AIR-COMP-02,402,2.892,58.34,19.15,False
VPW-AIR-COMP-02,403,3.086,58.46,45.08,False
VPW-AIR-COMP-02,404,2.979,56.22,31.25,False
VPW-AIR-COMP-02,405,2.874,57.24,18.26,False
VPW-AIR-COMP-02,406,2.811,57.86,32.29,False
VPW-AIR-COMP-02,407,2.845,55.9,25.56,False
VPW-AIR-COMP-02,408,2.903,57.93,38.58,False
VPW-AIR-COMP-02,409,2.834,57.3,44.29,False
VPW-AIR-COMP-02,410,2.793,56.72,21.27,False
VPW-AIR-COMP-02,411,2.711,57.79,38.33,False
VPW-AIR-COMP-02,412,2.65,57.78,29.04,False
VPW-AIR-COMP-02,413,2.425,57.2,24.44,False
VPW-AIR-COMP-02,414,2.63,56.83,19.84,False
VPW-AIR-COMP-02,415,2.731,56.16,20.54,False
VPW-AIR-COMP-02,416,2.658,57.1,33.1,False
VPW-AIR-COMP-02,417,2.699,56.92,33.46,False
VPW-AIR-COMP-02,418,2.786,57.66,23.89,False
VPW-AIR-COMP-02,419,2.459,57.62,27.09,False
VPW-AIR-COMP-02,420,2.646,58.67,20.49,False
VPW-AIR-COMP-02,421,2.663,56.45,39.24,False
VPW-AIR-COMP-02,422,2.427,56.09,44.85,False
VPW-AIR-COMP-02,423,2.757,56.85,28.93,False
VPW-AIR-COMP-02,424,2.627,55.09,26.81,False
VPW-AIR-COMP-02,425,2.609,56.93,20.49,False
VPW-AIR-COMP-02,426,2.609,57.91,34.75,False
VPW-AIR-COMP-02,427,2.561,58.68,32.17,False
VPW-AIR-COMP-02,428,2.381,58.41,18.82,False
VPW-AIR-COMP-02,429,2.442,56.85,37.58,False
VPW-AIR-COMP-02,430,2.457,58.12,42.53,False
VPW-AIR-COMP-02,431,2.465,56.93,44.0,False
VPW-AIR-COMP-02,432,2.511,57.74,33.67,False
VPW-AIR-COMP-02,433,2.555,56.86,36.7,False
VPW-AIR-COMP-02,434,2.637,57.81,34.22,False
VPW-AIR-COMP-02,435,2.593,58.79,29.09,False
VPW-AIR-COMP-02,436,2.466,57.89,45.35,False
VPW-AIR-COMP-02,437,2.717,58.53,41.45,False
VPW-AIR-COMP-02,438,2.634,56.59,23.95,False
VPW-AIR-COMP-02,439,2.475,58.49,43.28,False
VPW-AIR-COMP-02,440,2.749,57.3,46.73,False
VPW-AIR-COMP-02,441,2.68,58.31,22.58,False
VPW-AIR-COMP-02,442,2.507,58.14,20.48,False
VPW-AIR-COMP-02,443,2.441,59.22,43.51,False
VPW-AIR-COMP-02,444,2.66,56.8,38.67,False
VPW-AIR-COMP-02,445,2.497,58.1,35.27,False
VPW-AIR-COMP-02,446,2.661,59.24,23.75,False
VPW-AIR-COMP-02,447,2.656,59.61,44.63,False
VPW-AIR-COMP-02,448,2.7,58.4,34.75,False
VPW-AIR-COMP-02,449,2.761,57.91,20.66,False
VPW-AIR-COMP-02,450,2.772,57.36,21.75,False
VPW-AIR-COMP-02,451,2.745,58.78,35.98,False
VPW-AIR-COMP-02,452,2.841,58.36,31.57,False
VPW-AIR-COMP-02,453,2.751,59.03,44.83,False
VPW-AIR-COMP-02,454,2.77,59.27,30.93,False
VPW-AIR-COMP-02,455,2.757,58.79,35.74,False
VPW-AIR-COMP-02,456,2.769,59.26,28.27,False
VPW-AIR-COMP-02,457,2.8,58.81,21.12,False
VPW-AIR-COMP-02,458,2.964,59.73,32.29,False
VPW-AIR-COMP-02,459,2.967,58.93,19.48,False
VPW-AIR-COMP-02,460,2.798,58.74,32.12,False
VPW-AIR-COMP-02,461,2.901,58.69,24.3,False
VPW-AIR-COMP-02,462,2.823,58.67,23.42,False
VPW-AIR-COMP-02,463,2.93,61.16,27.67,False
VPW-AIR-COMP-02,464,2.974,59.16,30.89,False
VPW-AIR-COMP-02,465,2.966,59.92,36.59,False
VPW-AIR-COMP-02,466,3.227,60.01,29.0,False
VPW-AIR-COMP-02,467,2.939,59.59,38.4,False
VPW-AIR-COMP-02,468,2.971,60.32,38.1,False
VPW-AIR-COMP-02,469,3.099,59.92,24.46,False
VPW-AIR-COMP-02,470,3.072,60.65,22.45,False
VPW-AIR-COMP-02,471,3.024,58.93,28.53,False
VPW-AIR-COMP-02,472,2.921,59.23,30.58,False
VPW-AIR-COMP-02,473,2.915,59.89,39.68,False
VPW-AIR-COMP-02,474,2.945,57.57,31.14,False
VPW-AIR-COMP-02,475,2.882,59.95,28.13,False
VPW-AIR-COMP-02,476,2.867,59.14,39.91,False
VPW-AIR-COMP-02,477,2.861,60.36,28.32,False
VPW-AIR-COMP-02,478,3.072,61.19,36.21,False
VPW-AIR-COMP-02,479,2.872,61.11,28.6,False
VPW-AIR-COMP-02,480,2.894,60.11,24.1,False
VPW-AIR-COMP-02,481,2.943,59.44,36.83,False
VPW-AIR-COMP-02,482,2.737,60.54,31.16,False
VPW-AIR-COMP-02,483,2.964,61.24,19.13,False
VPW-AIR-COMP-02,484,2.875,61.69,32.18,False
VPW-AIR-COMP-02,485,2.937,61.69,25.9,False
VPW-AIR-COMP-02,486,2.853,59.59,27.57,False
VPW-AIR-COMP-02,487,2.771,60.8,44.85,False
VPW-AIR-COMP-02,488,2.611,61.11,35.32,False
VPW-AIR-COMP-02,489,2.823,62.48,25.0,False
VPW-AIR-COMP-02,490,2.745,61.43,39.49,False
VPW-AIR-COMP-02,491,2.929,59.26,29.26,False
VPW-AIR-COMP-02,492,2.609,59.77,27.0,False
VPW-AIR-COMP-02,493,2.722,60.91,36.21,False
VPW-AIR-COMP-02,494,2.925,60.55,42.51,False
VPW-AIR-COMP-02,495,2.555,60.34,18.25,False
VPW-AIR-COMP-02,496,2.592,60.81,25.39,False
VPW-AIR-COMP-02,497,2.596,61.22,31.18,False
VPW-AIR-COMP-02,498,2.589,60.89,45.32,False
VPW-AIR-COMP-02,499,2.704,59.75,42.83,False
VPW-AIR-COMP-02,500,2.722,60.22,22.25,False
VPW-AIR-COMP-02,501,2.599,59.85,35.64,False
VPW-AIR-COMP-02,502,2.562,60.87,21.3,False
VPW-AIR-COMP-02,503,2.691,61.06,21.97,False
VPW-AIR-COMP-02,504,2.66,60.56,28.17,False
VPW-AIR-COMP-02,505,2.627,58.36,38.6,False
VPW-AIR-COMP-02,506,2.586,59.91,29.29,False
VPW-AIR-COMP-02,507,2.624,60.13,45.33,False
VPW-AIR-COMP-02,508,2.526,59.03,42.6,False
VPW-AIR-COMP-02,509,2.604,61.58,17.71,False
VPW-AIR-COMP-02,510,2.527,60.31,20.88,False
VPW-AIR-COMP-02,511,2.55,60.39,34.71,False
VPW-AIR-COMP-02,512,2.619,59.98,40.43,False
VPW-AIR-COMP-02,513,2.616,59.77,43.98,False
VPW-AIR-COMP-02,514,2.631,59.88,24.35,False
VPW-AIR-COMP-02,515,2.685,59.11,32.07,False
VPW-AIR-COMP-02,516,2.697,60.12,39.6,False
VPW-AIR-COMP-02,517,2.569,60.77,40.01,False
VPW-AIR-COMP-02,518,2.794,59.39,29.12,False
VPW-AIR-COMP-02,519,2.441,60.24,25.66,False
VPW-AIR-COMP-02,520,2.645,61.12,36.72,False
VPW-AIR-COMP-02,521,2.823,59.17,24.04,False
VPW-AIR-COMP-02,522,2.592,60.36,31.87,False
VPW-AIR-COMP-02,523,2.759,59.58,28.88,False
VPW-AIR-COMP-02,524,2.757,59.55,18.25,False
VPW-AIR-COMP-02,525,2.759,59.55,21.54,False
VPW-AIR-COMP-02,526,2.815,59.12,35.1,False
VPW-AIR-COMP-02,527,2.824,59.25,29.89,False
VPW-AIR-COMP-02,528,2.841,60.28,24.82,False
VPW-AIR-COMP-02,529,2.83,59.22,18.7,False
VPW-AIR-COMP-02,530,2.915,58.65,35.5,False
VPW-AIR-COMP-02,531,2.926,58.7,21.85,False
VPW-AIR-COMP-02,532,2.878,58.19,38.02,False
VPW-AIR-COMP-02,533,2.869,60.74,18.83,False
VPW-AIR-COMP-02,534,2.798,57.28,37.58,False
VPW-AIR-COMP-02,535,2.94,59.12,35.48,False
VPW-AIR-COMP-02,536,2.911,58.11,42.02,False
VPW-AIR-COMP-02,537,3.024,60.85,28.53,False
VPW-AIR-COMP-02,538,2.899,57.99,21.19,False
VPW-AIR-COMP-02,539,2.964,57.59,35.58,False
VPW-AIR-COMP-02,540,3.183,57.88,38.14,False
VPW-AIR-COMP-02,541,3.065,58.93,36.76,False
VPW-AIR-COMP-02,542,2.967,58.88,27.64,False
VPW-AIR-COMP-02,543,3.023,58.74,18.2,False
VPW-AIR-COMP-02,544,3.079,57.85,35.58,False
VPW-AIR-COMP-02,545,3.012,57.64,26.2,False
VPW-AIR-COMP-02,546,3.07,57.14,39.01,False
VPW-AIR-COMP-02,547,2.87,58.56,43.75,False
VPW-AIR-COMP-02,548,3.016,59.01,42.23,False
VPW-AIR-COMP-02,549,3.089,57.74,29.0,False
VPW-AIR-COMP-02,550,2.991,58.23,35.44,False
VPW-AIR-COMP-02,551,3.138,57.38,29.59,False
VPW-AIR-COMP-02,552,3.127,58.33,21.22,False
VPW-AIR-COMP-02,553,2.875,56.97,37.03,False
VPW-AIR-COMP-02,554,3.16,57.71,45.96,False
VPW-AIR-COMP-02,555,2.902,57.2,40.91,False
VPW-AIR-COMP-02,556,2.914,57.24,32.77,False
VPW-AIR-COMP-02,557,2.764,56.58,30.91,False
VPW-AIR-COMP-02,558,2.965,56.43,25.77,False
VPW-AIR-COMP-02,559,2.759,56.77,29.23,False
VPW-AIR-COMP-02,560,2.812,56.97,22.07,False
VPW-AIR-COMP-02,561,2.951,57.99,30.47,False
VPW-AIR-COMP-02,562,2.773,56.05,40.07,False
VPW-AIR-COMP-02,563,3.001,57.23,26.3,False
VPW-AIR-COMP-02,564,2.757,58.24,25.58,False
VPW-AIR-COMP-02,565,2.812,57.76,31.06,False
VPW-AIR-COMP-02,566,2.716,57.91,39.78,False
VPW-AIR-COMP-02,567,2.672,57.72,35.33,False
VPW-AIR-COMP-02,568,2.562,56.91,28.11,False
VPW-AIR-COMP-02,569,2.715,57.25,41.93,False
VPW-AIR-COMP-02,570,2.696,59.42,22.14,False
VPW-AIR-COMP-02,571,2.705,56.99,45.39,False
VPW-AIR-COMP-02,572,2.676,57.32,24.89,False
VPW-AIR-COMP-02,573,2.669,57.89,34.54,False
VPW-AIR-COMP-02,574,2.756,58.55,37.64,False
VPW-AIR-COMP-02,575,2.75,58.33,23.18,False
VPW-AIR-COMP-02,576,2.656,57.03,19.7,False
VPW-AIR-COMP-02,577,2.615,58.66,31.17,False
VPW-AIR-COMP-02,578,2.639,57.02,32.55,False
VPW-AIR-COMP-02,579,2.556,58.03,24.37,False
VPW-AIR-COMP-02,580,2.712,57.66,38.27,False
VPW-AIR-COMP-02,581,2.505,58.18,37.65,False
VPW-AIR-COMP-02,582,2.84,57.8,20.84,False
VPW-AIR-COMP-02,583,2.525,57.01,21.0,False
VPW-AIR-COMP-02,584,2.559,58.08,29.63,False
VPW-AIR-COMP-02,585,2.629,58.63,37.64,False
VPW-AIR-COMP-02,586,2.671,58.45,29.51,False
VPW-AIR-COMP-02,587,2.657,57.82,23.34,False
VPW-AIR-COMP-02,588,2.681,58.62,37.84,False
VPW-AIR-COMP-02,589,2.564,58.17,25.75,False
VPW-AIR-COMP-02,590,2.521,57.57,34.27,False
VPW-AIR-COMP-02,591,2.559,57.47,22.66,False
VPW-AIR-COMP-02,592,2.718,58.33,39.11,False
VPW-AIR-COMP-02,593,2.723,58.49,44.7,False
VPW-AIR-COMP-02,594,2.637,59.3,35.86,False
VPW-AIR-COMP-02,595,2.704,58.49,30.12,False
VPW-AIR-COMP-02,596,2.667,58.11,33.61,False
VPW-AIR-COMP-02,597,2.773,57.97,45.19,False
VPW-AIR-COMP-02,598,2.77,60.93,26.85,False
VPW-AIR-COMP-02,599,2.796,58.9,39.21,False
VPW-AIR-COMP-02,600,2.728,58.24,28.7,False
VPW-AIR-COMP-02,601,2.857,58.31,41.99,False
VPW-AIR-COMP-02,602,2.833,58.42,26.81,False
VPW-AIR-COMP-02,603,2.682,61.28,32.54,False
VPW-AIR-COMP-02,604,2.871,59.23,25.91,False
VPW-AIR-COMP-02,605,2.77,59.76,42.86,False
VPW-AIR-COMP-02,606,2.738,60.95,36.0,False
VPW-AIR-COMP-02,607,2.836,59.72,18.43,False
VPW-AIR-COMP-02,608,2.931,60.89,39.97,False
VPW-AIR-COMP-02,609,2.887,60.63,28.32,False
VPW-AIR-COMP-02,610,2.921,60.7,19.11,False
VPW-AIR-COMP-02,611,2.959,61.23,39.05,False
VPW-AIR-COMP-02,612,2.997,60.61,42.41,False
VPW-AIR-COMP-02,613,2.826,59.89,32.5,False
VPW-AIR-COMP-02,614,3.086,58.88,28.35,False
VPW-AIR-COMP-02,615,3.025,59.17,28.0,False
VPW-AIR-COMP-02,616,2.934,59.44,32.46,False
VPW-AIR-COMP-02,617,3.019,59.75,31.45,False
VPW-AIR-COMP-02,618,3.189,59.22,18.13,False
VPW-AIR-COMP-02,619,2.949,58.33,37.91,False
VPW-AIR-COMP-02,620,3.031,58.92,43.85,False
VPW-AIR-COMP-02,621,2.954,60.84,41.87,False
VPW-AIR-COMP-02,622,2.986,61.91,28.36,False
VPW-AIR-COMP-02,623,3.053,60.72,42.15,False
VPW-AIR-COMP-02,624,3.112,60.95,23.46,False
VPW-AIR-COMP-02,625,3.003,61.02,39.06,False
VPW-AIR-COMP-02,626,3.096,60.43,44.09,False
VPW-AIR-COMP-02,627,3.022,59.98,20.37,False
VPW-AIR-COMP-02,628,3.039,59.45,39.83,False
VPW-AIR-COMP-02,629,2.943,60.74,44.55,False
VPW-AIR-COMP-02,630,2.971,60.2,42.06,False
VPW-AIR-COMP-02,631,2.921,59.53,37.46,False
VPW-AIR-COMP-02,632,2.999,61.95,22.49,False
VPW-AIR-COMP-02,633,2.754,61.39,28.4,False
VPW-AIR-COMP-02,634,2.968,59.4,43.14,False
VPW-AIR-COMP-02,635,2.794,61.51,43.38,False
VPW-AIR-COMP-02,636,2.988,59.78,42.2,False
VPW-AIR-COMP-02,637,3.011,60.5,46.0,False
VPW-AIR-COMP-02,638,2.742,59.96,27.28,False
VPW-AIR-COMP-02,639,2.792,62.26,33.78,False
VPW-AIR-COMP-02,640,2.97,61.08,19.42,False
VPW-AIR-COMP-02,641,2.777,60.63,18.58,False
VPW-AIR-COMP-02,642,2.702,60.11,33.12,False
VPW-AIR-COMP-02,643,2.799,58.94,18.39,False
VPW-AIR-COMP-02,644,2.874,60.84,34.92,False
VPW-AIR-COMP-02,645,2.743,60.95,24.43,False
VPW-AIR-COMP-02,646,2.74,61.58,24.32,False
VPW-AIR-COMP-02,647,2.597,61.76,33.82,False
VPW-AIR-COMP-02,648,2.76,61.32,38.27,False
VPW-AIR-COMP-02,649,2.684,61.21,20.52,False
VPW-AIR-COMP-02,650,2.667,59.48,38.87,False
VPW-AIR-COMP-02,651,2.719,61.58,20.09,False
VPW-AIR-COMP-02,652,2.677,59.84,20.56,False
VPW-AIR-COMP-02,653,2.56,60.02,33.99,False
VPW-AIR-COMP-02,654,2.58,60.96,30.64,False
VPW-AIR-COMP-02,655,2.668,60.95,42.77,False
VPW-AIR-COMP-02,656,2.671,60.22,23.88,False
VPW-AIR-COMP-02,657,2.641,60.86,24.88,False
VPW-AIR-COMP-02,658,2.607,59.76,32.48,False
VPW-AIR-COMP-02,659,2.658,61.11,22.59,False
VPW-AIR-COMP-02,660,2.486,60.23,28.48,False
VPW-AIR-COMP-02,661,2.599,58.68,18.69,False
VPW-AIR-COMP-02,662,2.696,61.45,41.24,False
VPW-AIR-COMP-02,663,2.62,60.97,34.9,False
VPW-AIR-COMP-02,664,2.544,60.58,18.36,False
VPW-AIR-COMP-02,665,2.738,61.4,19.66,False
VPW-AIR-COMP-02,666,2.732,60.43,44.81,False
VPW-AIR-COMP-02,667,2.73,60.82,35.14,False
VPW-AIR-COMP-02,668,2.699,59.42,26.82,False
VPW-AIR-COMP-02,669,2.662,60.18,25.75,False
VPW-AIR-COMP-02,670,2.758,60.02,34.33,False
VPW-AIR-COMP-02,671,2.572,60.67,26.72,False
VPW-AIR-COMP-02,672,2.688,59.69,42.99,False
VPW-AIR-COMP-02,673,2.64,60.37,37.21,False
VPW-AIR-COMP-02,674,2.888,60.63,18.25,False
VPW-AIR-COMP-02,675,2.644,58.88,30.6,False
VPW-AIR-COMP-02,676,2.665,60.54,43.65,False
VPW-AIR-COMP-02,677,2.939,58.94,27.09,False
VPW-AIR-COMP-02,678,2.801,59.77,40.09,False
VPW-AIR-COMP-02,679,2.771,61.19,27.73,False
VPW-AIR-COMP-02,680,2.885,59.29,41.13,False
VPW-AIR-COMP-02,681,2.963,60.08,36.64,False
VPW-AIR-COMP-02,682,2.896,59.97,37.67,False
VPW-AIR-COMP-02,683,2.875,59.33,41.02,False
VPW-AIR-COMP-02,684,2.864,58.52,28.2,False
VPW-AIR-COMP-02,685,2.968,59.84,29.07,False
VPW-AIR-COMP-02,686,2.872,60.1,39.21,False
VPW-AIR-COMP-02,687,3.03,59.28,28.02,False
VPW-AIR-COMP-02,688,2.95,58.25,31.1,False
VPW-AIR-COMP-02,689,3.16,57.73,18.46,False
VPW-AIR-COMP-02,690,2.824,58.85,39.54,False
VPW-AIR-COMP-02,691,2.847,58.24,35.37,False
VPW-AIR-COMP-02,692,3.118,58.26,37.92,False
VPW-AIR-COMP-02,693,3.162,58.7,31.48,False
VPW-AIR-COMP-02,694,3.089,57.99,39.57,False
VPW-AIR-COMP-02,695,2.893,58.38,27.15,False
VPW-AIR-COMP-02,696,2.966,58.09,35.78,False
VPW-AIR-COMP-02,697,2.987,57.21,24.6,False
VPW-AIR-COMP-02,698,3.061,58.37,45.2,False
VPW-AIR-COMP-02,699,3.119,58.56,44.2,False
VPW-AIR-COMP-02,700,3.089,59.66,31.59,False
VPW-AIR-COMP-02,701,2.938,58.45,29.06,False
VPW-AIR-COMP-02,702,3.082,58.19,41.7,False
VPW-AIR-COMP-02,703,3.145,57.73,25.92,False
VPW-AIR-COMP-02,704,2.967,58.87,18.83,False
VPW-AIR-COMP-02,705,3.055,58.94,36.61,False
VPW-AIR-COMP-02,706,2.939,58.21,39.25,False
VPW-AIR-COMP-02,707,2.992,59.03,31.14,False
VPW-AIR-COMP-02,708,2.99,58.29,44.17,False
VPW-AIR-COMP-02,709,2.922,59.42,33.75,False
VPW-AIR-COMP-02,710,2.89,58.27,38.77,False
VPW-AIR-COMP-02,711,2.89,59.29,27.7,False
VPW-AIR-COMP-02,712,3.095,59.27,32.52,False
VPW-AIR-COMP-02,713,2.96,58.07,38.09,False
VPW-AIR-COMP-02,714,2.998,57.83,25.94,False
VPW-AIR-COMP-02,715,2.88,59.79,24.7,False
VPW-AIR-COMP-02,716,2.774,56.54,38.17,False
VPW-AIR-COMP-02,717,2.88,57.4,31.66,False
VPW-AIR-COMP-02,718,2.766,58.14,28.65,False
VPW-AIR-COMP-02,719,2.821,59.4,29.96,False
VPW-IND-OVEN-01,0,1.823,47.19,44.3,False
VPW-IND-OVEN-01,1,1.942,47.88,19.63,False
VPW-IND-OVEN-01,2,1.827,47.68,42.84,False
VPW-IND-OVEN-01,3,2.002,46.89,19.89,False
VPW-IND-OVEN-01,4,1.805,48.37,33.58,False
VPW-IND-OVEN-01,5,1.761,47.13,34.78,False
VPW-IND-OVEN-01,6,1.969,47.18,21.77,False
VPW-IND-OVEN-01,7,1.96,47.15,43.33,False
VPW-IND-OVEN-01,8,2.049,48.18,30.87,False
VPW-IND-OVEN-01,9,2.083,46.34,42.6,False
VPW-IND-OVEN-01,10,2.033,46.75,25.93,False
VPW-IND-OVEN-01,11,1.853,48.77,22.85,False
VPW-IND-OVEN-01,12,2.118,48.38,26.09,False
VPW-IND-OVEN-01,13,1.848,45.93,32.22,False
VPW-IND-OVEN-01,14,2.159,47.2,24.23,False
VPW-IND-OVEN-01,15,1.994,48.26,35.48,False
VPW-IND-OVEN-01,16,2.195,46.46,44.76,False
VPW-IND-OVEN-01,17,2.184,47.19,41.16,False
VPW-IND-OVEN-01,18,2.052,47.49,18.08,False
VPW-IND-OVEN-01,19,2.072,49.15,25.04,False
VPW-IND-OVEN-01,20,2.075,46.56,41.06,False
VPW-IND-OVEN-01,21,2.154,47.9,34.84,False
VPW-IND-OVEN-01,22,2.092,46.81,21.76,False
VPW-IND-OVEN-01,23,1.979,47.86,32.78,False
VPW-IND-OVEN-01,24,2.038,48.92,29.57,False
VPW-IND-OVEN-01,25,1.885,47.32,21.01,False
VPW-IND-OVEN-01,26,2.231,48.49,39.57,False
VPW-IND-OVEN-01,27,1.937,48.04,23.9,False
VPW-IND-OVEN-01,28,1.9,49.53,37.52,False
VPW-IND-OVEN-01,29,1.957,49.82,23.83,False
VPW-IND-OVEN-01,30,2.016,47.45,42.31,False
VPW-IND-OVEN-01,31,1.831,48.44,26.36,False
VPW-IND-OVEN-01,32,2.006,47.91,23.36,False
VPW-IND-OVEN-01,33,1.888,47.62,24.74,False
VPW-IND-OVEN-01,34,1.975,48.33,30.19,False
VPW-IND-OVEN-01,35,1.781,49.75,39.12,False
VPW-IND-OVEN-01,36,1.825,48.1,34.11,False
VPW-IND-OVEN-01,37,1.915,48.42,21.1,False
VPW-IND-OVEN-01,38,1.944,49.36,19.68,False
VPW-IND-OVEN-01,39,1.862,48.09,22.41,False
VPW-IND-OVEN-01,40,1.847,47.29,29.13,False
VPW-IND-OVEN-01,41,1.815,49.07,41.09,False
VPW-IND-OVEN-01,42,1.738,49.7,35.87,False
VPW-IND-OVEN-01,43,1.747,47.5,37.69,False
VPW-IND-OVEN-01,44,1.779,47.08,21.35,False
VPW-IND-OVEN-01,45,1.784,46.97,18.89,False
VPW-IND-OVEN-01,46,1.686,48.04,30.15,False
VPW-IND-OVEN-01,47,1.703,49.27,33.13,False
VPW-IND-OVEN-01,48,1.769,49.58,43.05,False
VPW-IND-OVEN-01,49,1.897,50.21,34.54,False
VPW-IND-OVEN-01,50,1.827,48.88,34.04,False
VPW-IND-OVEN-01,51,1.809,48.71,41.97,False
VPW-IND-OVEN-01,52,1.805,46.18,27.5,False
VPW-IND-OVEN-01,53,1.844,47.7,37.61,False
VPW-IND-OVEN-01,54,1.562,48.01,44.98,False
VPW-IND-OVEN-01,55,1.728,47.99,22.96,False
VPW-IND-OVEN-01,56,1.717,48.63,44.17,False
VPW-IND-OVEN-01,57,1.573,47.61,26.43,False
VPW-IND-OVEN-01,58,1.604,48.38,22.87,False
VPW-IND-OVEN-01,59,1.611,48.25,22.06,False
VPW-IND-OVEN-01,60,1.563,48.38,23.92,False
VPW-IND-OVEN-01,61,1.613,47.61,40.87,False
VPW-IND-OVEN-01,62,1.626,47.5,43.97,False
VPW-IND-OVEN-01,63,1.64,47.06,44.13,False
VPW-IND-OVEN-01,64,1.738,47.66,21.03,False
VPW-IND-OVEN-01,65,1.658,48.35,28.76,False
VPW-IND-OVEN-01,66,1.783,49.52,19.17,False
VPW-IND-OVEN-01,67,1.816,46.3,38.91,False
VPW-IND-OVEN-01,68,1.722,46.95,21.62,False
VPW-IND-OVEN-01,69,1.814,47.17,35.12,False
VPW-IND-OVEN-01,70,1.819,48.53,20.57,False
VPW-IND-OVEN-01,71,1.789,46.79,40.49,False
VPW-IND-OVEN-01,72,1.804,47.18,38.09,False
VPW-IND-OVEN-01,73,1.872,46.54,26.52,False
VPW-IND-OVEN-01,74,1.88,47.46,24.65,False
VPW-IND-OVEN-01,75,1.752,47.88,41.01,False
VPW-IND-OVEN-01,76,1.771,46.01,40.88,False
VPW-IND-OVEN-01,77,1.891,46.86,40.18,False
VPW-IND-OVEN-01,78,1.874,46.75,34.7,False
VPW-IND-OVEN-01,79,1.955,46.2,31.35,False
VPW-IND-OVEN-01,80,1.882,45.58,43.91,False
VPW-IND-OVEN-01,81,1.86,46.21,24.44,False
VPW-IND-OVEN-01,82,1.864,46.25,34.73,False
VPW-IND-OVEN-01,83,1.948,45.77,41.23,False
VPW-IND-OVEN-01,84,2.152,46.9,43.75,False
VPW-IND-OVEN-01,85,2.009,47.38,21.96,False
VPW-IND-OVEN-01,86,1.999,45.73,20.66,False
VPW-IND-OVEN-01,87,2.024,46.02,33.29,False
VPW-IND-OVEN-01,88,2.114,46.25,25.73,False
VPW-IND-OVEN-01,89,1.915,47.11,24.11,False
VPW-IND-OVEN-01,90,1.973,46.43,23.4,False
VPW-IND-OVEN-01,91,1.95,46.53,44.59,False
VPW-IND-OVEN-01,92,1.934,46.49,31.51,False
VPW-IND-OVEN-01,93,2.103,45.89,43.59,False
VPW-IND-OVEN-01,94,2.008,44.76,38.36,False
VPW-IND-OVEN-01,95,1.95,45.78,19.45,False
VPW-IND-OVEN-01,96,2.096,47.29,34.26,False
VPW-IND-OVEN-01,97,2.111,44.83,36.18,False
VPW-IND-OVEN-01,98,2.086,46.08,44.43,False
VPW-IND-OVEN-01,99,2.313,45.01,25.98,False
VPW-IND-OVEN-01,100,1.982,44.09,35.74,False
VPW-IND-OVEN-01,101,1.873,45.83,33.54,False
VPW-IND-OVEN-01,102,1.967,46.1,28.31,False
VPW-IND-OVEN-01,103,2.09,46.18,37.26,False
VPW-IND-OVEN-01,104,2.114,44.45,21.9,False
VPW-IND-OVEN-01,105,1.979,47.04,38.27,False
VPW-IND-OVEN-01,106,1.831,46.6,31.18,False
VPW-IND-OVEN-01,107,1.849,45.57,31.12,False
VPW-IND-OVEN-01,108,1.877,46.2,34.38,False
VPW-IND-OVEN-01,109,2.015,44.56,40.75,False
VPW-IND-OVEN-01,110,1.929,46.29,29.15,False
VPW-IND-OVEN-01,111,1.925,44.95,38.48,False
VPW-IND-OVEN-01,112,1.824,45.2,34.36,False
VPW-IND-OVEN-01,113,1.914,46.65,44.77,False
VPW-IND-OVEN-01,114,1.922,45.86,36.32,False
VPW-IND-OVEN-01,115,1.662,45.36,29.22,False
VPW-IND-OVEN-01,116,1.934,46.3,32.76,False
VPW-IND-OVEN-01,117,1.962,45.89,31.28,False
VPW-IND-OVEN-01,118,1.779,46.27,25.84,False
VPW-IND-OVEN-01,119,1.656,45.29,32.21,False
VPW-IND-OVEN-01,120,1.831,45.35,40.74,False
VPW-IND-OVEN-01,121,1.738,44.38,27.79,False
VPW-IND-OVEN-01,122,1.803,44.66,18.55,False
VPW-IND-OVEN-01,123,1.747,46.6,38.89,False
VPW-IND-OVEN-01,124,1.698,45.11,30.45,False
VPW-IND-OVEN-01,125,1.634,45.7,36.99,False
VPW-IND-OVEN-01,126,1.559,46.41,40.59,False
VPW-IND-OVEN-01,127,1.522,45.67,39.4,False
VPW-IND-OVEN-01,128,1.786,45.09,25.89,False
VPW-IND-OVEN-01,129,1.772,45.6,28.18,False
VPW-IND-OVEN-01,130,1.676,45.05,38.65,False
VPW-IND-OVEN-01,131,1.603,45.81,30.25,False
VPW-IND-OVEN-01,132,1.523,46.32,35.82,False
VPW-IND-OVEN-01,133,1.663,45.35,28.61,False
VPW-IND-OVEN-01,134,1.646,45.4,38.35,False
VPW-IND-OVEN-01,135,1.713,45.8,32.18,False
VPW-IND-OVEN-01,136,1.73,45.78,45.71,False
VPW-IND-OVEN-01,137,1.663,47.65,20.65,False
VPW-IND-OVEN-01,138,1.71,45.94,25.7,False
VPW-IND-OVEN-01,139,1.632,45.82,25.97,False
VPW-IND-OVEN-01,140,1.812,46.72,26.69,False
VPW-IND-OVEN-01,141,1.664,47.29,19.52,False
VPW-IND-OVEN-01,142,1.658,47.3,24.68,False
VPW-IND-OVEN-01,143,1.845,47.83,42.94,False
VPW-IND-OVEN-01,144,1.773,47.72,43.62,False
VPW-IND-OVEN-01,145,1.757,48.49,30.03,False
VPW-IND-OVEN-01,146,1.657,46.07,30.78,False
VPW-IND-OVEN-01,147,1.772,46.56,40.27,False
VPW-IND-OVEN-01,148,1.875,47.17,44.53,False
VPW-IND-OVEN-01,149,1.813,46.95,22.03,False
VPW-IND-OVEN-01,150,1.853,45.92,30.28,False
VPW-IND-OVEN-01,151,1.896,46.15,37.49,False
VPW-IND-OVEN-01,152,2.006,47.87,26.8,False
VPW-IND-OVEN-01,153,1.898,46.69,29.29,False
VPW-IND-OVEN-01,154,1.897,47.72,38.72,False
VPW-IND-OVEN-01,155,1.92,47.86,35.55,False
VPW-IND-OVEN-01,156,1.867,48.22,21.95,False
VPW-IND-OVEN-01,157,1.99,48.13,31.62,False
VPW-IND-OVEN-01,158,2.131,46.26,43.48,False
VPW-IND-OVEN-01,159,1.998,47.54,34.82,False
VPW-IND-OVEN-01,160,2.059,48.69,34.0,False
VPW-IND-OVEN-01,161,1.937,48.48,26.26,False
VPW-IND-OVEN-01,162,2.062,48.23,25.91,False
VPW-IND-OVEN-01,163,2.141,49.29,27.3,False
VPW-IND-OVEN-01,164,2.2,47.48,45.43,False
VPW-IND-OVEN-01,165,2.159,47.72,22.35,False
VPW-IND-OVEN-01,166,2.138,48.54,37.07,False
VPW-IND-OVEN-01,167,2.152,47.5,25.35,False
VPW-IND-OVEN-01,168,2.102,48.18,33.32,False
VPW-IND-OVEN-01,169,2.169,47.93,40.32,False
VPW-IND-OVEN-01,170,2.197,47.83,19.53,False
VPW-IND-OVEN-01,171,2.191,48.17,36.2,False
VPW-IND-OVEN-01,172,2.085,47.82,28.5,False
VPW-IND-OVEN-01,173,2.248,50.06,31.8,False
VPW-IND-OVEN-01,174,2.012,49.23,44.84,False
VPW-IND-OVEN-01,175,2.097,48.3,43.75,False
VPW-IND-OVEN-01,176,2.041,48.04,19.42,False
VPW-IND-OVEN-01,177,2.086,47.67,21.43,False
VPW-IND-OVEN-01,178,2.11,49.54,38.8,False
VPW-IND-OVEN-01,179,2.035,48.04,37.79,False
VPW-IND-OVEN-01,180,1.953,49.89,24.46,False
VPW-IND-OVEN-01,181,2.024,48.33,36.51,False
VPW-IND-OVEN-01,182,1.911,48.66,38.75,False
VPW-IND-OVEN-01,183,1.894,47.97,43.55,False
VPW-IND-OVEN-01,184,1.843,49.0,32.88,False
VPW-IND-OVEN-01,185,2.051,47.65,40.33,False
VPW-IND-OVEN-01,186,1.853,49.65,37.81,False
VPW-IND-OVEN-01,187,1.811,49.55,28.11,False
VPW-IND-OVEN-01,188,1.895,49.5,34.47,False
VPW-IND-OVEN-01,189,1.797,47.78,32.06,False
VPW-IND-OVEN-01,190,1.779,48.07,41.03,False
VPW-IND-OVEN-01,191,1.811,48.78,35.99,False
VPW-IND-OVEN-01,192,1.96,47.91,31.77,False
VPW-IND-OVEN-01,193,1.68,47.85,40.47,False
VPW-IND-OVEN-01,194,1.846,49.56,27.12,False
VPW-IND-OVEN-01,195,1.673,48.24,45.9,False
VPW-IND-OVEN-01,196,1.68,49.82,33.9,False
VPW-IND-OVEN-01,197,1.905,48.44,39.69,False
VPW-IND-OVEN-01,198,1.783,48.45,40.54,False
VPW-IND-OVEN-01,199,1.79,49.54,43.07,False
VPW-IND-OVEN-01,200,1.818,48.44,26.35,False
VPW-IND-OVEN-01,201,1.761,48.57,21.65,False
VPW-IND-OVEN-01,202,1.669,48.36,28.52,False
VPW-IND-OVEN-01,203,1.636,48.52,24.69,False
VPW-IND-OVEN-01,204,1.61,48.7,23.75,False
VPW-IND-OVEN-01,205,1.69,47.1,26.39,False
VPW-IND-OVEN-01,206,1.836,47.47,29.39,False
VPW-IND-OVEN-01,207,1.62,47.56,27.07,False
VPW-IND-OVEN-01,208,1.738,48.01,21.65,False
VPW-IND-OVEN-01,209,1.727,48.8,41.05,False
VPW-IND-OVEN-01,210,1.676,46.07,20.95,False
VPW-IND-OVEN-01,211,1.707,49.42,38.03,False
VPW-IND-OVEN-01,212,1.638,47.85,30.51,False
VPW-IND-OVEN-01,213,1.634,48.45,43.34,False
VPW-IND-OVEN-01,214,1.471,48.65,39.32,False
VPW-IND-OVEN-01,215,1.804,47.73,39.17,False
VPW-IND-OVEN-01,216,1.862,46.97,38.96,False
VPW-IND-OVEN-01,217,1.621,46.94,34.88,False
VPW-IND-OVEN-01,218,1.698,48.74,21.84,False
VPW-IND-OVEN-01,219,1.87,48.64,43.3,False
VPW-IND-OVEN-01,220,1.873,47.65,37.82,False
VPW-IND-OVEN-01,221,1.861,46.85,35.02,False
VPW-IND-OVEN-01,222,1.767,49.87,38.27,False
VPW-IND-OVEN-01,223,1.818,48.39,24.05,False
VPW-IND-OVEN-01,224,1.943,47.06,34.67,False
VPW-IND-OVEN-01,225,1.913,48.66,39.76,False
VPW-IND-OVEN-01,226,1.821,48.61,39.99,False
VPW-IND-OVEN-01,227,2.011,47.88,41.54,False
VPW-IND-OVEN-01,228,2.102,47.42,18.94,False
VPW-IND-OVEN-01,229,2.048,47.12,38.91,False
VPW-IND-OVEN-01,230,2.136,47.21,33.44,False
VPW-IND-OVEN-01,231,1.98,46.07,44.56,False
VPW-IND-OVEN-01,232,2.08,46.37,18.44,False
VPW-IND-OVEN-01,233,2.126,47.09,37.82,False
VPW-IND-OVEN-01,234,2.147,47.18,44.68,False
VPW-IND-OVEN-01,235,1.851,47.9,38.17,False
VPW-IND-OVEN-01,236,1.944,47.0,20.14,False
VPW-IND-OVEN-01,237,2.154,46.8,37.81,False
VPW-IND-OVEN-01,238,2.2,46.34,44.65,False
VPW-IND-OVEN-01,239,2.242,47.26,28.12,False
VPW-IND-OVEN-01,240,2.189,47.19,40.54,False
VPW-IND-OVEN-01,241,2.244,46.92,37.8,False
VPW-IND-OVEN-01,242,1.892,45.17,44.77,False
VPW-IND-OVEN-01,243,2.026,46.42,37.04,False
VPW-IND-OVEN-01,244,2.224,45.43,40.63,False
VPW-IND-OVEN-01,245,2.236,46.03,24.35,False
VPW-IND-OVEN-01,246,2.114,46.62,25.34,False
VPW-IND-OVEN-01,247,2.177,45.99,32.02,False
VPW-IND-OVEN-01,248,2.189,47.33,34.53,False
VPW-IND-OVEN-01,249,2.19,46.97,20.57,False
VPW-IND-OVEN-01,250,2.14,44.97,35.67,False
VPW-IND-OVEN-01,251,2.14,47.15,29.53,False
VPW-IND-OVEN-01,252,2.095,44.93,21.57,False
VPW-IND-OVEN-01,253,2.108,45.14,35.32,False
VPW-IND-OVEN-01,254,2.057,46.27,36.48,False
VPW-IND-OVEN-01,255,2.076,45.86,44.0,False
VPW-IND-OVEN-01,256,2.024,47.04,38.76,False
VPW-IND-OVEN-01,257,2.17,45.83,31.56,False
VPW-IND-OVEN-01,258,1.968,45.05,43.54,False
VPW-IND-OVEN-01,259,2.008,46.6,41.84,False
VPW-IND-OVEN-01,260,1.903,45.96,16.88,False
VPW-IND-OVEN-01,261,1.985,46.85,45.51,False
VPW-IND-OVEN-01,262,1.97,46.44,25.41,False
VPW-IND-OVEN-01,263,1.967,45.8,45.47,False
VPW-IND-OVEN-01,264,1.889,46.45,37.13,False
VPW-IND-OVEN-01,265,1.88,45.61,42.42,False
VPW-IND-OVEN-01,266,1.919,45.7,31.19,False
VPW-IND-OVEN-01,267,1.915,46.63,42.48,False
VPW-IND-OVEN-01,268,1.964,45.65,30.38,False
VPW-IND-OVEN-01,269,1.844,45.49,37.62,False
VPW-IND-OVEN-01,270,1.755,47.04,25.44,False
VPW-IND-OVEN-01,271,1.964,47.28,41.77,False
VPW-IND-OVEN-01,272,1.606,45.71,27.0,False
VPW-IND-OVEN-01,273,1.891,46.55,23.82,False
VPW-IND-OVEN-01,274,1.67,46.33,24.01,False
VPW-IND-OVEN-01,275,1.798,44.72,44.8,False
VPW-IND-OVEN-01,276,1.639,46.62,41.27,False
VPW-IND-OVEN-01,277,1.757,46.81,41.49,False
VPW-IND-OVEN-01,278,1.815,46.53,30.17,False
VPW-IND-OVEN-01,279,1.653,46.9,37.32,False
VPW-IND-OVEN-01,280,1.675,46.67,26.35,False
VPW-IND-OVEN-01,281,1.723,46.12,37.33,False
VPW-IND-OVEN-01,282,1.81,46.5,29.76,False
VPW-IND-OVEN-01,283,1.803,46.81,29.25,False
VPW-IND-OVEN-01,284,1.622,47.15,38.13,False
VPW-IND-OVEN-01,285,1.747,47.34,29.6,False
VPW-IND-OVEN-01,286,1.82,46.24,24.57,False
VPW-IND-OVEN-01,287,1.656,46.48,23.36,False
VPW-IND-OVEN-01,288,1.714,46.64,19.64,False
VPW-IND-OVEN-01,289,1.803,44.91,20.36,False
VPW-IND-OVEN-01,290,1.824,46.39,34.45,False
VPW-IND-OVEN-01,291,1.858,46.26,26.07,False
VPW-IND-OVEN-01,292,1.794,46.68,20.48,False
VPW-IND-OVEN-01,293,1.796,47.51,27.32,False
VPW-IND-OVEN-01,294,1.742,46.56,41.68,False
VPW-IND-OVEN-01,295,1.864,46.34,28.04,False
VPW-IND-OVEN-01,296,1.835,47.35,36.32,False
VPW-IND-OVEN-01,297,1.884,46.37,29.05,False
VPW-IND-OVEN-01,298,1.927,47.74,44.9,False
VPW-IND-OVEN-01,299,1.826,48.1,39.92,False
VPW-IND-OVEN-01,300,1.805,46.31,28.97,False
VPW-IND-OVEN-01,301,1.991,46.99,18.03,False
VPW-IND-OVEN-01,302,1.931,48.1,18.8,False
VPW-IND-OVEN-01,303,1.867,48.74,26.1,False
VPW-IND-OVEN-01,304,2.178,47.15,33.52,False
VPW-IND-OVEN-01,305,2.035,46.47,27.14,False
VPW-IND-OVEN-01,306,1.965,47.5,27.0,False
VPW-IND-OVEN-01,307,2.018,48.81,19.5,False
VPW-IND-OVEN-01,308,2.108,47.32,35.22,False
VPW-IND-OVEN-01,309,2.076,47.51,41.46,False
VPW-IND-OVEN-01,310,2.101,48.23,29.07,False
VPW-IND-OVEN-01,311,2.098,46.87,44.94,False
VPW-IND-OVEN-01,312,2.18,48.89,27.74,False
VPW-IND-OVEN-01,313,2.17,48.27,26.2,False
VPW-IND-OVEN-01,314,2.338,48.8,20.4,False
VPW-IND-OVEN-01,315,2.059,47.59,32.71,False
VPW-IND-OVEN-01,316,2.153,48.64,39.09,False
VPW-IND-OVEN-01,317,2.071,49.79,27.38,False
VPW-IND-OVEN-01,318,2.197,48.08,38.2,False
VPW-IND-OVEN-01,319,2.182,49.11,36.98,False
VPW-IND-OVEN-01,320,2.138,48.48,29.32,False
VPW-IND-OVEN-01,321,2.132,47.57,31.36,False
VPW-IND-OVEN-01,322,2.376,49.86,20.05,False
VPW-IND-OVEN-01,323,2.229,48.96,44.02,False
VPW-IND-OVEN-01,324,2.269,47.91,35.74,False
VPW-IND-OVEN-01,325,2.103,48.93,37.3,False
VPW-IND-OVEN-01,326,2.112,48.74,25.04,False
VPW-IND-OVEN-01,327,2.343,50.91,32.89,False
VPW-IND-OVEN-01,328,2.091,49.31,45.4,False
VPW-IND-OVEN-01,329,2.023,50.97,26.95,False
VPW-IND-OVEN-01,330,1.966,49.12,34.17,False
VPW-IND-OVEN-01,331,2.028,48.76,45.15,False
VPW-IND-OVEN-01,332,2.201,49.42,38.55,False
VPW-IND-OVEN-01,333,2.109,49.7,25.83,False
VPW-IND-OVEN-01,334,1.962,49.37,38.58,False
VPW-IND-OVEN-01,335,2.043,50.34,31.42,False
VPW-IND-OVEN-01,336,1.977,49.49,43.42,False
VPW-IND-OVEN-01,337,2.065,49.82,22.97,False
VPW-IND-OVEN-01,338,2.083,49.84,19.72,False
VPW-IND-OVEN-01,339,1.987,48.74,32.48,False
VPW-IND-OVEN-01,340,1.912,49.71,30.59,False
VPW-IND-OVEN-01,341,2.026,49.65,37.73,False
VPW-IND-OVEN-01,342,1.869,49.53,36.07,False
VPW-IND-OVEN-01,343,1.944,49.98,42.17,False
VPW-IND-OVEN-01,344,1.947,50.45,44.49,False
VPW-IND-OVEN-01,345,1.779,50.69,34.17,False
VPW-IND-OVEN-01,346,1.905,49.08,25.56,False
VPW-IND-OVEN-01,347,1.911,49.64,22.05,False
VPW-IND-OVEN-01,348,1.74,49.72,21.01,False
VPW-IND-OVEN-01,349,1.857,51.1,31.26,False
VPW-IND-OVEN-01,350,1.732,47.54,42.19,False
VPW-IND-OVEN-01,351,1.663,49.91,27.02,False
VPW-IND-OVEN-01,352,1.732,50.63,29.47,False
VPW-IND-OVEN-01,353,1.844,49.25,35.97,False
VPW-IND-OVEN-01,354,1.694,48.42,28.62,False
VPW-IND-OVEN-01,355,1.744,48.94,45.24,False
VPW-IND-OVEN-01,356,1.743,47.98,20.07,False
VPW-IND-OVEN-01,357,1.691,49.11,21.68,False
VPW-IND-OVEN-01,358,1.545,49.31,34.34,False
VPW-IND-OVEN-01,359,1.66,48.72,21.47,False
VPW-IND-OVEN-01,360,1.879,48.27,20.31,False
VPW-IND-OVEN-01,361,1.744,47.99,44.29,False
VPW-IND-OVEN-01,362,1.956,49.72,18.02,False
VPW-IND-OVEN-01,363,1.796,49.13,34.62,False
VPW-IND-OVEN-01,364,1.811,49.57,28.18,False
VPW-IND-OVEN-01,365,1.709,47.29,34.16,False
VPW-IND-OVEN-01,366,1.66,47.84,18.28,False
VPW-IND-OVEN-01,367,1.785,50.03,39.57,False
VPW-IND-OVEN-01,368,1.935,47.8,31.79,False
VPW-IND-OVEN-01,369,1.775,47.45,44.29,False
VPW-IND-OVEN-01,370,2.033,48.3,45.44,False
VPW-IND-OVEN-01,371,1.797,47.74,39.68,False
VPW-IND-OVEN-01,372,1.818,48.14,29.78,False
VPW-IND-OVEN-01,373,2.0,45.89,37.74,False
VPW-IND-OVEN-01,374,1.983,48.55,43.63,False
VPW-IND-OVEN-01,375,1.952,49.03,45.04,False
VPW-IND-OVEN-01,376,1.858,47.15,37.74,False
VPW-IND-OVEN-01,377,1.951,46.96,31.01,False
VPW-IND-OVEN-01,378,1.971,47.8,40.5,False
VPW-IND-OVEN-01,379,2.075,47.32,43.21,False
VPW-IND-OVEN-01,380,2.085,48.22,40.02,False
VPW-IND-OVEN-01,381,2.1,49.07,27.08,False
VPW-IND-OVEN-01,382,2.179,47.71,19.32,False
VPW-IND-OVEN-01,383,1.985,48.31,19.41,False
VPW-IND-OVEN-01,384,2.101,47.36,35.11,False
VPW-IND-OVEN-01,385,2.009,47.71,21.47,False
VPW-IND-OVEN-01,386,2.15,46.54,29.66,False
VPW-IND-OVEN-01,387,2.228,47.7,18.21,False
VPW-IND-OVEN-01,388,2.074,47.72,39.8,False
VPW-IND-OVEN-01,389,2.129,47.2,41.84,False
VPW-IND-OVEN-01,390,2.132,46.93,44.53,False
VPW-IND-OVEN-01,391,2.208,47.9,29.85,False
VPW-IND-OVEN-01,392,2.123,46.28,25.22,False
VPW-IND-OVEN-01,393,2.291,48.17,38.06,False
VPW-IND-OVEN-01,394,2.227,45.3,44.63,False
VPW-IND-OVEN-01,395,2.142,46.88,34.0,False
VPW-IND-OVEN-01,396,2.21,46.79,38.87,False
VPW-IND-OVEN-01,397,2.288,47.53,44.05,False
VPW-IND-OVEN-01,398,2.129,45.89,27.36,False
VPW-IND-OVEN-01,399,2.087,46.28,31.26,False
VPW-IND-OVEN-01,400,2.286,47.34,38.03,False
VPW-IND-OVEN-01,401,2.255,46.31,21.7,False
VPW-IND-OVEN-01,402,2.188,45.99,35.1,False
VPW-IND-OVEN-01,403,2.094,48.55,36.29,False
VPW-IND-OVEN-01,404,2.008,46.81,35.7,False
VPW-IND-OVEN-01,405,2.038,46.7,42.98,False
VPW-IND-OVEN-01,406,2.194,46.29,21.4,False
VPW-IND-OVEN-01,407,2.019,45.91,31.35,False
VPW-IND-OVEN-01,408,1.95,47.05,19.75,False
VPW-IND-OVEN-01,409,1.962,45.27,39.72,False
VPW-IND-OVEN-01,410,2.183,46.56,24.1,False
VPW-IND-OVEN-01,411,1.992,45.7,38.43,False
VPW-IND-OVEN-01,412,2.134,46.48,23.04,False
VPW-IND-OVEN-01,413,2.062,45.97,37.87,False
VPW-IND-OVEN-01,414,1.955,46.69,21.1,False
VPW-IND-OVEN-01,415,1.88,46.82,34.81,False
VPW-IND-OVEN-01,416,1.95,45.64,27.98,False
VPW-IND-OVEN-01,417,1.929,46.86,40.01,False
VPW-IND-OVEN-01,418,1.944,46.21,19.9,False
VPW-IND-OVEN-01,419,1.844,46.12,23.1,False
VPW-IND-OVEN-01,420,1.983,46.7,30.54,False
VPW-IND-OVEN-01,421,1.797,44.76,31.46,False
VPW-IND-OVEN-01,422,1.916,45.11,43.99,False
VPW-IND-OVEN-01,423,1.693,47.19,31.73,False
VPW-IND-OVEN-01,424,1.895,47.31,25.11,False
VPW-IND-OVEN-01,425,1.806,45.94,42.91,False
VPW-IND-OVEN-01,426,1.844,46.32,26.29,False
VPW-IND-OVEN-01,427,1.703,46.32,36.96,False
VPW-IND-OVEN-01,428,1.851,46.74,27.96,False
VPW-IND-OVEN-01,429,1.869,46.38,22.62,False
VPW-IND-OVEN-01,430,1.863,46.1,19.72,False
VPW-IND-OVEN-01,431,1.716,48.26,25.42,False
VPW-IND-OVEN-01,432,1.889,46.94,30.17,False
VPW-IND-OVEN-01,433,1.705,46.62,38.96,False
VPW-IND-OVEN-01,434,2.058,48.41,37.6,False
VPW-IND-OVEN-01,435,1.79,47.41,36.78,False
VPW-IND-OVEN-01,436,1.737,47.08,31.2,False
VPW-IND-OVEN-01,437,1.798,45.43,22.16,False
VPW-IND-OVEN-01,438,1.794,46.93,33.69,False
VPW-IND-OVEN-01,439,1.627,46.19,19.75,False
VPW-IND-OVEN-01,440,1.775,47.46,39.7,False
VPW-IND-OVEN-01,441,1.797,47.92,21.73,False
VPW-IND-OVEN-01,442,1.811,45.29,26.49,False
VPW-IND-OVEN-01,443,1.936,47.94,31.22,False
VPW-IND-OVEN-01,444,1.836,47.89,46.01,False
VPW-IND-OVEN-01,445,1.832,47.62,21.16,False
VPW-IND-OVEN-01,446,1.917,49.16,25.48,False
VPW-IND-OVEN-01,447,1.862,48.1,20.98,False
VPW-IND-OVEN-01,448,2.147,47.75,17.82,False
VPW-IND-OVEN-01,449,1.786,47.88,45.24,False
VPW-IND-OVEN-01,450,2.124,47.43,35.89,False
VPW-IND-OVEN-01,451,1.926,46.92,24.94,False
VPW-IND-OVEN-01,452,1.987,47.22,37.32,False
VPW-IND-OVEN-01,453,1.975,49.8,41.35,False
VPW-IND-OVEN-01,454,1.904,46.9,23.4,False
VPW-IND-OVEN-01,455,2.015,48.11,28.03,False
VPW-IND-OVEN-01,456,2.278,48.5,30.59,False
VPW-IND-OVEN-01,457,2.096,47.92,44.55,False
VPW-IND-OVEN-01,458,2.115,49.1,30.52,False
VPW-IND-OVEN-01,459,2.131,48.76,40.87,False
VPW-IND-OVEN-01,460,1.933,50.79,42.88,False
VPW-IND-OVEN-01,461,2.118,48.93,18.74,False
VPW-IND-OVEN-01,462,2.291,50.05,25.0,False
VPW-IND-OVEN-01,463,2.212,48.6,22.17,False
VPW-IND-OVEN-01,464,2.133,49.2,43.72,False
VPW-IND-OVEN-01,465,2.072,48.53,29.7,False
VPW-IND-OVEN-01,466,2.187,50.68,28.34,False
VPW-IND-OVEN-01,467,2.1,48.97,33.95,False
VPW-IND-OVEN-01,468,2.121,48.33,43.12,False
VPW-IND-OVEN-01,469,2.309,48.62,28.33,False
VPW-IND-OVEN-01,470,2.147,48.77,19.9,False
VPW-IND-OVEN-01,471,2.212,49.14,39.87,False
VPW-IND-OVEN-01,472,2.23,50.11,45.66,False
VPW-IND-OVEN-01,473,2.24,50.16,29.98,False
VPW-IND-OVEN-01,474,2.205,50.26,31.94,False
VPW-IND-OVEN-01,475,2.156,49.07,22.71,False
VPW-IND-OVEN-01,476,2.205,48.98,25.22,False
VPW-IND-OVEN-01,477,2.324,49.52,31.52,False
VPW-IND-OVEN-01,478,2.145,51.2,20.8,False
VPW-IND-OVEN-01,479,2.165,50.48,30.69,False
VPW-IND-OVEN-01,480,2.116,49.0,22.84,False
VPW-IND-OVEN-01,481,1.94,50.97,34.2,False
VPW-IND-OVEN-01,482,2.154,48.95,26.17,False
VPW-IND-OVEN-01,483,2.138,49.92,41.99,False
VPW-IND-OVEN-01,484,2.006,50.42,35.14,False
VPW-IND-OVEN-01,485,2.12,50.19,43.24,False
VPW-IND-OVEN-01,486,1.986,50.53,44.38,False
VPW-IND-OVEN-01,487,2.077,51.55,36.7,False
VPW-IND-OVEN-01,488,2.182,50.33,35.24,False
VPW-IND-OVEN-01,489,2.063,48.7,39.87,False
VPW-IND-OVEN-01,490,2.044,49.73,33.06,False
VPW-IND-OVEN-01,491,1.959,49.47,27.97,False
VPW-IND-OVEN-01,492,1.886,49.19,35.63,False
VPW-IND-OVEN-01,493,1.838,51.02,18.69,False
VPW-IND-OVEN-01,494,1.954,49.53,28.33,False
VPW-IND-OVEN-01,495,1.764,48.61,29.02,False
VPW-IND-OVEN-01,496,2.037,49.84,43.34,False
VPW-IND-OVEN-01,497,1.981,51.19,42.99,False
VPW-IND-OVEN-01,498,1.888,50.12,31.82,False
VPW-IND-OVEN-01,499,2.041,48.87,18.27,False
VPW-IND-OVEN-01,500,1.951,48.93,29.41,False
VPW-IND-OVEN-01,501,1.794,51.89,30.5,False
VPW-IND-OVEN-01,502,1.708,50.61,29.93,False
VPW-IND-OVEN-01,503,1.813,50.22,34.86,False
VPW-IND-OVEN-01,504,1.786,48.46,33.92,False
VPW-IND-OVEN-01,505,1.78,49.1,42.48,False
VPW-IND-OVEN-01,506,1.747,49.57,43.62,False
VPW-IND-OVEN-01,507,1.822,50.03,41.29,False
VPW-IND-OVEN-01,508,1.832,48.44,36.35,False
VPW-IND-OVEN-01,509,1.848,50.51,34.96,False
VPW-IND-OVEN-01,510,1.826,49.42,34.5,False
VPW-IND-OVEN-01,511,1.966,49.48,28.9,False
VPW-IND-OVEN-01,512,1.811,49.8,23.03,False
VPW-IND-OVEN-01,513,1.715,48.44,23.55,False
VPW-IND-OVEN-01,514,1.683,50.01,35.79,False
VPW-IND-OVEN-01,515,1.64,48.95,41.1,False
VPW-IND-OVEN-01,516,1.879,48.74,34.91,False
VPW-IND-OVEN-01,517,1.984,51.11,18.0,False
VPW-IND-OVEN-01,518,1.964,49.59,22.28,False
VPW-IND-OVEN-01,519,1.902,48.27,24.52,False
VPW-IND-OVEN-01,520,1.938,47.58,31.67,False
VPW-IND-OVEN-01,521,1.94,47.33,33.16,False
VPW-IND-OVEN-01,522,1.929,49.67,39.13,False
VPW-IND-OVEN-01,523,2.084,47.48,41.9,False
VPW-IND-OVEN-01,524,2.032,48.62,45.5,False
VPW-IND-OVEN-01,525,1.777,49.1,22.28,False
VPW-IND-OVEN-01,526,1.941,48.57,18.5,False
VPW-IND-OVEN-01,527,1.926,47.74,32.63,False
VPW-IND-OVEN-01,528,1.944,48.0,39.17,False
VPW-IND-OVEN-01,529,1.978,48.05,24.33,False
VPW-IND-OVEN-01,530,2.114,48.37,22.78,False
VPW-IND-OVEN-01,531,1.952,47.74,44.2,False
VPW-IND-OVEN-01,532,2.088,48.85,39.81,False
VPW-IND-OVEN-01,533,2.217,48.36,44.88,False
VPW-IND-OVEN-01,534,2.061,48.44,34.65,False
VPW-IND-OVEN-01,535,2.175,47.12,36.21,False
VPW-IND-OVEN-01,536,2.104,47.3,43.89,False
VPW-IND-OVEN-01,537,2.126,46.82,35.8,False
VPW-IND-OVEN-01,538,2.121,49.06,42.18,False
VPW-IND-OVEN-01,539,2.44,48.35,39.51,False
VPW-IND-OVEN-01,540,2.214,47.2,42.08,False
VPW-IND-OVEN-01,541,2.211,49.01,29.58,False
VPW-IND-OVEN-01,542,2.097,46.92,40.82,False
VPW-IND-OVEN-01,543,2.244,46.5,23.57,False
VPW-IND-OVEN-01,544,2.099,46.86,19.73,False
VPW-IND-OVEN-01,545,2.227,48.35,39.41,False
VPW-IND-OVEN-01,546,2.278,48.69,36.53,False
VPW-IND-OVEN-01,547,2.438,47.69,35.18,False
VPW-IND-OVEN-01,548,2.256,47.71,42.35,False
VPW-IND-OVEN-01,549,2.438,46.48,36.65,False
VPW-IND-OVEN-01,550,2.422,47.39,45.29,False
VPW-IND-OVEN-01,551,2.149,46.49,35.13,False
VPW-IND-OVEN-01,552,1.993,46.58,21.16,False
VPW-IND-OVEN-01,553,2.228,49.08,30.14,False
VPW-IND-OVEN-01,554,2.077,47.12,22.79,False
VPW-IND-OVEN-01,555,2.241,47.27,22.47,False
VPW-IND-OVEN-01,556,2.227,46.5,38.0,False
VPW-IND-OVEN-01,557,2.174,46.39,34.13,False
VPW-IND-OVEN-01,558,2.008,47.18,32.11,False
VPW-IND-OVEN-01,559,2.318,47.08,23.81,False
VPW-IND-OVEN-01,560,2.142,45.3,41.87,False
VPW-IND-OVEN-01,561,2.305,46.7,28.66,False
VPW-IND-OVEN-01,562,2.135,48.01,39.49,False
VPW-IND-OVEN-01,563,2.117,45.67,19.32,False
VPW-IND-OVEN-01,564,1.905,47.34,32.49,False
VPW-IND-OVEN-01,565,2.089,46.11,44.02,False
VPW-IND-OVEN-01,566,2.126,45.83,37.58,False
VPW-IND-OVEN-01,567,1.789,47.71,34.89,False
VPW-IND-OVEN-01,568,1.892,47.24,43.74,False
VPW-IND-OVEN-01,569,1.899,46.39,30.94,False
VPW-IND-OVEN-01,570,1.97,46.64,40.15,False
VPW-IND-OVEN-01,571,2.016,46.73,27.47,False
VPW-IND-OVEN-01,572,1.935,45.12,40.45,False
VPW-IND-OVEN-01,573,1.877,47.07,36.8,False
VPW-IND-OVEN-01,574,1.908,47.18,22.46,False
VPW-IND-OVEN-01,575,1.841,46.74,35.72,False
VPW-IND-OVEN-01,576,1.999,46.48,18.62,False
VPW-IND-OVEN-01,577,1.905,46.98,26.34,False
VPW-IND-OVEN-01,578,1.911,47.66,24.77,False
VPW-IND-OVEN-01,579,1.796,46.87,36.95,False
VPW-IND-OVEN-01,580,1.867,46.07,28.15,False
VPW-IND-OVEN-01,581,1.917,47.52,28.59,False
VPW-IND-OVEN-01,582,1.659,45.82,37.74,False
VPW-IND-OVEN-01,583,1.907,48.19,42.09,False
VPW-IND-OVEN-01,584,1.797,47.77,43.58,False
VPW-IND-OVEN-01,585,1.873,46.47,44.73,False
VPW-IND-OVEN-01,586,1.951,47.6,36.34,False
VPW-IND-OVEN-01,587,1.705,47.37,24.45,False
VPW-IND-OVEN-01,588,1.949,46.12,23.62,False
VPW-IND-OVEN-01,589,1.898,47.09,31.91,False
VPW-IND-OVEN-01,590,1.918,47.37,29.39,False
VPW-IND-OVEN-01,591,1.778,47.22,19.09,False
VPW-IND-OVEN-01,592,2.0,48.98,28.18,False
VPW-IND-OVEN-01,593,1.868,47.0,27.67,False
VPW-IND-OVEN-01,594,1.811,47.26,37.09,False
VPW-IND-OVEN-01,595,1.861,49.65,21.25,False
VPW-IND-OVEN-01,596,1.927,47.04,23.35,False
VPW-IND-OVEN-01,597,1.985,48.27,26.47,False
VPW-IND-OVEN-01,598,1.93,49.0,21.86,False
VPW-IND-OVEN-01,599,2.046,49.31,42.96,False
VPW-IND-OVEN-01,600,1.98,48.25,21.44,False
VPW-IND-OVEN-01,601,2.084,49.18,42.97,False
VPW-IND-OVEN-01,602,2.115,47.46,23.49,False
VPW-IND-OVEN-01,603,2.033,48.51,31.19,False
VPW-IND-OVEN-01,604,2.108,47.22,25.94,False
VPW-IND-OVEN-01,605,2.135,49.32,39.36,False
VPW-IND-OVEN-01,606,2.206,48.93,23.12,False
VPW-IND-OVEN-01,607,2.198,49.19,18.39,False
VPW-IND-OVEN-01,608,2.009,49.69,30.73,False
VPW-IND-OVEN-01,609,1.993,48.83,20.93,False
VPW-IND-OVEN-01,610,2.109,47.9,35.25,False
VPW-IND-OVEN-01,611,2.1,48.99,38.78,False
VPW-IND-OVEN-01,612,2.131,49.69,45.69,False
VPW-IND-OVEN-01,613,2.244,50.11,23.8,False
VPW-IND-OVEN-01,614,2.128,49.32,32.52,False
VPW-IND-OVEN-01,615,2.129,48.83,31.27,False
VPW-IND-OVEN-01,616,2.145,49.12,22.94,False
VPW-IND-OVEN-01,617,2.126,49.76,24.11,False
VPW-IND-OVEN-01,618,2.154,49.36,22.12,False
VPW-IND-OVEN-01,619,2.102,50.63,29.85,False
VPW-IND-OVEN-01,620,2.225,49.77,40.25,False
VPW-IND-OVEN-01,621,2.333,49.85,44.92,False
VPW-IND-OVEN-01,622,2.389,50.3,21.21,False
VPW-IND-OVEN-01,623,2.358,49.97,31.01,False
VPW-IND-OVEN-01,624,2.243,50.56,30.21,False
VPW-IND-OVEN-01,625,2.126,49.8,23.91,False
VPW-IND-OVEN-01,626,2.305,51.76,19.94,False
VPW-IND-OVEN-01,627,2.282,50.17,19.1,False
VPW-IND-OVEN-01,628,2.261,50.48,32.97,False
VPW-IND-OVEN-01,629,2.203,50.37,22.27,False
VPW-IND-OVEN-01,630,2.182,50.03,27.18,False
VPW-IND-OVEN-01,631,2.302,50.28,42.63,False
VPW-IND-OVEN-01,632,2.311,50.07,44.9,False
VPW-IND-OVEN-01,633,2.184,49.95,35.54,False
VPW-IND-OVEN-01,634,2.108,49.71,45.16,False
VPW-IND-OVEN-01,635,2.001,50.03,17.79,False
VPW-IND-OVEN-01,636,2.099,50.78,26.02,False
VPW-IND-OVEN-01,637,2.262,50.3,40.07,False
VPW-IND-OVEN-01,638,2.081,50.15,18.4,False
VPW-IND-OVEN-01,639,2.091,50.86,20.63,False
VPW-IND-OVEN-01,640,2.198,49.59,37.46,False
VPW-IND-OVEN-01,641,1.99,50.21,42.93,False
VPW-IND-OVEN-01,642,1.838,49.48,22.41,False
VPW-IND-OVEN-01,643,1.981,51.23,40.04,False
VPW-IND-OVEN-01,644,1.872,48.67,31.13,False
VPW-IND-OVEN-01,645,2.098,49.41,38.43,False
VPW-IND-OVEN-01,646,2.014,49.98,42.49,False
VPW-IND-OVEN-01,647,1.967,50.98,32.09,False
VPW-IND-OVEN-01,648,1.887,51.47,22.83,False
VPW-IND-OVEN-01,649,1.881,50.18,23.21,False
VPW-IND-OVEN-01,650,2.018,50.48,24.16,False
VPW-IND-OVEN-01,651,2.05,50.05,35.3,False
VPW-IND-OVEN-01,652,2.021,50.83,21.18,False
VPW-IND-OVEN-01,653,1.99,50.44,37.62,False
VPW-IND-OVEN-01,654,1.87,50.0,20.34,False
VPW-IND-OVEN-01,655,1.926,49.27,19.73,False
VPW-IND-OVEN-01,656,1.704,49.05,35.64,False
VPW-IND-OVEN-01,657,1.778,49.45,20.06,False
VPW-IND-OVEN-01,658,2.05,50.32,23.72,False
VPW-IND-OVEN-01,659,1.934,50.38,20.5,False
VPW-IND-OVEN-01,660,1.875,48.84,37.97,False
VPW-IND-OVEN-01,661,1.741,49.04,41.87,False
VPW-IND-OVEN-01,662,1.95,49.45,21.58,False
VPW-IND-OVEN-01,663,1.752,48.97,24.62,False
VPW-IND-OVEN-01,664,2.062,51.05,25.5,False
VPW-IND-OVEN-01,665,1.799,48.22,31.53,False
VPW-IND-OVEN-01,666,1.923,49.49,32.41,False
VPW-IND-OVEN-01,667,1.664,48.06,21.97,False
VPW-IND-OVEN-01,668,1.907,50.51,37.91,False
VPW-IND-OVEN-01,669,2.011,50.25,27.9,False
VPW-IND-OVEN-01,670,1.851,48.04,21.09,False
VPW-IND-OVEN-01,671,2.02,48.86,42.22,False
VPW-IND-OVEN-01,672,2.03,48.6,24.6,False
VPW-IND-OVEN-01,673,1.947,49.17,40.9,False
VPW-IND-OVEN-01,674,1.958,49.68,30.35,False
VPW-IND-OVEN-01,675,2.127,50.48,30.06,False
VPW-IND-OVEN-01,676,1.971,48.64,30.17,False
VPW-IND-OVEN-01,677,2.092,48.73,20.13,False
VPW-IND-OVEN-01,678,2.038,48.51,19.48,False
VPW-IND-OVEN-01,679,1.974,49.83,22.09,False
VPW-IND-OVEN-01,680,2.062,50.09,28.6,False
VPW-IND-OVEN-01,681,2.053,49.25,24.96,False
VPW-IND-OVEN-01,682,2.211,48.49,24.16,False
VPW-IND-OVEN-01,683,2.047,47.54,29.97,False
VPW-IND-OVEN-01,684,2.006,47.87,36.72,False
VPW-IND-OVEN-01,685,2.133,48.55,32.26,False
VPW-IND-OVEN-01,686,2.295,47.71,28.68,False
VPW-IND-OVEN-01,687,2.185,47.61,31.37,False
VPW-IND-OVEN-01,688,2.356,49.04,33.17,False
VPW-IND-OVEN-01,689,2.168,49.18,19.4,False
VPW-IND-OVEN-01,690,2.201,49.21,33.18,False
VPW-IND-OVEN-01,691,2.181,47.52,35.26,False
VPW-IND-OVEN-01,692,2.344,47.14,42.79,False
VPW-IND-OVEN-01,693,2.189,47.15,30.6,False
VPW-IND-OVEN-01,694,2.27,47.97,42.13,False
VPW-IND-OVEN-01,695,2.191,47.66,21.83,False
VPW-IND-OVEN-01,696,2.271,46.34,19.2,False
VPW-IND-OVEN-01,697,2.348,47.66,29.22,False
VPW-IND-OVEN-01,698,2.366,47.79,45.31,False
VPW-IND-OVEN-01,699,2.177,48.34,38.27,False
VPW-IND-OVEN-01,700,2.356,47.73,32.81,False
VPW-IND-OVEN-01,701,2.255,48.25,24.53,False
VPW-IND-OVEN-01,702,2.4,47.82,39.08,False
VPW-IND-OVEN-01,703,2.299,47.13,24.35,False
VPW-IND-OVEN-01,704,2.376,48.16,33.96,False
VPW-IND-OVEN-01,705,2.293,48.38,32.74,False
VPW-IND-OVEN-01,706,2.165,48.3,33.0,False
VPW-IND-OVEN-01,707,2.315,46.76,35.82,False
VPW-IND-OVEN-01,708,2.25,46.87,24.99,False
VPW-IND-OVEN-01,709,2.056,46.47,22.21,False
VPW-IND-OVEN-01,710,2.22,47.39,29.38,False
VPW-IND-OVEN-01,711,2.235,47.47,19.9,False
VPW-IND-OVEN-01,712,2.174,46.11,24.68,False
VPW-IND-OVEN-01,713,2.166,47.85,44.81,False
VPW-IND-OVEN-01,714,2.084,48.49,42.15,False
VPW-IND-OVEN-01,715,1.899,45.83,35.4,False
VPW-IND-OVEN-01,716,2.054,46.86,26.13,False
VPW-IND-OVEN-01,717,1.962,48.12,37.13,False
VPW-IND-OVEN-01,718,2.072,46.62,39.87,False
VPW-IND-OVEN-01,719,2.064,45.21,40.54,False
VPW-IND-OVEN-02,0,1.803,49.47,45.69,False
VPW-IND-OVEN-02,1,1.897,47.67,31.25,False
VPW-IND-OVEN-02,2,2.025,49.7,43.28,False
VPW-IND-OVEN-02,3,1.963,49.11,35.91,False
VPW-IND-OVEN-02,4,1.917,50.69,31.0,False
VPW-IND-OVEN-02,5,1.931,48.18,29.93,False
VPW-IND-OVEN-02,6,1.984,50.22,44.51,False
VPW-IND-OVEN-02,7,2.028,50.35,19.34,False
VPW-IND-OVEN-02,8,1.987,49.98,46.03,False
VPW-IND-OVEN-02,9,2.053,48.84,24.64,False
VPW-IND-OVEN-02,10,1.97,48.86,26.42,False
VPW-IND-OVEN-02,11,1.974,50.38,33.48,False
VPW-IND-OVEN-02,12,2.093,49.89,44.23,False
VPW-IND-OVEN-02,13,1.909,51.55,36.76,False
VPW-IND-OVEN-02,14,2.11,49.62,19.4,False
VPW-IND-OVEN-02,15,1.989,50.72,36.28,False
VPW-IND-OVEN-02,16,2.148,50.39,31.82,False
VPW-IND-OVEN-02,17,1.941,51.52,22.63,False
VPW-IND-OVEN-02,18,2.171,49.24,25.97,False
VPW-IND-OVEN-02,19,2.079,50.52,29.25,False
VPW-IND-OVEN-02,20,2.021,51.02,19.55,False
VPW-IND-OVEN-02,21,2.173,49.35,38.55,False
VPW-IND-OVEN-02,22,2.111,50.55,23.94,False
VPW-IND-OVEN-02,23,2.016,50.14,32.59,False
VPW-IND-OVEN-02,24,2.078,49.61,28.6,False
VPW-IND-OVEN-02,25,2.141,49.51,40.02,False
VPW-IND-OVEN-02,26,2.098,50.46,28.01,False
VPW-IND-OVEN-02,27,2.03,50.77,31.46,False
VPW-IND-OVEN-02,28,1.999,50.07,19.92,False
VPW-IND-OVEN-02,29,2.086,50.5,33.22,False
VPW-IND-OVEN-02,30,2.095,50.85,38.95,False
VPW-IND-OVEN-02,31,2.089,51.01,36.64,False
VPW-IND-OVEN-02,32,2.032,51.0,40.28,False
VPW-IND-OVEN-02,33,2.013,51.15,22.4,False
VPW-IND-OVEN-02,34,1.766,50.94,44.74,False
VPW-IND-OVEN-02,35,1.965,50.25,27.87,False
VPW-IND-OVEN-02,36,2.064,50.72,22.64,False
VPW-IND-OVEN-02,37,1.717,51.84,23.12,False
VPW-IND-OVEN-02,38,1.812,52.02,25.65,False
VPW-IND-OVEN-02,39,1.786,51.81,31.52,False
VPW-IND-OVEN-02,40,1.741,51.4,32.09,False
VPW-IND-OVEN-02,41,1.834,52.08,36.78,False
VPW-IND-OVEN-02,42,1.767,51.72,39.6,False
VPW-IND-OVEN-02,43,1.774,50.21,27.96,False
VPW-IND-OVEN-02,44,1.583,50.22,25.63,False
VPW-IND-OVEN-02,45,1.714,51.54,37.68,False
VPW-IND-OVEN-02,46,1.772,51.03,39.69,False
VPW-IND-OVEN-02,47,1.697,50.86,30.38,False
VPW-IND-OVEN-02,48,1.661,50.42,30.09,False
VPW-IND-OVEN-02,49,1.533,49.77,34.78,False
VPW-IND-OVEN-02,50,1.732,50.37,34.21,False
VPW-IND-OVEN-02,51,1.789,50.76,42.47,False
VPW-IND-OVEN-02,52,1.721,49.85,39.18,False
VPW-IND-OVEN-02,53,1.543,49.64,32.24,False
VPW-IND-OVEN-02,54,1.666,51.49,41.74,False
VPW-IND-OVEN-02,55,1.604,50.15,31.87,False
VPW-IND-OVEN-02,56,1.691,49.51,27.67,False
VPW-IND-OVEN-02,57,1.537,50.82,42.72,False
VPW-IND-OVEN-02,58,1.539,52.44,37.17,False
VPW-IND-OVEN-02,59,1.476,49.46,26.79,False
VPW-IND-OVEN-02,60,1.596,52.31,20.12,False
VPW-IND-OVEN-02,61,1.704,50.17,33.39,False
VPW-IND-OVEN-02,62,1.732,50.11,22.29,False
VPW-IND-OVEN-02,63,1.59,48.95,35.07,False
VPW-IND-OVEN-02,64,1.642,49.84,24.9,False
VPW-IND-OVEN-02,65,1.701,50.54,37.47,False
VPW-IND-OVEN-02,66,1.773,50.5,37.79,False
VPW-IND-OVEN-02,67,1.716,49.26,18.04,False
VPW-IND-OVEN-02,68,1.632,51.54,19.47,False
VPW-IND-OVEN-02,69,1.571,50.8,43.04,False
VPW-IND-OVEN-02,70,1.742,50.93,33.75,False
VPW-IND-OVEN-02,71,1.756,48.19,26.22,False
VPW-IND-OVEN-02,72,1.875,49.1,21.98,False
VPW-IND-OVEN-02,73,1.931,48.13,45.71,False
VPW-IND-OVEN-02,74,1.811,48.13,41.39,False
VPW-IND-OVEN-02,75,1.8,49.98,20.29,False
VPW-IND-OVEN-02,76,1.854,50.78,45.06,False
VPW-IND-OVEN-02,77,2.002,48.92,31.88,False
VPW-IND-OVEN-02,78,1.824,48.64,19.52,False
VPW-IND-OVEN-02,79,1.94,49.36,22.26,False
VPW-IND-OVEN-02,80,1.819,49.79,30.77,False
VPW-IND-OVEN-02,81,1.955,48.83,30.19,False
VPW-IND-OVEN-02,82,2.107,48.44,25.88,False
VPW-IND-OVEN-02,83,2.011,50.54,33.71,False
VPW-IND-OVEN-02,84,1.948,49.42,18.64,False
VPW-IND-OVEN-02,85,2.027,47.9,37.16,False
VPW-IND-OVEN-02,86,1.96,46.63,31.03,False
VPW-IND-OVEN-02,87,2.046,48.99,22.92,False
VPW-IND-OVEN-02,88,2.047,50.36,20.17,False
VPW-IND-OVEN-02,89,1.963,48.85,32.62,False
VPW-IND-OVEN-02,90,2.129,48.6,25.53,False
VPW-IND-OVEN-02,91,2.017,49.17,45.18,False
VPW-IND-OVEN-02,92,2.298,47.86,30.68,False
VPW-IND-OVEN-02,93,2.179,46.89,24.98,False
VPW-IND-OVEN-02,94,2.074,48.6,23.17,False
VPW-IND-OVEN-02,95,2.081,48.42,19.56,False
VPW-IND-OVEN-02,96,2.061,48.27,44.31,False
VPW-IND-OVEN-02,97,2.065,48.17,45.15,False
VPW-IND-OVEN-02,98,2.17,49.12,43.66,False
VPW-IND-OVEN-02,99,1.984,49.24,23.89,False
VPW-IND-OVEN-02,100,2.09,47.47,23.18,False
VPW-IND-OVEN-02,101,2.181,49.29,35.07,False
VPW-IND-OVEN-02,102,2.16,47.34,37.6,False
VPW-IND-OVEN-02,103,1.933,48.58,28.18,False
VPW-IND-OVEN-02,104,2.057,48.81,35.19,False
VPW-IND-OVEN-02,105,2.136,48.91,33.88,False
VPW-IND-OVEN-02,106,2.154,47.94,32.95,False
VPW-IND-OVEN-02,107,2.015,47.92,32.9,False
VPW-IND-OVEN-02,108,2.021,47.43,28.22,False
VPW-IND-OVEN-02,109,2.052,48.68,39.49,False
VPW-IND-OVEN-02,110,1.791,47.47,21.86,False
VPW-IND-OVEN-02,111,1.886,48.31,32.76,False
VPW-IND-OVEN-02,112,1.958,46.84,29.56,False
VPW-IND-OVEN-02,113,1.849,48.02,19.33,False
VPW-IND-OVEN-02,114,1.737,48.47,24.47,False
VPW-IND-OVEN-02,115,1.882,47.81,43.37,False
VPW-IND-OVEN-02,116,1.879,47.87,42.29,False
VPW-IND-OVEN-02,117,1.707,48.04,31.98,False
VPW-IND-OVEN-02,118,1.67,46.75,28.78,False
VPW-IND-OVEN-02,119,1.836,49.1,44.79,False
VPW-IND-OVEN-02,120,1.81,47.55,34.62,False
VPW-IND-OVEN-02,121,1.677,46.37,29.58,False
VPW-IND-OVEN-02,122,1.666,47.86,19.91,False
VPW-IND-OVEN-02,123,1.841,48.34,37.64,False
VPW-IND-OVEN-02,124,1.676,48.5,26.1,False
VPW-IND-OVEN-02,125,1.749,48.12,33.24,False
VPW-IND-OVEN-02,126,1.76,47.17,33.86,False
VPW-IND-OVEN-02,127,1.682,46.94,22.95,False
VPW-IND-OVEN-02,128,1.624,47.74,45.37,False
VPW-IND-OVEN-02,129,1.621,47.21,42.34,False
VPW-IND-OVEN-02,130,1.627,48.17,44.21,False
VPW-IND-OVEN-02,131,1.597,47.14,20.91,False
VPW-IND-OVEN-02,132,1.561,45.86,44.52,False
VPW-IND-OVEN-02,133,1.616,47.48,32.74,False
VPW-IND-OVEN-02,134,1.75,48.3,37.2,False
VPW-IND-OVEN-02,135,1.656,48.51,28.04,False
VPW-IND-OVEN-02,136,1.759,49.8,36.48,False
VPW-IND-OVEN-02,137,1.875,48.22,31.21,False
VPW-IND-OVEN-02,138,1.684,46.5,35.82,False
VPW-IND-OVEN-02,139,1.889,47.57,25.69,False
VPW-IND-OVEN-02,140,1.654,48.85,33.21,False
VPW-IND-OVEN-02,141,1.787,49.94,39.97,False
VPW-IND-OVEN-02,142,1.818,49.06,32.06,False
VPW-IND-OVEN-02,143,1.569,48.66,22.67,False
VPW-IND-OVEN-02,144,1.804,49.79,21.56,False
VPW-IND-OVEN-02,145,1.802,49.99,27.61,False
VPW-IND-OVEN-02,146,1.772,49.38,37.95,False
VPW-IND-OVEN-02,147,1.741,50.33,26.21,False
VPW-IND-OVEN-02,148,1.945,49.43,22.14,False
VPW-IND-OVEN-02,149,1.879,49.26,24.31,False
VPW-IND-OVEN-02,150,1.967,48.92,39.51,False
VPW-IND-OVEN-02,151,1.873,49.49,30.86,False
VPW-IND-OVEN-02,152,1.806,49.56,34.26,False
VPW-IND-OVEN-02,153,1.896,49.19,37.9,False
VPW-IND-OVEN-02,154,1.849,49.87,39.44,False
VPW-IND-OVEN-02,155,1.981,48.59,25.33,False
VPW-IND-OVEN-02,156,2.066,50.29,37.73,False
VPW-IND-OVEN-02,157,2.066,48.53,33.84,False
VPW-IND-OVEN-02,158,1.975,50.18,35.31,False
VPW-IND-OVEN-02,159,2.023,50.12,26.71,False
VPW-IND-OVEN-02,160,2.037,50.6,37.89,False
VPW-IND-OVEN-02,161,2.205,49.48,36.51,False
VPW-IND-OVEN-02,162,2.112,50.48,35.07,False
VPW-IND-OVEN-02,163,2.149,49.8,25.04,False
VPW-IND-OVEN-02,164,1.967,49.62,28.39,False
VPW-IND-OVEN-02,165,2.089,50.78,25.7,False
VPW-IND-OVEN-02,166,2.167,50.83,19.45,False
VPW-IND-OVEN-02,167,2.077,51.08,42.19,False
VPW-IND-OVEN-02,168,2.031,51.58,33.92,False
VPW-IND-OVEN-02,169,1.977,50.45,30.25,False
VPW-IND-OVEN-02,170,2.036,50.68,44.47,False
VPW-IND-OVEN-02,171,2.039,50.21,26.46,False
VPW-IND-OVEN-02,172,2.2,51.98,40.07,False
VPW-IND-OVEN-02,173,2.13,50.92,20.97,False
VPW-IND-OVEN-02,174,2.134,50.53,35.92,False
VPW-IND-OVEN-02,175,2.156,51.11,45.55,False
VPW-IND-OVEN-02,176,2.087,51.51,23.89,False
VPW-IND-OVEN-02,177,2.215,50.95,40.83,False
VPW-IND-OVEN-02,178,1.995,51.62,38.92,False
VPW-IND-OVEN-02,179,2.013,50.24,41.21,False
VPW-IND-OVEN-02,180,1.929,50.58,40.4,False
VPW-IND-OVEN-02,181,1.978,52.36,29.12,False
VPW-IND-OVEN-02,182,2.024,51.93,44.48,False
VPW-IND-OVEN-02,183,1.828,51.77,27.38,False
VPW-IND-OVEN-02,184,1.956,52.59,20.16,False
VPW-IND-OVEN-02,185,1.975,52.08,28.0,False
VPW-IND-OVEN-02,186,1.977,52.26,21.56,False
VPW-IND-OVEN-02,187,1.852,50.32,35.4,False
VPW-IND-OVEN-02,188,1.766,50.79,30.32,False
VPW-IND-OVEN-02,189,1.731,51.56,41.02,False
VPW-IND-OVEN-02,190,1.86,51.05,28.85,False
VPW-IND-OVEN-02,191,1.889,51.3,25.69,False
VPW-IND-OVEN-02,192,1.775,50.94,44.88,False
VPW-IND-OVEN-02,193,1.798,51.96,25.08,False
VPW-IND-OVEN-02,194,1.728,49.58,44.02,False
VPW-IND-OVEN-02,195,1.798,51.42,30.22,False
VPW-IND-OVEN-02,196,1.833,50.33,24.97,False
VPW-IND-OVEN-02,197,1.588,50.5,27.59,False
VPW-IND-OVEN-02,198,1.692,51.61,35.35,False
VPW-IND-OVEN-02,199,1.754,50.47,29.22,False
VPW-IND-OVEN-02,200,1.669,51.84,37.4,False
VPW-IND-OVEN-02,201,1.577,50.74,34.01,False
VPW-IND-OVEN-02,202,1.734,51.67,27.26,False
VPW-IND-OVEN-02,203,1.624,50.71,28.76,False
VPW-IND-OVEN-02,204,1.619,51.33,28.97,False
VPW-IND-OVEN-02,205,1.715,51.94,27.6,False
VPW-IND-OVEN-02,206,1.598,51.13,43.29,False
VPW-IND-OVEN-02,207,1.81,51.11,41.28,False
VPW-IND-OVEN-02,208,1.686,50.41,22.11,False
VPW-IND-OVEN-02,209,1.841,50.98,39.59,False
VPW-IND-OVEN-02,210,1.632,50.53,45.22,False
VPW-IND-OVEN-02,211,1.719,50.44,39.97,False
VPW-IND-OVEN-02,212,1.605,49.58,25.0,False
VPW-IND-OVEN-02,213,1.73,49.59,30.55,False
VPW-IND-OVEN-02,214,1.665,48.69,41.99,False
VPW-IND-OVEN-02,215,1.759,49.06,34.12,False
VPW-IND-OVEN-02,216,1.717,50.09,26.74,False
VPW-IND-OVEN-02,217,1.866,51.52,34.0,False
VPW-IND-OVEN-02,218,1.808,50.69,37.83,False
VPW-IND-OVEN-02,219,1.681,52.2,22.43,False
VPW-IND-OVEN-02,220,1.793,49.53,41.54,False
VPW-IND-OVEN-02,221,1.885,48.71,35.02,False
VPW-IND-OVEN-02,222,1.872,49.49,29.57,False
VPW-IND-OVEN-02,223,1.988,51.42,38.15,False
VPW-IND-OVEN-02,224,1.892,49.76,19.56,False
VPW-IND-OVEN-02,225,1.84,49.35,30.75,False
VPW-IND-OVEN-02,226,1.88,48.86,42.74,False
VPW-IND-OVEN-02,227,1.963,48.36,35.35,False
VPW-IND-OVEN-02,228,1.871,49.29,41.97,False
VPW-IND-OVEN-02,229,1.946,50.44,39.25,False
VPW-IND-OVEN-02,230,1.921,48.4,43.74,False
VPW-IND-OVEN-02,231,2.066,48.55,39.74,False
VPW-IND-OVEN-02,232,2.065,50.69,45.1,False
VPW-IND-OVEN-02,233,2.021,49.72,30.71,False
VPW-IND-OVEN-02,234,2.065,49.11,34.51,False
VPW-IND-OVEN-02,235,2.015,48.95,35.14,False
VPW-IND-OVEN-02,236,2.141,50.97,39.78,False
VPW-IND-OVEN-02,237,2.007,48.44,32.24,False
VPW-IND-OVEN-02,238,2.106,49.64,28.0,False
VPW-IND-OVEN-02,239,2.082,48.88,18.58,False
VPW-IND-OVEN-02,240,2.252,49.37,22.88,False
VPW-IND-OVEN-02,241,2.136,49.67,20.81,False
VPW-IND-OVEN-02,242,2.081,48.7,39.29,False
VPW-IND-OVEN-02,243,2.114,49.19,37.01,False
VPW-IND-OVEN-02,244,2.155,49.29,42.36,False
VPW-IND-OVEN-02,245,2.123,45.88,23.45,False
VPW-IND-OVEN-02,246,2.021,49.34,35.81,False
VPW-IND-OVEN-02,247,2.1,48.85,21.28,False
VPW-IND-OVEN-02,248,2.287,48.46,30.44,False
VPW-IND-OVEN-02,249,2.088,49.34,19.18,False
VPW-IND-OVEN-02,250,2.149,48.46,19.18,False
VPW-IND-OVEN-02,251,2.217,47.69,18.69,False
VPW-IND-OVEN-02,252,2.001,48.6,28.37,False
VPW-IND-OVEN-02,253,2.021,48.62,37.52,False
VPW-IND-OVEN-02,254,2.187,48.33,32.45,False
VPW-IND-OVEN-02,255,2.105,47.16,17.88,False
VPW-IND-OVEN-02,256,2.03,47.85,28.95,False
VPW-IND-OVEN-02,257,2.004,48.21,37.16,False
VPW-IND-OVEN-02,258,2.14,47.8,39.87,False
VPW-IND-OVEN-02,259,2.091,47.69,26.28,False
VPW-IND-OVEN-02,260,2.001,48.18,42.01,False
VPW-IND-OVEN-02,261,2.066,47.74,24.17,False
VPW-IND-OVEN-02,262,1.82,48.67,44.08,False
VPW-IND-OVEN-02,263,2.111,49.04,24.88,False
VPW-IND-OVEN-02,264,1.992,48.49,29.05,False
VPW-IND-OVEN-02,265,1.894,49.22,19.22,False
VPW-IND-OVEN-02,266,1.916,48.86,25.89,False
VPW-IND-OVEN-02,267,1.808,50.37,26.91,False
VPW-IND-OVEN-02,268,1.77,47.03,30.52,False
VPW-IND-OVEN-02,269,1.884,46.26,43.76,False
VPW-IND-OVEN-02,270,1.751,46.44,29.98,False
VPW-IND-OVEN-02,271,1.718,48.31,40.87,False
VPW-IND-OVEN-02,272,1.946,47.63,45.07,False
VPW-IND-OVEN-02,273,1.983,47.77,22.08,False
VPW-IND-OVEN-02,274,1.568,47.34,27.8,False
VPW-IND-OVEN-02,275,1.75,49.56,28.47,False
VPW-IND-OVEN-02,276,1.622,48.68,17.96,False
VPW-IND-OVEN-02,277,1.817,48.58,36.06,False
VPW-IND-OVEN-02,278,1.791,49.13,35.97,False
VPW-IND-OVEN-02,279,1.742,49.25,19.9,False
VPW-IND-OVEN-02,280,1.992,48.63,44.59,False
VPW-IND-OVEN-02,281,1.709,47.8,24.89,False
VPW-IND-OVEN-02,282,1.947,49.81,30.24,False
VPW-IND-OVEN-02,283,1.873,49.19,39.67,False
VPW-IND-OVEN-02,284,1.8,49.55,18.94,False
VPW-IND-OVEN-02,285,1.747,49.53,38.08,False
VPW-IND-OVEN-02,286,1.763,49.65,29.0,False
VPW-IND-OVEN-02,287,1.878,48.55,27.36,False
VPW-IND-OVEN-02,288,1.817,49.74,33.36,False
VPW-IND-OVEN-02,289,1.872,50.47,23.98,False
VPW-IND-OVEN-02,290,1.611,49.5,20.85,False
VPW-IND-OVEN-02,291,1.803,47.11,24.57,False
VPW-IND-OVEN-02,292,1.557,49.75,45.32,False
VPW-IND-OVEN-02,293,1.754,48.95,35.95,False
VPW-IND-OVEN-02,294,1.73,48.04,25.97,False
VPW-IND-OVEN-02,295,1.637,49.38,23.05,False
VPW-IND-OVEN-02,296,1.762,48.89,23.78,False
VPW-IND-OVEN-02,297,1.921,49.96,33.37,False
VPW-IND-OVEN-02,298,1.876,49.57,46.41,False
VPW-IND-OVEN-02,299,1.914,48.54,39.33,False
VPW-IND-OVEN-02,300,1.913,50.46,42.01,False
VPW-IND-OVEN-02,301,1.955,50.3,36.92,False
VPW-IND-OVEN-02,302,1.891,50.07,45.36,False
VPW-IND-OVEN-02,303,1.988,50.57,28.09,False
VPW-IND-OVEN-02,304,2.041,48.93,41.91,False
VPW-IND-OVEN-02,305,2.02,49.64,46.62,False
VPW-IND-OVEN-02,306,1.977,51.9,24.04,False
VPW-IND-OVEN-02,307,2.097,50.59,27.92,False
VPW-IND-OVEN-02,308,2.148,51.73,25.14,False
VPW-IND-OVEN-02,309,2.017,49.8,35.28,False
VPW-IND-OVEN-02,310,2.071,49.58,28.53,False
VPW-IND-OVEN-02,311,1.973,48.76,27.94,False
VPW-IND-OVEN-02,312,2.035,49.82,44.94,False
VPW-IND-OVEN-02,313,2.179,49.92,26.04,False
VPW-IND-OVEN-02,314,2.308,51.8,22.89,False
VPW-IND-OVEN-02,315,2.209,51.11,44.48,False
VPW-IND-OVEN-02,316,2.078,50.38,32.35,False
VPW-IND-OVEN-02,317,2.149,48.93,18.96,False
VPW-IND-OVEN-02,318,2.288,51.71,25.23,False
VPW-IND-OVEN-02,319,2.26,52.54,42.36,False
VPW-IND-OVEN-02,320,2.194,51.45,18.59,False
VPW-IND-OVEN-02,321,2.236,51.17,17.65,False
VPW-IND-OVEN-02,322,2.118,49.99,31.61,False
VPW-IND-OVEN-02,323,2.122,50.71,38.38,False
VPW-IND-OVEN-02,324,2.201,51.65,18.44,False
VPW-IND-OVEN-02,325,2.134,52.19,23.98,False
VPW-IND-OVEN-02,326,2.089,51.34,40.66,False
VPW-IND-OVEN-02,327,2.128,51.62,25.43,False
VPW-IND-OVEN-02,328,2.155,52.15,24.4,False
VPW-IND-OVEN-02,329,2.16,51.07,43.05,False
VPW-IND-OVEN-02,330,2.195,51.25,42.39,False
VPW-IND-OVEN-02,331,1.976,50.62,45.22,False
VPW-IND-OVEN-02,332,2.116,52.42,27.7,False
VPW-IND-OVEN-02,333,2.226,51.57,25.37,False
VPW-IND-OVEN-02,334,2.015,50.56,24.53,False
VPW-IND-OVEN-02,335,2.154,50.68,41.85,False
VPW-IND-OVEN-02,336,1.988,51.71,33.55,False
VPW-IND-OVEN-02,337,1.922,52.15,32.73,False
VPW-IND-OVEN-02,338,1.95,51.58,25.42,False
VPW-IND-OVEN-02,339,1.956,51.45,29.55,False
VPW-IND-OVEN-02,340,1.926,51.11,30.99,False
VPW-IND-OVEN-02,341,2.014,51.64,39.69,False
VPW-IND-OVEN-02,342,1.892,51.61,32.56,False
VPW-IND-OVEN-02,343,1.879,51.19,19.9,False
VPW-IND-OVEN-02,344,1.84,51.48,28.84,False
VPW-IND-OVEN-02,345,1.78,51.63,31.72,False
VPW-IND-OVEN-02,346,1.78,51.35,41.38,False
VPW-IND-OVEN-02,347,1.951,51.87,19.1,False
VPW-IND-OVEN-02,348,1.947,51.56,39.95,False
VPW-IND-OVEN-02,349,1.798,50.6,26.11,False
VPW-IND-OVEN-02,350,1.791,50.92,20.92,False
VPW-IND-OVEN-02,351,1.815,50.36,19.3,False
VPW-IND-OVEN-02,352,1.724,51.14,34.53,False
VPW-IND-OVEN-02,353,1.758,51.27,40.5,False
VPW-IND-OVEN-02,354,1.692,51.52,18.15,False
VPW-IND-OVEN-02,355,1.672,50.9,35.33,False
VPW-IND-OVEN-02,356,1.728,51.68,19.6,False
VPW-IND-OVEN-02,357,1.645,51.06,41.16,False
VPW-IND-OVEN-02,358,1.706,52.19,28.8,False
VPW-IND-OVEN-02,359,1.697,50.99,44.4,False
VPW-IND-OVEN-02,360,1.648,50.26,28.19,False
VPW-IND-OVEN-02,361,1.833,51.43,30.66,False
VPW-IND-OVEN-02,362,1.902,50.82,22.98,False
VPW-IND-OVEN-02,363,1.721,50.61,41.48,False
VPW-IND-OVEN-02,364,1.918,50.1,33.42,False
VPW-IND-OVEN-02,365,1.803,51.61,42.69,False
VPW-IND-OVEN-02,366,1.732,50.28,42.43,False
VPW-IND-OVEN-02,367,1.708,51.27,24.82,False
VPW-IND-OVEN-02,368,1.711,50.28,34.76,False
VPW-IND-OVEN-02,369,1.789,50.73,23.11,False
VPW-IND-OVEN-02,370,1.73,50.89,36.97,False
VPW-IND-OVEN-02,371,2.041,50.25,18.65,False
VPW-IND-OVEN-02,372,1.993,50.17,26.2,False
VPW-IND-OVEN-02,373,2.009,51.08,25.09,False
VPW-IND-OVEN-02,374,1.934,51.26,19.76,False
VPW-IND-OVEN-02,375,2.02,49.35,34.99,False
VPW-IND-OVEN-02,376,1.799,50.44,26.09,False
VPW-IND-OVEN-02,377,1.727,50.37,37.53,False
VPW-IND-OVEN-02,378,1.999,50.61,30.12,False
VPW-IND-OVEN-02,379,1.962,50.04,27.73,False
VPW-IND-OVEN-02,380,1.995,48.7,44.04,False
VPW-IND-OVEN-02,381,2.047,48.45,23.69,False
VPW-IND-OVEN-02,382,2.085,49.27,35.29,False
VPW-IND-OVEN-02,383,2.06,50.12,25.89,False
VPW-IND-OVEN-02,384,1.961,49.66,19.98,False
VPW-IND-OVEN-02,385,2.014,49.75,36.37,False
VPW-IND-OVEN-02,386,2.188,49.18,43.09,False
VPW-IND-OVEN-02,387,2.196,49.84,41.75,False
VPW-IND-OVEN-02,388,2.167,50.41,45.18,False
VPW-IND-OVEN-02,389,2.15,49.79,23.71,False
VPW-IND-OVEN-02,390,2.314,49.87,45.48,False
VPW-IND-OVEN-02,391,2.222,49.69,31.85,False
VPW-IND-OVEN-02,392,2.266,49.63,30.47,False
VPW-IND-OVEN-02,393,2.135,49.65,38.32,False
VPW-IND-OVEN-02,394,2.061,49.12,31.71,False
VPW-IND-OVEN-02,395,2.213,49.46,36.83,False
VPW-IND-OVEN-02,396,2.296,49.15,45.77,False
VPW-IND-OVEN-02,397,2.155,48.34,26.98,False
VPW-IND-OVEN-02,398,2.146,48.73,43.83,False
VPW-IND-OVEN-02,399,2.217,48.3,39.08,False
VPW-IND-OVEN-02,400,2.269,48.16,30.69,False
VPW-IND-OVEN-02,401,2.104,49.24,44.09,False
VPW-IND-OVEN-02,402,2.185,48.39,45.41,False
VPW-IND-OVEN-02,403,2.258,49.19,23.25,False
VPW-IND-OVEN-02,404,2.292,47.25,21.39,False
VPW-IND-OVEN-02,405,2.169,48.67,18.3,False
VPW-IND-OVEN-02,406,2.12,48.87,45.82,False
VPW-IND-OVEN-02,407,2.14,47.68,32.04,False
VPW-IND-OVEN-02,408,1.976,49.65,45.15,False
VPW-IND-OVEN-02,409,2.211,48.2,33.33,False
VPW-IND-OVEN-02,410,2.102,48.53,32.68,False
VPW-IND-OVEN-02,411,2.172,49.25,24.74,False
VPW-IND-OVEN-02,412,2.02,49.68,35.05,False
VPW-IND-OVEN-02,413,2.025,47.15,43.66,False
VPW-IND-OVEN-02,414,1.988,47.32,24.44,False
VPW-IND-OVEN-02,415,2.087,48.68,33.11,False
VPW-IND-OVEN-02,416,2.127,49.32,24.64,False
VPW-IND-OVEN-02,417,1.792,48.07,34.6,False
VPW-IND-OVEN-02,418,2.001,48.04,19.62,False
VPW-IND-OVEN-02,419,1.94,49.36,20.42,False
VPW-IND-OVEN-02,420,1.871,50.1,37.84,False
VPW-IND-OVEN-02,421,1.8,48.46,35.13,False
VPW-IND-OVEN-02,422,1.896,48.91,29.11,False
VPW-IND-OVEN-02,423,1.984,49.49,25.27,False
VPW-IND-OVEN-02,424,1.695,49.7,44.88,False
VPW-IND-OVEN-02,425,1.784,48.39,45.13,False
VPW-IND-OVEN-02,426,1.697,47.89,26.22,False
VPW-IND-OVEN-02,427,1.775,48.27,45.49,False
VPW-IND-OVEN-02,428,1.739,49.99,44.42,False
VPW-IND-OVEN-02,429,1.655,48.81,27.18,False
VPW-IND-OVEN-02,430,1.732,49.71,34.96,False
VPW-IND-OVEN-02,431,1.657,48.52,41.97,False
VPW-IND-OVEN-02,432,1.659,49.02,43.64,False
VPW-IND-OVEN-02,433,1.82,48.51,32.0,False
VPW-IND-OVEN-02,434,1.859,49.32,37.43,False
VPW-IND-OVEN-02,435,1.684,49.56,28.19,False
VPW-IND-OVEN-02,436,1.813,48.65,39.13,False
VPW-IND-OVEN-02,437,1.779,47.98,28.78,False
VPW-IND-OVEN-02,438,1.843,50.0,26.23,False
VPW-IND-OVEN-02,439,1.668,49.46,39.5,False
VPW-IND-OVEN-02,440,1.84,48.65,37.4,False
VPW-IND-OVEN-02,441,1.899,50.22,23.41,False
VPW-IND-OVEN-02,442,1.932,49.05,31.55,False
VPW-IND-OVEN-02,443,1.82,50.09,36.67,False
VPW-IND-OVEN-02,444,1.831,50.11,25.46,False
VPW-IND-OVEN-02,445,1.676,49.5,37.35,False
VPW-IND-OVEN-02,446,1.975,49.44,20.02,False
VPW-IND-OVEN-02,447,1.824,47.75,23.77,False
VPW-IND-OVEN-02,448,1.963,49.87,38.52,False
VPW-IND-OVEN-02,449,1.872,49.69,37.88,False
VPW-IND-OVEN-02,450,1.814,49.77,24.25,False
VPW-IND-OVEN-02,451,2.041,50.4,28.35,False
VPW-IND-OVEN-02,452,1.955,50.13,30.0,False
VPW-IND-OVEN-02,453,2.116,48.86,38.2,False
VPW-IND-OVEN-02,454,2.166,50.51,27.35,False
VPW-IND-OVEN-02,455,1.88,50.36,35.97,False
VPW-IND-OVEN-02,456,2.052,50.74,36.97,False
VPW-IND-OVEN-02,457,2.207,50.41,37.6,False
VPW-IND-OVEN-02,458,2.183,50.67,41.38,False
VPW-IND-OVEN-02,459,1.96,51.94,27.85,False
VPW-IND-OVEN-02,460,2.226,51.11,32.87,False
VPW-IND-OVEN-02,461,2.198,51.48,23.22,False
VPW-IND-OVEN-02,462,2.127,51.71,27.78,False
VPW-IND-OVEN-02,463,2.02,50.26,45.4,False
VPW-IND-OVEN-02,464,2.098,50.83,39.89,False
VPW-IND-OVEN-02,465,2.024,50.99,31.4,False
VPW-IND-OVEN-02,466,2.111,51.48,23.75,False
VPW-IND-OVEN-02,467,2.36,51.83,37.8,False
VPW-IND-OVEN-02,468,2.188,50.38,38.66,False
VPW-IND-OVEN-02,469,2.437,50.36,26.23,False
VPW-IND-OVEN-02,470,2.267,49.88,44.42,False
VPW-IND-OVEN-02,471,2.234,50.46,19.49,False
VPW-IND-OVEN-02,472,2.251,51.96,29.41,False
VPW-IND-OVEN-02,473,2.266,51.63,44.06,False
VPW-IND-OVEN-02,474,2.195,49.96,45.1,False
VPW-IND-OVEN-02,475,2.218,51.6,20.59,False
VPW-IND-OVEN-02,476,2.197,51.27,44.72,False
VPW-IND-OVEN-02,477,2.036,50.83,36.05,False
VPW-IND-OVEN-02,478,2.2,50.55,44.54,False
VPW-IND-OVEN-02,479,2.13,52.56,29.83,False
VPW-IND-OVEN-02,480,2.301,50.16,32.3,False
VPW-IND-OVEN-02,481,2.171,53.19,23.92,False
VPW-IND-OVEN-02,482,2.002,52.41,32.56,False
VPW-IND-OVEN-02,483,2.224,51.24,32.39,False
VPW-IND-OVEN-02,484,2.131,52.87,46.56,False
VPW-IND-OVEN-02,485,2.147,51.05,18.55,False
VPW-IND-OVEN-02,486,2.031,50.74,39.07,False
VPW-IND-OVEN-02,487,2.049,52.96,28.44,False
VPW-IND-OVEN-02,488,2.061,52.01,43.95,False
VPW-IND-OVEN-02,489,1.957,52.14,19.08,False
VPW-IND-OVEN-02,490,2.038,51.62,19.83,False
VPW-IND-OVEN-02,491,1.93,50.95,37.16,False
VPW-IND-OVEN-02,492,2.047,53.03,28.86,False
VPW-IND-OVEN-02,493,2.042,51.53,39.66,False
VPW-IND-OVEN-02,494,1.816,52.22,43.61,False
VPW-IND-OVEN-02,495,1.877,52.05,19.11,False
VPW-IND-OVEN-02,496,1.894,51.35,38.7,False
VPW-IND-OVEN-02,497,1.904,51.7,22.91,False
VPW-IND-OVEN-02,498,1.843,51.97,37.95,False
VPW-IND-OVEN-02,499,1.86,51.15,43.3,False
VPW-IND-OVEN-02,500,1.842,51.93,37.86,False
VPW-IND-OVEN-02,501,1.782,51.19,21.32,False
VPW-IND-OVEN-02,502,1.809,51.3,24.99,False
VPW-IND-OVEN-02,503,1.865,51.15,21.83,False
VPW-IND-OVEN-02,504,1.8,52.27,44.62,False
VPW-IND-OVEN-02,505,1.638,52.51,41.97,False
VPW-IND-OVEN-02,506,1.772,50.63,20.87,False
VPW-IND-OVEN-02,507,1.867,51.78,22.26,False
VPW-IND-OVEN-02,508,1.88,52.38,24.46,False
VPW-IND-OVEN-02,509,1.849,51.74,31.17,False
VPW-IND-OVEN-02,510,1.653,51.91,31.74,False
VPW-IND-OVEN-02,511,1.891,52.41,29.28,False
VPW-IND-OVEN-02,512,2.011,51.79,25.24,False
VPW-IND-OVEN-02,513,1.885,51.18,35.52,False
VPW-IND-OVEN-02,514,1.868,51.09,25.33,False
VPW-IND-OVEN-02,515,1.841,52.02,25.4,False
VPW-IND-OVEN-02,516,1.872,51.18,35.7,False
VPW-IND-OVEN-02,517,1.714,50.26,24.48,False
VPW-IND-OVEN-02,518,1.682,51.88,31.45,False
VPW-IND-OVEN-02,519,1.958,51.59,33.79,False
VPW-IND-OVEN-02,520,1.889,50.24,43.37,False
VPW-IND-OVEN-02,521,1.887,51.19,25.28,False
VPW-IND-OVEN-02,522,2.023,49.71,19.57,False
VPW-IND-OVEN-02,523,1.919,49.98,38.91,False
VPW-IND-OVEN-02,524,1.855,51.3,33.05,False
VPW-IND-OVEN-02,525,2.092,49.8,27.67,False
VPW-IND-OVEN-02,526,1.987,51.37,24.18,False
VPW-IND-OVEN-02,527,2.122,50.53,17.98,False
VPW-IND-OVEN-02,528,1.899,50.81,24.26,False
VPW-IND-OVEN-02,529,2.125,51.5,43.67,False
VPW-IND-OVEN-02,530,2.075,50.23,29.37,False
VPW-IND-OVEN-02,531,2.035,50.58,19.32,False
VPW-IND-OVEN-02,532,1.959,50.93,44.83,False
VPW-IND-OVEN-02,533,2.249,50.79,24.58,False
VPW-IND-OVEN-02,534,2.243,50.53,39.03,False
VPW-IND-OVEN-02,535,2.119,50.37,40.66,False
VPW-IND-OVEN-02,536,2.088,50.16,39.22,False
VPW-IND-OVEN-02,537,2.232,48.4,28.87,False
VPW-IND-OVEN-02,538,2.24,51.36,18.68,False
VPW-IND-OVEN-02,539,2.24,49.68,34.28,False
VPW-IND-OVEN-02,540,2.037,50.98,24.8,False
VPW-IND-OVEN-02,541,2.156,49.69,24.38,False
VPW-IND-OVEN-02,542,2.186,48.05,34.18,False
VPW-IND-OVEN-02,543,2.204,49.14,33.81,False
VPW-IND-OVEN-02,544,2.296,49.47,41.96,False
VPW-IND-OVEN-02,545,2.146,48.75,20.65,False
VPW-IND-OVEN-02,546,2.214,50.95,33.47,False
VPW-IND-OVEN-02,547,2.167,50.39,43.97,False
VPW-IND-OVEN-02,548,2.25,48.81,30.44,False
VPW-IND-OVEN-02,549,2.242,49.84,21.41,False
VPW-IND-OVEN-02,550,2.278,48.33,20.91,False
VPW-IND-OVEN-02,551,2.3,49.22,44.66,False
VPW-IND-OVEN-02,552,2.284,47.83,31.31,False
VPW-IND-OVEN-02,553,2.099,49.79,45.54,False
VPW-IND-OVEN-02,554,2.219,50.28,31.48,False
VPW-IND-OVEN-02,555,2.188,48.81,21.28,False
VPW-IND-OVEN-02,556,2.296,47.92,37.66,False
VPW-IND-OVEN-02,557,2.167,49.24,43.12,False
VPW-IND-OVEN-02,558,2.09,47.44,25.64,False
VPW-IND-OVEN-02,559,2.167,47.86,37.8,False
VPW-IND-OVEN-02,560,2.136,48.81,33.08,False
VPW-IND-OVEN-02,561,2.124,49.01,41.05,False
VPW-IND-OVEN-02,562,2.046,48.83,34.34,False
VPW-IND-OVEN-02,563,1.973,50.21,44.18,False
VPW-IND-OVEN-02,564,2.073,50.05,23.38,False
VPW-IND-OVEN-02,565,1.995,49.58,32.31,False
VPW-IND-OVEN-02,566,1.983,49.54,34.13,False
VPW-IND-OVEN-02,567,2.086,48.94,23.11,False
VPW-IND-OVEN-02,568,1.958,47.57,41.47,False
VPW-IND-OVEN-02,569,1.985,50.04,45.8,False
VPW-IND-OVEN-02,570,1.913,48.57,28.64,False
VPW-IND-OVEN-02,571,2.015,48.01,24.55,False
VPW-IND-OVEN-02,572,1.878,49.47,22.71,False
VPW-IND-OVEN-02,573,1.915,48.63,21.72,False
VPW-IND-OVEN-02,574,1.746,48.54,37.94,False
VPW-IND-OVEN-02,575,2.012,49.79,39.86,False
VPW-IND-OVEN-02,576,1.867,48.11,33.06,False
VPW-IND-OVEN-02,577,1.777,50.28,26.55,False
VPW-IND-OVEN-02,578,1.767,49.22,44.56,False
VPW-IND-OVEN-02,579,1.691,49.58,36.91,False
VPW-IND-OVEN-02,580,1.814,48.83,37.66,False
VPW-IND-OVEN-02,581,1.932,50.1,20.05,False
VPW-IND-OVEN-02,582,1.771,49.63,45.0,False
VPW-IND-OVEN-02,583,1.763,49.42,44.47,False
VPW-IND-OVEN-02,584,1.755,49.79,29.87,False
VPW-IND-OVEN-02,585,1.85,49.54,45.42,False
VPW-IND-OVEN-02,586,1.987,49.35,27.78,False
VPW-IND-OVEN-02,587,1.913,50.64,24.43,False
VPW-IND-OVEN-02,588,1.774,50.0,24.72,False
VPW-IND-OVEN-02,589,1.806,48.06,28.74,False
VPW-IND-OVEN-02,590,1.864,49.2,44.67,False
VPW-IND-OVEN-02,591,1.784,50.04,32.12,False
VPW-IND-OVEN-02,592,1.808,50.63,40.51,False
VPW-IND-OVEN-02,593,1.979,50.72,24.23,False
VPW-IND-OVEN-02,594,2.031,50.97,33.88,False
VPW-IND-OVEN-02,595,2.006,51.55,38.51,False
VPW-IND-OVEN-02,596,2.121,49.38,30.93,False
VPW-IND-OVEN-02,597,2.046,51.57,37.09,False
VPW-IND-OVEN-02,598,1.996,50.83,39.95,False
VPW-IND-OVEN-02,599,2.006,49.88,19.82,False
VPW-IND-OVEN-02,600,1.963,49.68,39.57,False
VPW-IND-OVEN-02,601,1.722,50.09,23.82,False
VPW-IND-OVEN-02,602,2.186,51.74,38.3,False
VPW-IND-OVEN-02,603,2.152,50.56,45.86,False
VPW-IND-OVEN-02,604,1.986,50.2,37.51,False
VPW-IND-OVEN-02,605,2.007,50.53,38.44,False
VPW-IND-OVEN-02,606,2.026,50.43,21.58,False
VPW-IND-OVEN-02,607,1.997,51.72,38.89,False
VPW-IND-OVEN-02,608,1.918,50.95,44.03,False
VPW-IND-OVEN-02,609,2.078,51.56,24.02,False
VPW-IND-OVEN-02,610,2.176,52.18,41.23,False
VPW-IND-OVEN-02,611,2.113,50.47,21.31,False
VPW-IND-OVEN-02,612,2.248,51.57,21.09,False
VPW-IND-OVEN-02,613,1.904,51.66,23.78,False
VPW-IND-OVEN-02,614,2.195,50.36,24.48,False
VPW-IND-OVEN-02,615,2.34,50.44,23.77,False
VPW-IND-OVEN-02,616,2.253,51.79,42.54,False
VPW-IND-OVEN-02,617,2.293,50.42,40.95,False
VPW-IND-OVEN-02,618,2.16,52.12,34.07,False
VPW-IND-OVEN-02,619,2.265,52.88,30.65,False
VPW-IND-OVEN-02,620,2.322,53.17,39.36,False
VPW-IND-OVEN-02,621,2.24,52.89,46.34,False
VPW-IND-OVEN-02,622,2.229,50.62,42.29,False
VPW-IND-OVEN-02,623,2.262,51.62,36.29,False
VPW-IND-OVEN-02,624,2.298,51.55,33.12,False
VPW-IND-OVEN-02,625,2.293,52.66,33.25,False
VPW-IND-OVEN-02,626,2.434,51.9,42.39,False
VPW-IND-OVEN-02,627,2.322,52.11,37.0,False
VPW-IND-OVEN-02,628,2.308,53.23,24.63,False
VPW-IND-OVEN-02,629,2.296,52.15,43.53,False
VPW-IND-OVEN-02,630,2.101,53.07,43.6,False
VPW-IND-OVEN-02,631,1.972,51.01,28.18,False
VPW-IND-OVEN-02,632,2.278,52.21,42.94,False
VPW-IND-OVEN-02,633,2.328,51.95,36.84,False
VPW-IND-OVEN-02,634,2.07,52.33,22.24,False
VPW-IND-OVEN-02,635,2.221,53.1,37.08,False
VPW-IND-OVEN-02,636,2.107,52.26,25.88,False
VPW-IND-OVEN-02,637,1.98,51.95,36.88,False
VPW-IND-OVEN-02,638,2.114,52.93,31.13,False
VPW-IND-OVEN-02,639,2.082,52.61,26.07,False
VPW-IND-OVEN-02,640,2.117,52.49,26.74,False
VPW-IND-OVEN-02,641,2.054,52.93,19.45,False
VPW-IND-OVEN-02,642,2.177,53.35,33.79,False
VPW-IND-OVEN-02,643,2.031,52.79,22.18,False
VPW-IND-OVEN-02,644,1.959,52.44,30.24,False
VPW-IND-OVEN-02,645,2.064,51.57,38.97,False
VPW-IND-OVEN-02,646,1.999,51.5,40.9,False
VPW-IND-OVEN-02,647,1.901,53.55,30.21,False
VPW-IND-OVEN-02,648,2.037,52.91,38.32,False
VPW-IND-OVEN-02,649,1.88,52.76,38.28,False
VPW-IND-OVEN-02,650,2.081,51.97,24.5,False
VPW-IND-OVEN-02,651,1.824,52.99,23.94,False
VPW-IND-OVEN-02,652,1.8,51.89,32.6,False
VPW-IND-OVEN-02,653,1.957,51.18,29.08,False
VPW-IND-OVEN-02,654,1.776,51.12,38.39,False
VPW-IND-OVEN-02,655,1.718,51.81,43.45,False
VPW-IND-OVEN-02,656,1.794,51.94,33.67,False
VPW-IND-OVEN-02,657,1.888,53.98,18.69,False
VPW-IND-OVEN-02,658,1.704,53.25,21.56,False
VPW-IND-OVEN-02,659,1.757,52.55,29.89,False
VPW-IND-OVEN-02,660,1.909,51.48,39.94,False
VPW-IND-OVEN-02,661,1.99,52.21,20.35,False
VPW-IND-OVEN-02,662,2.0,51.46,25.45,False
VPW-IND-OVEN-02,663,1.877,52.97,43.44,False
VPW-IND-OVEN-02,664,1.805,52.08,32.87,False
VPW-IND-OVEN-02,665,1.841,52.85,44.91,False
VPW-IND-OVEN-02,666,1.741,51.54,22.58,False
VPW-IND-OVEN-02,667,1.837,51.24,40.4,False
VPW-IND-OVEN-02,668,1.885,50.99,28.76,False
VPW-IND-OVEN-02,669,1.8,51.29,28.6,False
VPW-IND-OVEN-02,670,1.849,50.39,28.22,False
VPW-IND-OVEN-02,671,1.982,51.44,41.21,False
VPW-IND-OVEN-02,672,2.053,49.55,46.16,False
VPW-IND-OVEN-02,673,2.014,50.44,41.98,False
VPW-IND-OVEN-02,674,1.888,51.49,23.13,False
VPW-IND-OVEN-02,675,2.069,50.34,33.65,False
VPW-IND-OVEN-02,676,2.009,52.0,26.88,False
VPW-IND-OVEN-02,677,2.1,51.65,36.98,False
VPW-IND-OVEN-02,678,2.048,49.59,30.59,False
VPW-IND-OVEN-02,679,2.211,50.68,34.42,False
VPW-IND-OVEN-02,680,2.007,52.11,20.64,False
VPW-IND-OVEN-02,681,2.058,50.85,19.46,False
VPW-IND-OVEN-02,682,2.184,50.89,26.27,False
VPW-IND-OVEN-02,683,2.147,50.5,43.53,False
VPW-IND-OVEN-02,684,2.115,50.2,34.67,False
VPW-IND-OVEN-02,685,2.298,49.1,43.53,False
VPW-IND-OVEN-02,686,2.283,51.23,24.57,False
VPW-IND-OVEN-02,687,2.146,50.3,39.28,False
VPW-IND-OVEN-02,688,2.198,50.89,28.77,False
VPW-IND-OVEN-02,689,2.149,49.55,19.96,False
VPW-IND-OVEN-02,690,2.247,50.25,17.54,False
VPW-IND-OVEN-02,691,2.148,50.28,23.09,False
VPW-IND-OVEN-02,692,2.346,49.91,27.1,False
VPW-IND-OVEN-02,693,2.336,49.87,37.08,False
VPW-IND-OVEN-02,694,2.244,49.6,27.47,False
VPW-IND-OVEN-02,695,2.403,51.34,39.43,False
VPW-IND-OVEN-02,696,2.247,50.3,23.79,False
VPW-IND-OVEN-02,697,2.381,50.5,43.13,False
VPW-IND-OVEN-02,698,2.178,49.36,45.53,False
VPW-IND-OVEN-02,699,2.26,49.54,44.43,False
VPW-IND-OVEN-02,700,2.227,49.32,37.15,False
VPW-IND-OVEN-02,701,2.371,50.16,42.62,False
VPW-IND-OVEN-02,702,2.219,48.96,23.96,False
VPW-IND-OVEN-02,703,2.228,51.2,43.29,False
VPW-IND-OVEN-02,704,2.072,50.43,38.39,False
VPW-IND-OVEN-02,705,2.254,50.01,31.32,False
VPW-IND-OVEN-02,706,2.245,49.83,34.23,False
VPW-IND-OVEN-02,707,2.22,49.35,36.8,False
VPW-IND-OVEN-02,708,2.32,48.79,43.45,False
VPW-IND-OVEN-02,709,2.172,48.9,20.98,False
VPW-IND-OVEN-02,710,2.417,48.78,19.99,False
VPW-IND-OVEN-02,711,2.143,48.79,21.61,False
VPW-IND-OVEN-02,712,2.196,49.22,39.32,False
VPW-IND-OVEN-02,713,2.199,50.2,22.39,False
VPW-IND-OVEN-02,714,2.106,47.67,31.84,False
VPW-IND-OVEN-02,715,2.076,50.07,24.64,False
VPW-IND-OVEN-02,716,1.927,50.27,33.45,False
VPW-IND-OVEN-02,717,1.981,48.71,18.53,False
VPW-IND-OVEN-02,718,2.1,49.91,45.34,False
VPW-IND-OVEN-02,719,2.058,49.47,32.57,False
VPW-IND-OVEN-03,0,1.581,50.82,22.68,False
VPW-IND-OVEN-03,1,1.448,49.12,27.11,False
VPW-IND-OVEN-03,2,1.521,48.56,45.16,False
VPW-IND-OVEN-03,3,1.61,49.65,31.49,False
VPW-IND-OVEN-03,4,1.515,49.86,32.8,False
VPW-IND-OVEN-03,5,1.521,48.16,43.7,False
VPW-IND-OVEN-03,6,1.539,49.51,28.95,False
VPW-IND-OVEN-03,7,1.649,48.37,30.92,False
VPW-IND-OVEN-03,8,1.67,49.12,35.42,False
VPW-IND-OVEN-03,9,1.563,50.47,34.2,False
VPW-IND-OVEN-03,10,1.541,49.07,28.53,False
VPW-IND-OVEN-03,11,1.576,50.06,24.39,False
VPW-IND-OVEN-03,12,1.785,49.78,21.2,False
VPW-IND-OVEN-03,13,1.701,51.24,34.29,False
VPW-IND-OVEN-03,14,1.598,50.31,19.13,False
VPW-IND-OVEN-03,15,1.517,49.13,35.66,False
VPW-IND-OVEN-03,16,1.615,49.91,39.35,False
VPW-IND-OVEN-03,17,1.615,49.28,26.93,False
VPW-IND-OVEN-03,18,1.715,50.36,23.14,False
VPW-IND-OVEN-03,19,1.687,50.92,36.59,False
VPW-IND-OVEN-03,20,1.713,50.83,31.22,False
VPW-IND-OVEN-03,21,1.724,51.01,39.02,False
VPW-IND-OVEN-03,22,1.588,49.45,42.32,False
VPW-IND-OVEN-03,23,1.579,50.7,41.74,False
VPW-IND-OVEN-03,24,1.648,50.11,22.64,False
VPW-IND-OVEN-03,25,1.78,50.51,24.12,False
VPW-IND-OVEN-03,26,1.674,50.22,25.26,False
VPW-IND-OVEN-03,27,1.703,50.32,41.15,False
VPW-IND-OVEN-03,28,1.589,51.1,23.01,False
VPW-IND-OVEN-03,29,1.647,50.73,26.87,False
VPW-IND-OVEN-03,30,1.684,51.01,36.33,False
VPW-IND-OVEN-03,31,1.735,49.54,36.19,False
VPW-IND-OVEN-03,32,1.536,49.81,35.39,False
VPW-IND-OVEN-03,33,1.723,51.07,40.4,False
VPW-IND-OVEN-03,34,1.511,49.21,40.99,False
VPW-IND-OVEN-03,35,1.489,50.78,24.45,False
VPW-IND-OVEN-03,36,1.583,49.99,30.63,False
VPW-IND-OVEN-03,37,1.403,51.01,35.37,False
VPW-IND-OVEN-03,38,1.46,49.95,19.85,False
VPW-IND-OVEN-03,39,1.531,51.84,27.36,False
VPW-IND-OVEN-03,40,1.526,50.19,19.9,False
VPW-IND-OVEN-03,41,1.489,50.65,30.83,False
VPW-IND-OVEN-03,42,1.459,51.32,31.23,False
VPW-IND-OVEN-03,43,1.337,51.37,31.49,False
VPW-IND-OVEN-03,44,1.553,49.52,44.67,False
VPW-IND-OVEN-03,45,1.463,50.97,44.25,False
VPW-IND-OVEN-03,46,1.37,50.99,21.42,False
VPW-IND-OVEN-03,47,1.318,51.03,41.71,False
VPW-IND-OVEN-03,48,1.204,50.45,37.17,False
VPW-IND-OVEN-03,49,1.333,50.76,41.14,False
VPW-IND-OVEN-03,50,1.202,51.28,24.08,False
VPW-IND-OVEN-03,51,1.358,50.52,44.24,False
VPW-IND-OVEN-03,52,1.222,51.88,41.6,False
VPW-IND-OVEN-03,53,1.342,50.85,21.68,False
VPW-IND-OVEN-03,54,1.226,49.84,19.54,False
VPW-IND-OVEN-03,55,1.374,49.02,18.95,False
VPW-IND-OVEN-03,56,1.206,49.96,27.49,False
VPW-IND-OVEN-03,57,1.241,51.32,23.71,False
VPW-IND-OVEN-03,58,1.351,50.8,19.44,False
VPW-IND-OVEN-03,59,1.324,50.98,23.89,False
VPW-IND-OVEN-03,60,1.345,50.18,37.71,False
VPW-IND-OVEN-03,61,1.324,50.17,38.94,False
VPW-IND-OVEN-03,62,1.333,50.11,24.22,False
VPW-IND-OVEN-03,63,1.465,49.73,22.52,False
VPW-IND-OVEN-03,64,1.259,49.42,27.96,False
VPW-IND-OVEN-03,65,1.164,50.57,21.41,False
VPW-IND-OVEN-03,66,1.2,49.43,43.72,False
VPW-IND-OVEN-03,67,1.337,49.76,22.47,False
VPW-IND-OVEN-03,68,1.392,49.48,33.72,False
VPW-IND-OVEN-03,69,1.429,50.8,27.42,False
VPW-IND-OVEN-03,70,1.192,49.57,34.03,False
VPW-IND-OVEN-03,71,1.437,50.34,18.77,False
VPW-IND-OVEN-03,72,1.301,49.11,30.22,False
VPW-IND-OVEN-03,73,1.447,48.86,30.09,False
VPW-IND-OVEN-03,74,1.569,49.76,41.79,False
VPW-IND-OVEN-03,75,1.546,49.38,22.8,False
VPW-IND-OVEN-03,76,1.721,49.25,43.02,False
VPW-IND-OVEN-03,77,1.57,49.63,32.96,False
VPW-IND-OVEN-03,78,1.605,49.15,34.81,False
VPW-IND-OVEN-03,79,1.558,48.01,30.48,False
VPW-IND-OVEN-03,80,1.613,47.45,42.17,False
VPW-IND-OVEN-03,81,1.566,48.14,21.03,False
VPW-IND-OVEN-03,82,1.637,49.39,33.56,False
VPW-IND-OVEN-03,83,1.48,48.87,19.02,False
VPW-IND-OVEN-03,84,1.774,49.31,28.23,False
VPW-IND-OVEN-03,85,1.711,49.81,27.89,False
VPW-IND-OVEN-03,86,1.626,48.57,23.2,False
VPW-IND-OVEN-03,87,1.868,48.24,36.27,False
VPW-IND-OVEN-03,88,1.612,48.47,39.01,False
VPW-IND-OVEN-03,89,1.629,48.81,31.1,False
VPW-IND-OVEN-03,90,1.657,48.52,25.95,False
VPW-IND-OVEN-03,91,1.741,48.13,44.89,False
VPW-IND-OVEN-03,92,1.781,47.9,32.6,False
VPW-IND-OVEN-03,93,1.816,47.3,44.82,False
VPW-IND-OVEN-03,94,1.763,48.57,29.93,False
VPW-IND-OVEN-03,95,1.796,47.39,18.92,False
VPW-IND-OVEN-03,96,1.842,48.74,23.17,False
VPW-IND-OVEN-03,97,1.676,47.98,33.09,False
VPW-IND-OVEN-03,98,1.771,48.18,29.4,False
VPW-IND-OVEN-03,99,1.776,47.75,37.14,False
VPW-IND-OVEN-03,100,1.604,48.45,32.18,False
VPW-IND-OVEN-03,101,1.763,47.92,21.16,False
VPW-IND-OVEN-03,102,1.635,47.31,40.16,False
VPW-IND-OVEN-03,103,1.767,48.47,34.75,False
VPW-IND-OVEN-03,104,1.738,49.69,22.43,False
VPW-IND-OVEN-03,105,1.714,48.26,22.77,False
VPW-IND-OVEN-03,106,1.611,46.83,38.45,False
VPW-IND-OVEN-03,107,1.735,47.62,24.37,False
VPW-IND-OVEN-03,108,1.634,46.63,21.6,False
VPW-IND-OVEN-03,109,1.581,48.4,33.03,False
VPW-IND-OVEN-03,110,1.699,48.12,40.28,False
VPW-IND-OVEN-03,111,1.411,46.88,46.28,False
VPW-IND-OVEN-03,112,1.478,46.13,30.95,False
VPW-IND-OVEN-03,113,1.481,47.42,22.1,False
VPW-IND-OVEN-03,114,1.494,47.22,43.28,False
VPW-IND-OVEN-03,115,1.534,47.0,28.39,False
VPW-IND-OVEN-03,116,1.405,47.5,25.28,False
VPW-IND-OVEN-03,117,1.651,48.11,33.04,False
VPW-IND-OVEN-03,118,1.325,49.27,22.32,False
VPW-IND-OVEN-03,119,1.388,48.96,31.65,False
VPW-IND-OVEN-03,120,1.26,47.96,38.51,False
VPW-IND-OVEN-03,121,1.293,47.43,30.4,False
VPW-IND-OVEN-03,122,1.438,47.92,33.25,False
VPW-IND-OVEN-03,123,1.334,46.67,39.56,False
VPW-IND-OVEN-03,124,1.379,47.37,41.67,False
VPW-IND-OVEN-03,125,1.4,48.69,41.97,False
VPW-IND-OVEN-03,126,1.167,47.35,38.96,False
VPW-IND-OVEN-03,127,1.164,47.68,22.91,False
VPW-IND-OVEN-03,128,1.322,48.73,22.35,False
VPW-IND-OVEN-03,129,1.265,47.07,35.99,False
VPW-IND-OVEN-03,130,1.175,48.13,32.58,False
VPW-IND-OVEN-03,131,1.397,47.36,25.07,False
VPW-IND-OVEN-03,132,1.327,48.39,25.11,False
VPW-IND-OVEN-03,133,1.35,48.18,39.71,False
VPW-IND-OVEN-03,134,1.308,49.66,21.74,False
VPW-IND-OVEN-03,135,1.009,48.94,44.33,False
VPW-IND-OVEN-03,136,1.338,48.46,37.35,False
VPW-IND-OVEN-03,137,1.381,48.66,24.94,False
VPW-IND-OVEN-03,138,1.248,48.57,29.88,False
VPW-IND-OVEN-03,139,1.432,48.88,25.06,False
VPW-IND-OVEN-03,140,1.401,48.28,33.69,False
VPW-IND-OVEN-03,141,1.317,48.3,40.06,False
VPW-IND-OVEN-03,142,1.361,49.49,42.14,False
VPW-IND-OVEN-03,143,1.388,46.92,32.33,False
VPW-IND-OVEN-03,144,1.347,49.34,27.92,False
VPW-IND-OVEN-03,145,1.396,50.66,40.78,False
VPW-IND-OVEN-03,146,1.389,49.36,37.22,False
VPW-IND-OVEN-03,147,1.432,50.03,33.7,False
VPW-IND-OVEN-03,148,1.389,48.99,31.13,False
VPW-IND-OVEN-03,149,1.424,49.86,40.01,False
VPW-IND-OVEN-03,150,1.345,51.34,38.24,False
VPW-IND-OVEN-03,151,1.553,49.38,29.25,False
VPW-IND-OVEN-03,152,1.48,49.69,42.73,False
VPW-IND-OVEN-03,153,1.54,48.89,23.89,False
VPW-IND-OVEN-03,154,1.652,48.87,19.84,False
VPW-IND-OVEN-03,155,1.621,48.4,25.71,False
VPW-IND-OVEN-03,156,1.743,50.33,30.8,False
VPW-IND-OVEN-03,157,1.654,50.85,32.1,False
VPW-IND-OVEN-03,158,1.708,50.88,40.42,False
VPW-IND-OVEN-03,159,1.573,49.87,18.58,False
VPW-IND-OVEN-03,160,1.752,50.48,19.47,False
VPW-IND-OVEN-03,161,1.515,50.89,18.44,False
VPW-IND-OVEN-03,162,1.76,51.9,40.88,False
VPW-IND-OVEN-03,163,1.918,50.78,44.28,False
VPW-IND-OVEN-03,164,1.527,50.02,26.39,False
VPW-IND-OVEN-03,165,1.688,50.99,39.42,False
VPW-IND-OVEN-03,166,1.54,50.6,26.83,False
VPW-IND-OVEN-03,167,1.709,50.42,19.75,False
VPW-IND-OVEN-03,168,1.746,51.45,22.23,False
VPW-IND-OVEN-03,169,1.718,50.13,17.02,False
VPW-IND-OVEN-03,170,1.684,50.94,45.73,False
VPW-IND-OVEN-03,171,1.785,49.24,22.7,False
VPW-IND-OVEN-03,172,1.606,50.93,36.24,False
VPW-IND-OVEN-03,173,1.759,50.17,19.82,False
VPW-IND-OVEN-03,174,1.805,51.24,18.06,False
VPW-IND-OVEN-03,175,1.629,50.69,44.0,False
VPW-IND-OVEN-03,176,1.833,50.58,19.84,False
VPW-IND-OVEN-03,177,1.73,49.84,23.62,False
VPW-IND-OVEN-03,178,1.807,51.49,35.6,False
VPW-IND-OVEN-03,179,1.647,51.46,33.27,False
VPW-IND-OVEN-03,180,1.741,52.35,37.17,False
VPW-IND-OVEN-03,181,1.765,51.3,41.83,False
VPW-IND-OVEN-03,182,1.609,50.59,36.99,False
VPW-IND-OVEN-03,183,1.819,51.34,29.86,False
VPW-IND-OVEN-03,184,1.613,49.58,19.23,False
VPW-IND-OVEN-03,185,1.557,52.25,44.51,False
VPW-IND-OVEN-03,186,1.636,49.47,22.82,False
VPW-IND-OVEN-03,187,1.592,52.45,26.31,False
VPW-IND-OVEN-03,188,1.607,50.26,24.57,False
VPW-IND-OVEN-03,189,1.719,50.69,18.58,False
VPW-IND-OVEN-03,190,1.405,51.09,23.97,False
VPW-IND-OVEN-03,191,1.483,52.36,41.65,False
VPW-IND-OVEN-03,192,1.513,51.67,39.92,False
VPW-IND-OVEN-03,193,1.448,51.07,42.25,False
VPW-IND-OVEN-03,194,1.612,50.83,22.16,False
VPW-IND-OVEN-03,195,1.497,52.56,29.56,False
VPW-IND-OVEN-03,196,1.418,51.4,22.32,False
VPW-IND-OVEN-03,197,1.51,49.99,27.44,False
VPW-IND-OVEN-03,198,1.527,52.44,22.43,False
VPW-IND-OVEN-03,199,1.415,51.02,22.44,False
VPW-IND-OVEN-03,200,1.377,51.64,34.06,False
VPW-IND-OVEN-03,201,1.371,50.96,24.69,False
VPW-IND-OVEN-03,202,1.505,52.42,40.04,False
VPW-IND-OVEN-03,203,1.307,50.96,23.86,False
VPW-IND-OVEN-03,204,1.358,51.51,32.45,False
VPW-IND-OVEN-03,205,1.398,51.68,39.05,False
VPW-IND-OVEN-03,206,1.212,51.86,38.27,False
VPW-IND-OVEN-03,207,1.272,50.92,38.37,False
VPW-IND-OVEN-03,208,1.356,50.89,26.55,False
VPW-IND-OVEN-03,209,1.322,51.06,30.24,False
VPW-IND-OVEN-03,210,1.228,52.45,25.08,False
VPW-IND-OVEN-03,211,1.224,50.75,38.19,False
VPW-IND-OVEN-03,212,1.307,51.17,29.61,False
VPW-IND-OVEN-03,213,1.237,49.54,41.03,False
VPW-IND-OVEN-03,214,1.327,49.75,20.94,False
VPW-IND-OVEN-03,215,1.32,50.38,30.47,False
VPW-IND-OVEN-03,216,1.427,50.02,31.81,False
VPW-IND-OVEN-03,217,1.396,51.18,42.86,False
VPW-IND-OVEN-03,218,1.336,51.5,18.98,False
VPW-IND-OVEN-03,219,1.271,48.97,38.44,False
VPW-IND-OVEN-03,220,1.478,48.75,24.22,False
VPW-IND-OVEN-03,221,1.468,50.08,20.89,False
VPW-IND-OVEN-03,222,1.556,50.73,20.0,False
VPW-IND-OVEN-03,223,1.529,50.92,44.42,False
VPW-IND-OVEN-03,224,1.42,49.97,23.73,False
VPW-IND-OVEN-03,225,1.64,50.24,45.22,False
VPW-IND-OVEN-03,226,1.592,51.03,39.22,False
VPW-IND-OVEN-03,227,1.515,50.48,29.53,False
VPW-IND-OVEN-03,228,1.526,50.4,24.06,False
VPW-IND-OVEN-03,229,1.699,48.71,35.19,False
VPW-IND-OVEN-03,230,1.634,49.72,27.48,False
VPW-IND-OVEN-03,231,1.708,50.01,22.83,False
VPW-IND-OVEN-03,232,1.721,48.18,24.25,False
VPW-IND-OVEN-03,233,1.688,48.31,42.32,False
VPW-IND-OVEN-03,234,1.702,50.5,45.86,False
VPW-IND-OVEN-03,235,1.787,48.38,36.95,False
VPW-IND-OVEN-03,236,1.708,50.14,39.23,False
VPW-IND-OVEN-03,237,1.63,49.23,35.7,False
VPW-IND-OVEN-03,238,1.638,50.82,43.27,False
VPW-IND-OVEN-03,239,1.764,48.67,30.7,False
VPW-IND-OVEN-03,240,1.644,49.17,43.92,False
VPW-IND-OVEN-03,241,1.763,49.22,22.61,False
VPW-IND-OVEN-03,242,1.807,48.43,28.35,False
VPW-IND-OVEN-03,243,1.79,47.77,29.35,False
VPW-IND-OVEN-03,244,2.071,48.59,43.93,False
VPW-IND-OVEN-03,245,1.857,48.12,42.54,False
VPW-IND-OVEN-03,246,1.822,50.31,35.37,False
VPW-IND-OVEN-03,247,1.812,47.65,37.7,False
VPW-IND-OVEN-03,248,1.877,47.45,41.65,False
VPW-IND-OVEN-03,249,1.909,48.25,42.01,False
VPW-IND-OVEN-03,250,1.622,48.35,40.23,False
VPW-IND-OVEN-03,251,1.622,48.66,44.78,False
VPW-IND-OVEN-03,252,1.856,49.91,31.83,False
VPW-IND-OVEN-03,253,1.755,48.7,40.92,False
VPW-IND-OVEN-03,254,1.786,47.16,34.43,False
VPW-IND-OVEN-03,255,1.724,49.01,21.29,False
VPW-IND-OVEN-03,256,1.501,49.01,39.89,False
VPW-IND-OVEN-03,257,1.624,49.06,25.79,False
VPW-IND-OVEN-03,258,1.813,48.42,28.39,False
VPW-IND-OVEN-03,259,1.814,48.7,18.61,False
VPW-IND-OVEN-03,260,1.557,47.52,18.95,False
VPW-IND-OVEN-03,261,1.699,49.08,22.41,False
VPW-IND-OVEN-03,262,1.643,46.53,40.23,False
VPW-IND-OVEN-03,263,1.515,47.97,40.16,False
VPW-IND-OVEN-03,264,1.638,49.5,22.69,False
VPW-IND-OVEN-03,265,1.623,49.27,18.73,False
VPW-IND-OVEN-03,266,1.334,46.77,38.55,False
VPW-IND-OVEN-03,267,1.632,49.82,18.89,False
VPW-IND-OVEN-03,268,1.468,48.13,45.41,False
VPW-IND-OVEN-03,269,1.516,47.33,31.69,False
VPW-IND-OVEN-03,270,1.48,47.1,30.75,False
VPW-IND-OVEN-03,271,1.393,47.75,21.92,False
VPW-IND-OVEN-03,272,1.324,49.52,29.6,False
VPW-IND-OVEN-03,273,1.509,48.33,19.93,False
VPW-IND-OVEN-03,274,1.476,47.07,28.74,False
VPW-IND-OVEN-03,275,1.448,47.67,21.0,False
VPW-IND-OVEN-03,276,1.347,47.21,18.76,False
VPW-IND-OVEN-03,277,1.456,48.33,43.82,False
VPW-IND-OVEN-03,278,1.227,48.57,35.18,False
VPW-IND-OVEN-03,279,1.177,48.68,26.15,False
VPW-IND-OVEN-03,280,1.318,49.48,45.28,False
VPW-IND-OVEN-03,281,1.274,48.65,32.98,False
VPW-IND-OVEN-03,282,1.472,48.92,26.71,False
VPW-IND-OVEN-03,283,1.399,50.05,24.33,False
VPW-IND-OVEN-03,284,1.352,50.76,22.79,False
VPW-IND-OVEN-03,285,1.309,48.6,41.55,False
VPW-IND-OVEN-03,286,1.246,48.98,39.44,False
VPW-IND-OVEN-03,287,1.437,49.67,41.21,False
VPW-IND-OVEN-03,288,1.305,49.02,24.46,False
VPW-IND-OVEN-03,289,1.477,50.82,39.19,False
VPW-IND-OVEN-03,290,1.448,49.39,26.6,False
VPW-IND-OVEN-03,291,1.464,48.92,33.37,False
VPW-IND-OVEN-03,292,1.476,48.99,34.7,False
VPW-IND-OVEN-03,293,1.19,48.73,25.41,False
VPW-IND-OVEN-03,294,1.391,49.5,38.69,False
VPW-IND-OVEN-03,295,1.615,48.17,22.09,False
VPW-IND-OVEN-03,296,1.578,49.16,35.02,False
VPW-IND-OVEN-03,297,1.585,48.75,30.08,False
VPW-IND-OVEN-03,298,1.431,48.89,43.03,False
VPW-IND-OVEN-03,299,1.472,49.22,42.89,False
VPW-IND-OVEN-03,300,1.453,48.96,34.05,False
VPW-IND-OVEN-03,301,1.638,49.46,30.22,False
VPW-IND-OVEN-03,302,1.753,49.52,42.63,False
VPW-IND-OVEN-03,303,1.553,50.04,40.68,False
VPW-IND-OVEN-03,304,1.542,50.69,19.3,False
VPW-IND-OVEN-03,305,1.743,49.42,37.85,False
VPW-IND-OVEN-03,306,1.551,49.84,19.59,False
VPW-IND-OVEN-03,307,1.625,51.66,40.88,False
VPW-IND-OVEN-03,308,1.851,50.32,41.12,False
VPW-IND-OVEN-03,309,1.724,50.89,44.25,False
VPW-IND-OVEN-03,310,1.558,50.28,45.63,False
VPW-IND-OVEN-03,311,1.8,50.91,33.71,False
VPW-IND-OVEN-03,312,1.656,50.09,42.15,False
VPW-IND-OVEN-03,313,1.799,50.56,37.85,False
VPW-IND-OVEN-03,314,1.949,50.91,36.41,False
VPW-IND-OVEN-03,315,1.854,50.16,18.51,False
VPW-IND-OVEN-03,316,1.81,50.17,24.2,False
VPW-IND-OVEN-03,317,1.951,50.82,31.0,False
VPW-IND-OVEN-03,318,1.702,52.03,20.79,False
VPW-IND-OVEN-03,319,1.893,50.55,45.28,False
VPW-IND-OVEN-03,320,1.756,51.16,19.96,False
VPW-IND-OVEN-03,321,1.804,51.52,23.06,False
VPW-IND-OVEN-03,322,1.867,51.46,22.47,False
VPW-IND-OVEN-03,323,1.676,50.88,38.15,False
VPW-IND-OVEN-03,324,1.718,51.37,30.14,False
VPW-IND-OVEN-03,325,1.606,51.06,19.56,False
VPW-IND-OVEN-03,326,1.71,52.31,40.88,False
VPW-IND-OVEN-03,327,1.664,52.47,40.43,False
VPW-IND-OVEN-03,328,1.823,52.0,45.12,False
VPW-IND-OVEN-03,329,1.81,51.46,25.89,False
VPW-IND-OVEN-03,330,1.718,52.61,22.21,False
VPW-IND-OVEN-03,331,1.71,53.25,46.16,False
VPW-IND-OVEN-03,332,1.779,51.47,18.33,False
VPW-IND-OVEN-03,333,1.761,50.72,33.92,False
VPW-IND-OVEN-03,334,1.551,51.07,32.16,False
VPW-IND-OVEN-03,335,1.706,51.32,44.82,False
VPW-IND-OVEN-03,336,1.617,51.46,37.67,False
VPW-IND-OVEN-03,337,1.698,51.79,28.57,False
VPW-IND-OVEN-03,338,1.612,50.1,24.58,False
VPW-IND-OVEN-03,339,1.48,53.25,36.85,False
VPW-IND-OVEN-03,340,1.642,51.02,23.04,False
VPW-IND-OVEN-03,341,1.656,53.09,38.21,False
VPW-IND-OVEN-03,342,1.573,50.86,20.74,False
VPW-IND-OVEN-03,343,1.559,51.47,42.04,False
VPW-IND-OVEN-03,344,1.598,53.06,32.79,False
VPW-IND-OVEN-03,345,1.447,50.97,32.87,False
VPW-IND-OVEN-03,346,1.418,51.45,22.91,False
VPW-IND-OVEN-03,347,1.322,50.12,44.6,False
VPW-IND-OVEN-03,348,1.423,52.47,36.55,False
VPW-IND-OVEN-03,349,1.464,51.17,30.54,False
VPW-IND-OVEN-03,350,1.677,52.55,45.65,False
VPW-IND-OVEN-03,351,1.524,50.23,24.53,False
VPW-IND-OVEN-03,352,1.472,51.82,27.24,False
VPW-IND-OVEN-03,353,1.565,50.65,40.99,False
VPW-IND-OVEN-03,354,1.531,51.86,45.84,False
VPW-IND-OVEN-03,355,1.479,51.35,35.67,False
VPW-IND-OVEN-03,356,1.348,52.02,20.45,False
VPW-IND-OVEN-03,357,1.367,51.54,40.99,False
VPW-IND-OVEN-03,358,1.287,53.17,36.73,False
VPW-IND-OVEN-03,359,1.303,52.05,20.75,False
VPW-IND-OVEN-03,360,1.424,50.08,43.54,False
VPW-IND-OVEN-03,361,1.391,50.84,17.29,False
VPW-IND-OVEN-03,362,1.39,50.11,38.98,False
VPW-IND-OVEN-03,363,1.451,49.52,32.44,False
VPW-IND-OVEN-03,364,1.426,50.75,36.65,False
VPW-IND-OVEN-03,365,1.648,50.37,39.33,False
VPW-IND-OVEN-03,366,1.351,51.84,22.45,False
VPW-IND-OVEN-03,367,1.386,50.67,22.44,False
VPW-IND-OVEN-03,368,1.494,50.44,25.77,False
VPW-IND-OVEN-03,369,1.493,49.18,26.23,False
VPW-IND-OVEN-03,370,1.429,50.39,44.15,False
VPW-IND-OVEN-03,371,1.712,51.1,33.63,False
VPW-IND-OVEN-03,372,1.673,50.8,26.72,False
VPW-IND-OVEN-03,373,1.5,50.11,37.28,False
VPW-IND-OVEN-03,374,1.703,49.01,44.21,False
VPW-IND-OVEN-03,375,1.424,48.93,24.65,False
VPW-IND-OVEN-03,376,1.547,50.17,31.35,False
VPW-IND-OVEN-03,377,1.59,50.02,23.22,False
VPW-IND-OVEN-03,378,1.666,50.25,43.49,False
VPW-IND-OVEN-03,379,1.704,51.44,26.8,False
VPW-IND-OVEN-03,380,1.548,50.95,33.27,False
VPW-IND-OVEN-03,381,1.592,49.44,39.99,False
VPW-IND-OVEN-03,382,1.784,49.77,34.66,False
VPW-IND-OVEN-03,383,1.702,49.06,43.72,False
VPW-IND-OVEN-03,384,1.706,48.65,33.39,False
VPW-IND-OVEN-03,385,1.697,50.66,31.4,False
VPW-IND-OVEN-03,386,1.831,48.26,23.59,False
VPW-IND-OVEN-03,387,1.778,49.58,19.29,False
VPW-IND-OVEN-03,388,1.753,48.72,28.38,False
VPW-IND-OVEN-03,389,1.873,49.82,22.92,False
VPW-IND-OVEN-03,390,1.651,47.38,33.55,False
VPW-IND-OVEN-03,391,1.719,49.17,28.04,False
VPW-IND-OVEN-03,392,1.706,49.58,20.36,False
VPW-IND-OVEN-03,393,1.689,49.47,28.69,False
VPW-IND-OVEN-03,394,1.866,48.28,31.34,False
VPW-IND-OVEN-03,395,1.961,48.48,20.53,False
VPW-IND-OVEN-03,396,1.853,49.79,25.15,False
VPW-IND-OVEN-03,397,1.823,49.21,23.84,False
VPW-IND-OVEN-03,398,1.829,50.3,38.17,False
VPW-IND-OVEN-03,399,1.693,48.29,42.45,False
VPW-IND-OVEN-03,400,1.91,48.78,43.98,False
VPW-IND-OVEN-03,401,1.714,49.49,25.49,False
VPW-IND-OVEN-03,402,1.924,48.88,22.07,False
VPW-IND-OVEN-03,403,1.936,48.75,30.75,False
VPW-IND-OVEN-03,404,1.851,49.75,43.74,False
VPW-IND-OVEN-03,405,1.789,48.21,28.7,False
VPW-IND-OVEN-03,406,1.728,49.07,20.57,False
VPW-IND-OVEN-03,407,1.902,48.44,41.07,False
VPW-IND-OVEN-03,408,1.614,47.9,35.81,False
VPW-IND-OVEN-03,409,1.674,49.85,37.0,False
VPW-IND-OVEN-03,410,1.606,48.64,24.1,False
VPW-IND-OVEN-03,411,1.616,49.37,31.96,False
VPW-IND-OVEN-03,412,1.446,48.15,26.5,False
VPW-IND-OVEN-03,413,1.408,47.66,30.31,False
VPW-IND-OVEN-03,414,1.668,47.97,32.7,False
VPW-IND-OVEN-03,415,1.718,48.71,25.56,False
VPW-IND-OVEN-03,416,1.636,50.15,45.25,False
VPW-IND-OVEN-03,417,1.446,48.56,23.28,False
VPW-IND-OVEN-03,418,1.553,48.18,21.29,False
VPW-IND-OVEN-03,419,1.551,49.77,40.0,False
VPW-IND-OVEN-03,420,1.505,49.88,33.98,False
VPW-IND-OVEN-03,421,1.499,49.44,27.77,False
VPW-IND-OVEN-03,422,1.562,49.51,18.7,False
VPW-IND-OVEN-03,423,1.316,47.1,28.79,False
VPW-IND-OVEN-03,424,1.438,48.76,44.43,False
VPW-IND-OVEN-03,425,1.368,50.07,34.74,False
VPW-IND-OVEN-03,426,1.489,49.79,35.45,False
VPW-IND-OVEN-03,427,1.387,48.92,42.23,False
VPW-IND-OVEN-03,428,1.304,49.36,44.69,False
VPW-IND-OVEN-03,429,1.425,48.55,44.2,False
VPW-IND-OVEN-03,430,1.452,48.79,21.77,False
VPW-IND-OVEN-03,431,1.263,49.93,36.78,False
VPW-IND-OVEN-03,432,1.297,48.09,36.49,False
VPW-IND-OVEN-03,433,1.369,49.54,41.41,False
VPW-IND-OVEN-03,434,1.487,49.64,38.64,False
VPW-IND-OVEN-03,435,1.347,48.87,20.22,False
VPW-IND-OVEN-03,436,1.474,48.39,36.08,False
VPW-IND-OVEN-03,437,1.34,50.0,29.25,False
VPW-IND-OVEN-03,438,1.6,48.3,33.65,False
VPW-IND-OVEN-03,439,1.414,48.45,42.0,False
VPW-IND-OVEN-03,440,1.402,49.78,40.79,False
VPW-IND-OVEN-03,441,1.425,49.36,42.89,False
VPW-IND-OVEN-03,442,1.391,48.81,33.59,False
VPW-IND-OVEN-03,443,1.496,50.21,17.49,False
VPW-IND-OVEN-03,444,1.473,50.15,43.04,False
VPW-IND-OVEN-03,445,1.576,50.06,40.73,False
VPW-IND-OVEN-03,446,1.508,49.85,26.58,False
VPW-IND-OVEN-03,447,1.509,50.7,39.11,False
VPW-IND-OVEN-03,448,1.594,50.85,22.93,False
VPW-IND-OVEN-03,449,1.456,51.24,33.42,False
VPW-IND-OVEN-03,450,1.556,50.18,35.86,False
VPW-IND-OVEN-03,451,1.717,50.8,35.27,False
VPW-IND-OVEN-03,452,1.424,51.45,42.29,False
VPW-IND-OVEN-03,453,1.617,48.86,43.08,False
VPW-IND-OVEN-03,454,1.512,51.26,35.04,False
VPW-IND-OVEN-03,455,1.544,51.03,38.23,False
VPW-IND-OVEN-03,456,1.793,50.21,43.44,False
VPW-IND-OVEN-03,457,1.695,51.1,24.08,False
VPW-IND-OVEN-03,458,1.657,49.74,33.46,False
VPW-IND-OVEN-03,459,1.594,51.55,41.64,False
VPW-IND-OVEN-03,460,1.649,50.26,20.95,False
VPW-IND-OVEN-03,461,1.727,50.48,29.21,False
VPW-IND-OVEN-03,462,1.754,51.5,25.08,False
VPW-IND-OVEN-03,463,1.917,51.93,24.26,False
VPW-IND-OVEN-03,464,1.643,50.8,38.83,False
VPW-IND-OVEN-03,465,1.825,51.74,44.79,False
VPW-IND-OVEN-03,466,1.938,50.16,25.47,False
VPW-IND-OVEN-03,467,1.935,51.04,29.61,False
VPW-IND-OVEN-03,468,1.821,53.07,28.7,False
VPW-IND-OVEN-03,469,1.915,50.95,25.24,False
VPW-IND-OVEN-03,470,1.756,50.51,34.49,False
VPW-IND-OVEN-03,471,2.051,51.77,27.33,False
VPW-IND-OVEN-03,472,1.861,52.28,30.76,False
VPW-IND-OVEN-03,473,1.784,52.32,39.39,False
VPW-IND-OVEN-03,474,2.013,51.73,38.3,False
VPW-IND-OVEN-03,475,1.753,51.83,36.42,False
VPW-IND-OVEN-03,476,1.888,51.26,17.5,False
VPW-IND-OVEN-03,477,1.845,53.58,23.48,False
VPW-IND-OVEN-03,478,1.957,50.81,45.8,False
VPW-IND-OVEN-03,479,1.753,52.21,23.17,False
VPW-IND-OVEN-03,480,1.711,52.33,24.67,False
VPW-IND-OVEN-03,481,1.633,52.4,36.13,False
VPW-IND-OVEN-03,482,1.77,52.54,23.51,False
VPW-IND-OVEN-03,483,1.931,53.23,39.5,False
VPW-IND-OVEN-03,484,1.814,52.29,22.37,False
VPW-IND-OVEN-03,485,1.61,51.08,28.02,False
VPW-IND-OVEN-03,486,1.821,52.63,39.79,False
VPW-IND-OVEN-03,487,1.625,52.23,39.77,False
VPW-IND-OVEN-03,488,1.749,51.17,37.72,False
VPW-IND-OVEN-03,489,1.617,51.46,33.5,False
VPW-IND-OVEN-03,490,1.691,50.82,33.77,False
VPW-IND-OVEN-03,491,1.703,52.91,24.32,False
VPW-IND-OVEN-03,492,1.518,52.14,34.55,False
VPW-IND-OVEN-03,493,1.629,52.17,33.85,False
VPW-IND-OVEN-03,494,1.598,52.04,28.9,False
VPW-IND-OVEN-03,495,1.486,52.37,30.49,False
VPW-IND-OVEN-03,496,1.365,51.2,43.54,False
VPW-IND-OVEN-03,497,1.603,50.04,29.45,False
VPW-IND-OVEN-03,498,1.456,52.93,30.3,False
VPW-IND-OVEN-03,499,1.572,50.85,37.34,False
VPW-IND-OVEN-03,500,1.406,53.02,43.2,False
VPW-IND-OVEN-03,501,1.433,50.44,31.22,False
VPW-IND-OVEN-03,502,1.507,52.28,20.57,False
VPW-IND-OVEN-03,503,1.414,52.22,27.48,False
VPW-IND-OVEN-03,504,1.528,53.26,20.7,False
VPW-IND-OVEN-03,505,1.481,51.41,36.91,False
VPW-IND-OVEN-03,506,1.403,51.69,38.84,False
VPW-IND-OVEN-03,507,1.386,51.4,26.82,False
VPW-IND-OVEN-03,508,1.571,52.78,21.11,False
VPW-IND-OVEN-03,509,1.324,51.61,36.8,False
VPW-IND-OVEN-03,510,1.478,51.56,35.39,False
VPW-IND-OVEN-03,511,1.39,51.95,30.75,False
VPW-IND-OVEN-03,512,1.474,50.78,27.67,False
VPW-IND-OVEN-03,513,1.452,52.79,34.53,False
VPW-IND-OVEN-03,514,1.484,52.08,34.23,False
VPW-IND-OVEN-03,515,1.328,52.29,33.19,False
VPW-IND-OVEN-03,516,1.36,52.1,40.21,False
VPW-IND-OVEN-03,517,1.521,51.11,36.28,False
VPW-IND-OVEN-03,518,1.472,52.71,25.85,False
VPW-IND-OVEN-03,519,1.449,51.44,30.68,False
VPW-IND-OVEN-03,520,1.497,50.68,32.46,False
VPW-IND-OVEN-03,521,1.496,50.57,26.75,False
VPW-IND-OVEN-03,522,1.56,51.67,23.73,False
VPW-IND-OVEN-03,523,1.547,51.69,28.99,False
VPW-IND-OVEN-03,524,1.621,50.14,25.86,False
VPW-IND-OVEN-03,525,1.648,50.13,43.71,False
VPW-IND-OVEN-03,526,1.635,50.07,31.56,False
VPW-IND-OVEN-03,527,1.746,50.54,45.19,False
VPW-IND-OVEN-03,528,1.749,50.78,30.88,False
VPW-IND-OVEN-03,529,1.681,50.81,30.11,False
VPW-IND-OVEN-03,530,1.741,50.4,30.79,False
VPW-IND-OVEN-03,531,1.707,51.42,40.03,False
VPW-IND-OVEN-03,532,1.725,50.9,38.48,False
VPW-IND-OVEN-03,533,1.851,49.44,32.9,False
VPW-IND-OVEN-03,534,1.904,50.2,33.81,False
VPW-IND-OVEN-03,535,1.778,49.67,43.47,False
VPW-IND-OVEN-03,536,1.743,49.06,33.86,False
VPW-IND-OVEN-03,537,1.746,49.17,36.96,False
VPW-IND-OVEN-03,538,2.0,49.77,24.89,False
VPW-IND-OVEN-03,539,1.87,50.43,18.22,False
VPW-IND-OVEN-03,540,1.991,49.87,45.76,False
VPW-IND-OVEN-03,541,1.865,49.0,23.14,False
VPW-IND-OVEN-03,542,1.884,50.26,46.77,False
VPW-IND-OVEN-03,543,1.755,49.87,28.49,False
VPW-IND-OVEN-03,544,1.91,49.14,40.56,False
VPW-IND-OVEN-03,545,1.822,48.39,38.02,False
VPW-IND-OVEN-03,546,2.047,49.84,43.07,False
VPW-IND-OVEN-03,547,1.929,49.86,25.88,False
VPW-IND-OVEN-03,548,2.06,49.35,37.38,False
VPW-IND-OVEN-03,549,1.886,49.69,30.21,False
VPW-IND-OVEN-03,550,1.952,48.64,20.99,False
VPW-IND-OVEN-03,551,1.858,49.26,39.65,False
VPW-IND-OVEN-03,552,1.876,48.79,25.01,False
VPW-IND-OVEN-03,553,1.849,50.46,41.88,False
VPW-IND-OVEN-03,554,1.73,49.91,29.4,False
VPW-IND-OVEN-03,555,1.844,49.99,22.82,False
VPW-IND-OVEN-03,556,1.921,51.02,41.22,False
VPW-IND-OVEN-03,557,1.681,49.26,24.18,False
VPW-IND-OVEN-03,558,1.935,49.83,43.19,False
VPW-IND-OVEN-03,559,1.819,49.45,23.11,False
VPW-IND-OVEN-03,560,1.817,47.36,45.66,False
VPW-IND-OVEN-03,561,1.864,48.18,38.51,False
VPW-IND-OVEN-03,562,1.721,48.42,43.98,False
VPW-IND-OVEN-03,563,1.849,49.5,22.26,False
VPW-IND-OVEN-03,564,1.621,48.49,31.2,False
VPW-IND-OVEN-03,565,1.636,49.82,39.35,False
VPW-IND-OVEN-03,566,1.564,50.32,19.9,False
VPW-IND-OVEN-03,567,1.649,50.75,37.08,False
VPW-IND-OVEN-03,568,1.547,50.44,40.07,False
VPW-IND-OVEN-03,569,1.607,48.95,28.31,False
VPW-IND-OVEN-03,570,1.576,49.21,24.08,False
VPW-IND-OVEN-03,571,1.526,48.35,45.43,False
VPW-IND-OVEN-03,572,1.52,50.83,26.4,False
VPW-IND-OVEN-03,573,1.467,48.48,30.37,False
VPW-IND-OVEN-03,574,1.494,49.36,18.74,False
VPW-IND-OVEN-03,575,1.662,48.76,24.4,False
VPW-IND-OVEN-03,576,1.535,50.07,24.85,False
VPW-IND-OVEN-03,577,1.418,49.69,44.71,False
VPW-IND-OVEN-03,578,1.469,49.24,22.81,False
VPW-IND-OVEN-03,579,1.479,49.58,26.69,False
VPW-IND-OVEN-03,580,1.393,48.81,40.16,False
VPW-IND-OVEN-03,581,1.392,49.27,23.3,False
VPW-IND-OVEN-03,582,1.557,48.05,34.34,False
VPW-IND-OVEN-03,583,1.368,48.81,29.55,False
VPW-IND-OVEN-03,584,1.562,49.4,41.47,False
VPW-IND-OVEN-03,585,1.414,50.76,42.99,False
VPW-IND-OVEN-03,586,1.452,50.24,39.82,False
VPW-IND-OVEN-03,587,1.483,49.61,40.98,False
VPW-IND-OVEN-03,588,1.601,49.88,25.89,False
VPW-IND-OVEN-03,589,1.551,49.95,23.74,False
VPW-IND-OVEN-03,590,1.305,50.37,31.94,False
VPW-IND-OVEN-03,591,1.527,50.53,20.86,False
VPW-IND-OVEN-03,592,1.442,50.72,23.9,False
VPW-IND-OVEN-03,593,1.446,50.44,44.68,False
VPW-IND-OVEN-03,594,1.525,50.59,19.42,False
VPW-IND-OVEN-03,595,1.469,49.71,41.5,False
VPW-IND-OVEN-03,596,1.62,49.99,18.37,False
VPW-IND-OVEN-03,597,1.508,49.81,38.14,False
VPW-IND-OVEN-03,598,1.717,49.88,23.38,False
VPW-IND-OVEN-03,599,1.518,50.91,24.34,False
VPW-IND-OVEN-03,600,1.656,50.92,20.47,False
VPW-IND-OVEN-03,601,1.613,49.17,18.16,False
VPW-IND-OVEN-03,602,1.727,50.88,37.36,False
VPW-IND-OVEN-03,603,1.781,49.84,19.46,False
VPW-IND-OVEN-03,604,1.684,50.37,28.47,False
VPW-IND-OVEN-03,605,1.62,51.37,42.82,False
VPW-IND-OVEN-03,606,1.796,50.74,42.93,False
VPW-IND-OVEN-03,607,1.689,49.77,20.69,False
VPW-IND-OVEN-03,608,1.704,50.31,27.68,False
VPW-IND-OVEN-03,609,1.938,50.61,37.76,False
VPW-IND-OVEN-03,610,1.76,51.31,20.41,False
VPW-IND-OVEN-03,611,1.831,50.43,20.32,False
VPW-IND-OVEN-03,612,1.727,51.6,35.76,False
VPW-IND-OVEN-03,613,1.983,51.72,27.61,False
VPW-IND-OVEN-03,614,1.861,52.65,45.82,False
VPW-IND-OVEN-03,615,1.746,51.43,35.34,False
VPW-IND-OVEN-03,616,1.958,52.42,18.96,False
VPW-IND-OVEN-03,617,1.934,51.75,36.98,False
VPW-IND-OVEN-03,618,1.828,50.48,32.06,False
VPW-IND-OVEN-03,619,2.023,50.44,21.43,False
VPW-IND-OVEN-03,620,1.994,53.81,38.55,False
VPW-IND-OVEN-03,621,1.998,52.36,32.73,False
VPW-IND-OVEN-03,622,1.784,51.29,39.55,False
VPW-IND-OVEN-03,623,1.933,52.87,44.36,False
VPW-IND-OVEN-03,624,2.078,52.36,22.29,False
VPW-IND-OVEN-03,625,1.811,53.65,21.71,False
VPW-IND-OVEN-03,626,1.942,51.85,37.68,False
VPW-IND-OVEN-03,627,1.98,50.37,22.73,False
VPW-IND-OVEN-03,628,1.878,51.91,27.96,False
VPW-IND-OVEN-03,629,1.692,51.71,37.75,False
VPW-IND-OVEN-03,630,1.997,51.16,45.79,False
VPW-IND-OVEN-03,631,1.866,52.88,36.14,False
VPW-IND-OVEN-03,632,1.897,53.5,31.41,False
VPW-IND-OVEN-03,633,1.962,51.91,41.16,False
VPW-IND-OVEN-03,634,1.579,52.36,19.34,False
VPW-IND-OVEN-03,635,1.681,52.83,23.96,False
VPW-IND-OVEN-03,636,1.584,52.85,40.25,False
VPW-IND-OVEN-03,637,1.781,51.77,26.6,False
VPW-IND-OVEN-03,638,1.769,52.7,32.27,False
VPW-IND-OVEN-03,639,1.858,52.42,21.61,False
VPW-IND-OVEN-03,640,1.692,52.29,27.15,False
VPW-IND-OVEN-03,641,1.554,52.2,35.6,False
VPW-IND-OVEN-03,642,1.613,53.24,24.15,False
VPW-IND-OVEN-03,643,1.603,52.98,42.42,False
VPW-IND-OVEN-03,644,1.678,52.91,39.09,False
VPW-IND-OVEN-03,645,1.665,52.26,44.43,False
VPW-IND-OVEN-03,646,1.529,52.87,44.42,False
VPW-IND-OVEN-03,647,1.683,53.29,30.03,False
VPW-IND-OVEN-03,648,1.62,51.96,41.12,False
VPW-IND-OVEN-03,649,1.549,52.5,30.1,False
VPW-IND-OVEN-03,650,1.65,52.43,24.18,False
VPW-IND-OVEN-03,651,1.446,52.55,44.38,False
VPW-IND-OVEN-03,652,1.428,53.71,21.64,False
VPW-IND-OVEN-03,653,1.455,51.57,40.53,False
VPW-IND-OVEN-03,654,1.507,53.01,33.78,False
VPW-IND-OVEN-03,655,1.497,52.28,38.01,False
VPW-IND-OVEN-03,656,1.604,53.3,28.85,False
VPW-IND-OVEN-03,657,1.658,51.53,28.26,False
VPW-IND-OVEN-03,658,1.578,53.21,32.46,False
VPW-IND-OVEN-03,659,1.359,51.56,21.69,False
VPW-IND-OVEN-03,660,1.49,52.46,26.15,False
VPW-IND-OVEN-03,661,1.525,50.44,44.09,False
VPW-IND-OVEN-03,662,1.404,51.32,28.59,False
VPW-IND-OVEN-03,663,1.528,51.47,30.46,False
VPW-IND-OVEN-03,664,1.441,52.87,23.01,False
VPW-IND-OVEN-03,665,1.542,50.43,22.3,False
VPW-IND-OVEN-03,666,1.515,52.29,20.99,False
VPW-IND-OVEN-03,667,1.568,52.48,28.42,False
VPW-IND-OVEN-03,668,1.489,51.54,18.33,False
VPW-IND-OVEN-03,669,1.556,51.63,26.54,False
VPW-IND-OVEN-03,670,1.506,52.93,41.78,False
VPW-IND-OVEN-03,671,1.618,51.38,23.15,False
VPW-IND-OVEN-03,672,1.521,51.69,26.14,False
VPW-IND-OVEN-03,673,1.623,52.1,28.48,False
VPW-IND-OVEN-03,674,1.573,52.04,35.1,False
VPW-IND-OVEN-03,675,1.713,51.46,34.39,False
VPW-IND-OVEN-03,676,1.563,50.72,27.96,False
VPW-IND-OVEN-03,677,1.736,52.04,29.41,False
VPW-IND-OVEN-03,678,1.69,51.72,31.0,False
VPW-IND-OVEN-03,679,1.714,50.61,32.13,False
VPW-IND-OVEN-03,680,1.7,50.73,44.2,False
VPW-IND-OVEN-03,681,1.827,51.61,38.23,False
VPW-IND-OVEN-03,682,1.924,50.06,39.01,False
VPW-IND-OVEN-03,683,1.868,50.48,35.09,False
VPW-IND-OVEN-03,684,1.832,50.12,31.85,False
VPW-IND-OVEN-03,685,1.948,49.62,23.49,False
VPW-IND-OVEN-03,686,1.7,50.34,33.78,False
VPW-IND-OVEN-03,687,1.866,50.37,19.26,False
VPW-IND-OVEN-03,688,1.859,50.29,37.0,False
VPW-IND-OVEN-03,689,1.997,49.94,28.96,False
VPW-IND-OVEN-03,690,1.917,50.74,22.96,False
VPW-IND-OVEN-03,691,1.923,50.78,27.29,False
VPW-IND-OVEN-03,692,1.961,49.17,18.0,False
VPW-IND-OVEN-03,693,1.922,50.93,30.43,False
VPW-IND-OVEN-03,694,1.808,49.56,40.72,False
VPW-IND-OVEN-03,695,1.959,49.17,43.04,False
VPW-IND-OVEN-03,696,1.964,50.28,18.94,False
VPW-IND-OVEN-03,697,1.851,51.3,30.56,False
VPW-IND-OVEN-03,698,1.934,51.3,40.65,False
VPW-IND-OVEN-03,699,1.993,49.75,29.58,False
VPW-IND-OVEN-03,700,1.83,49.99,22.78,False
VPW-IND-OVEN-03,701,1.852,49.76,24.25,False
VPW-IND-OVEN-03,702,2.045,49.82,30.17,False
VPW-IND-OVEN-03,703,1.745,49.74,20.99,False
VPW-IND-OVEN-03,704,1.883,49.99,44.29,False
VPW-IND-OVEN-03,705,1.86,48.3,44.79,False
VPW-IND-OVEN-03,706,1.824,49.11,42.3,False
VPW-IND-OVEN-03,707,1.687,50.0,42.39,False
VPW-IND-OVEN-03,708,1.919,49.86,33.7,False
VPW-IND-OVEN-03,709,1.764,50.19,34.43,False
VPW-IND-OVEN-03,710,1.899,48.7,19.38,False
VPW-IND-OVEN-03,711,1.572,49.67,21.28,False
VPW-IND-OVEN-03,712,1.752,49.83,20.91,False
VPW-IND-OVEN-03,713,1.747,49.87,38.93,False
VPW-IND-OVEN-03,714,1.797,50.18,41.35,False
VPW-IND-OVEN-03,715,1.748,49.06,42.49,False
VPW-IND-OVEN-03,716,1.617,48.69,31.18,False
VPW-IND-OVEN-03,717,1.705,49.59,44.28,False
VPW-IND-OVEN-03,718,1.61,49.64,23.43,False
VPW-IND-OVEN-03,719,1.603,50.55,37.81,False
VPW-IND-OVEN-04,0,1.396,43.77,19.22,False
VPW-IND-OVEN-04,1,1.492,44.62,29.69,False
VPW-IND-OVEN-04,2,1.458,45.08,36.94,False
VPW-IND-OVEN-04,3,1.753,44.98,43.17,False
VPW-IND-OVEN-04,4,1.504,45.28,37.53,False
VPW-IND-OVEN-04,5,1.559,45.86,19.0,False
VPW-IND-OVEN-04,6,1.659,44.03,29.79,False
VPW-IND-OVEN-04,7,1.631,45.96,40.44,False
VPW-IND-OVEN-04,8,1.75,46.08,38.27,False
VPW-IND-OVEN-04,9,1.775,44.31,43.24,False
VPW-IND-OVEN-04,10,1.678,45.38,23.6,False
VPW-IND-OVEN-04,11,1.767,46.82,34.2,False
VPW-IND-OVEN-04,12,1.654,44.85,24.32,False
VPW-IND-OVEN-04,13,1.696,47.16,35.15,False
VPW-IND-OVEN-04,14,1.722,46.44,31.61,False
VPW-IND-OVEN-04,15,1.806,45.17,21.98,False
VPW-IND-OVEN-04,16,1.629,45.99,34.63,False
VPW-IND-OVEN-04,17,1.804,45.76,18.26,False
VPW-IND-OVEN-04,18,1.699,47.2,18.76,False
VPW-IND-OVEN-04,19,1.626,45.8,31.89,False
VPW-IND-OVEN-04,20,1.673,46.47,18.61,False
VPW-IND-OVEN-04,21,1.817,46.36,35.35,False
VPW-IND-OVEN-04,22,1.747,47.22,34.31,False
VPW-IND-OVEN-04,23,1.691,46.94,43.39,False
VPW-IND-OVEN-04,24,1.699,46.1,34.07,False
VPW-IND-OVEN-04,25,1.608,47.5,27.14,False
VPW-IND-OVEN-04,26,1.65,45.45,28.32,False
VPW-IND-OVEN-04,27,1.724,45.92,24.27,False
VPW-IND-OVEN-04,28,1.588,46.15,43.72,False
VPW-IND-OVEN-04,29,1.847,46.47,29.68,False
VPW-IND-OVEN-04,30,1.677,46.27,26.8,False
VPW-IND-OVEN-04,31,1.695,47.72,45.29,False
VPW-IND-OVEN-04,32,1.582,46.93,20.62,False
VPW-IND-OVEN-04,33,1.524,45.86,45.51,False
VPW-IND-OVEN-04,34,1.739,46.09,37.69,False
VPW-IND-OVEN-04,35,1.699,45.73,27.01,False
VPW-IND-OVEN-04,36,1.498,45.82,22.82,False
VPW-IND-OVEN-04,37,1.563,47.42,31.98,False
VPW-IND-OVEN-04,38,1.507,45.89,41.24,False
VPW-IND-OVEN-04,39,1.424,47.24,29.85,False
VPW-IND-OVEN-04,40,1.416,44.9,23.25,False
VPW-IND-OVEN-04,41,1.271,46.45,21.02,False
VPW-IND-OVEN-04,42,1.4,46.67,43.4,False
VPW-IND-OVEN-04,43,1.575,46.15,27.29,False
VPW-IND-OVEN-04,44,1.264,46.15,40.2,False
VPW-IND-OVEN-04,45,1.367,44.09,25.81,False
VPW-IND-OVEN-04,46,1.441,46.84,32.63,False
VPW-IND-OVEN-04,47,1.41,47.76,25.61,False
VPW-IND-OVEN-04,48,1.252,45.89,32.27,False
VPW-IND-OVEN-04,49,1.34,46.85,37.44,False
VPW-IND-OVEN-04,50,1.291,45.84,24.88,False
VPW-IND-OVEN-04,51,1.309,45.11,30.61,False
VPW-IND-OVEN-04,52,1.253,46.9,44.17,False
VPW-IND-OVEN-04,53,1.307,46.27,19.67,False
VPW-IND-OVEN-04,54,1.431,45.95,44.81,False
VPW-IND-OVEN-04,55,1.239,46.49,33.63,False
VPW-IND-OVEN-04,56,1.382,45.32,22.22,False
VPW-IND-OVEN-04,57,1.437,45.31,44.91,False
VPW-IND-OVEN-04,58,1.262,46.67,45.72,False
VPW-IND-OVEN-04,59,1.264,46.81,34.66,False
VPW-IND-OVEN-04,60,1.373,46.38,31.1,False
VPW-IND-OVEN-04,61,1.342,44.11,38.3,False
VPW-IND-OVEN-04,62,1.186,44.56,26.05,False
VPW-IND-OVEN-04,63,1.374,46.51,43.03,False
VPW-IND-OVEN-04,64,1.203,46.21,41.99,False
VPW-IND-OVEN-04,65,1.402,45.24,23.32,False
VPW-IND-OVEN-04,66,1.454,45.6,37.97,False
VPW-IND-OVEN-04,67,1.339,44.84,21.62,False
VPW-IND-OVEN-04,68,1.452,45.07,22.84,False
VPW-IND-OVEN-04,69,1.412,44.39,18.27,False
VPW-IND-OVEN-04,70,1.527,45.33,20.29,False
VPW-IND-OVEN-04,71,1.353,45.03,20.33,False
VPW-IND-OVEN-04,72,1.382,45.84,32.05,False
VPW-IND-OVEN-04,73,1.409,45.4,43.22,False
VPW-IND-OVEN-04,74,1.676,44.37,30.07,False
VPW-IND-OVEN-04,75,1.476,44.8,25.75,False
VPW-IND-OVEN-04,76,1.605,43.59,45.37,False
VPW-IND-OVEN-04,77,1.609,44.02,36.64,False
VPW-IND-OVEN-04,78,1.332,47.43,33.06,False
VPW-IND-OVEN-04,79,1.585,43.39,41.74,False
VPW-IND-OVEN-04,80,1.659,44.5,27.19,False
VPW-IND-OVEN-04,81,1.503,44.88,30.03,False
VPW-IND-OVEN-04,82,1.695,44.53,33.13,False
VPW-IND-OVEN-04,83,1.808,44.95,39.91,False
VPW-IND-OVEN-04,84,1.74,43.79,18.44,False
VPW-IND-OVEN-04,85,1.641,43.21,24.76,False
VPW-IND-OVEN-04,86,1.821,45.08,41.77,False
VPW-IND-OVEN-04,87,1.749,41.56,27.56,False
VPW-IND-OVEN-04,88,2.006,43.66,22.37,False
VPW-IND-OVEN-04,89,1.718,46.14,40.65,False
VPW-IND-OVEN-04,90,1.741,41.97,18.33,False
VPW-IND-OVEN-04,91,1.726,45.37,24.38,False
VPW-IND-OVEN-04,92,1.794,43.31,41.23,False
VPW-IND-OVEN-04,93,1.817,44.57,44.67,False
VPW-IND-OVEN-04,94,1.809,44.58,27.76,False
VPW-IND-OVEN-04,95,1.673,43.01,41.93,False
VPW-IND-OVEN-04,96,1.917,43.47,38.62,False
VPW-IND-OVEN-04,97,1.613,43.99,27.65,False
VPW-IND-OVEN-04,98,1.783,44.26,34.56,False
VPW-IND-OVEN-04,99,1.776,44.88,28.1,False
VPW-IND-OVEN-04,100,1.714,44.17,42.82,False
VPW-IND-OVEN-04,101,1.71,43.19,26.25,False
VPW-IND-OVEN-04,102,1.897,42.51,32.48,False
VPW-IND-OVEN-04,103,1.622,43.53,33.99,False
VPW-IND-OVEN-04,104,1.639,43.29,40.3,False
VPW-IND-OVEN-04,105,1.671,42.92,32.24,False
VPW-IND-OVEN-04,106,1.768,43.53,23.99,False
VPW-IND-OVEN-04,107,1.593,44.08,25.25,False
VPW-IND-OVEN-04,108,1.642,42.1,34.18,False
VPW-IND-OVEN-04,109,1.571,44.27,39.06,False
VPW-IND-OVEN-04,110,1.658,43.51,45.34,False
VPW-IND-OVEN-04,111,1.601,43.37,29.91,False
VPW-IND-OVEN-04,112,1.649,43.54,22.1,False
VPW-IND-OVEN-04,113,1.588,44.17,41.33,False
VPW-IND-OVEN-04,114,1.533,43.26,24.43,False
VPW-IND-OVEN-04,115,1.494,44.69,40.73,False
VPW-IND-OVEN-04,116,1.39,42.39,36.22,False
VPW-IND-OVEN-04,117,1.529,43.99,29.57,False
VPW-IND-OVEN-04,118,1.451,42.22,43.43,False
VPW-IND-OVEN-04,119,1.466,42.89,24.92,False
VPW-IND-OVEN-04,120,1.482,44.39,35.92,False
VPW-IND-OVEN-04,121,1.456,44.1,20.34,False
VPW-IND-OVEN-04,122,1.373,42.16,38.26,False
VPW-IND-OVEN-04,123,1.516,44.22,38.14,False
VPW-IND-OVEN-04,124,1.316,45.32,38.8,False
VPW-IND-OVEN-04,125,1.394,43.14,18.35,False
VPW-IND-OVEN-04,126,1.257,43.65,22.69,False
VPW-IND-OVEN-04,127,1.255,42.42,37.98,False
VPW-IND-OVEN-04,128,1.385,44.46,40.4,False
VPW-IND-OVEN-04,129,1.4,44.14,32.41,False
VPW-IND-OVEN-04,130,1.253,43.74,27.16,False
VPW-IND-OVEN-04,131,1.367,43.09,21.39,False
VPW-IND-OVEN-04,132,1.231,43.42,28.3,False
VPW-IND-OVEN-04,133,1.353,44.19,39.89,False
VPW-IND-OVEN-04,134,1.215,43.82,21.28,False
VPW-IND-OVEN-04,135,1.254,45.87,29.77,False
VPW-IND-OVEN-04,136,1.385,43.92,37.17,False
VPW-IND-OVEN-04,137,1.51,45.04,23.42,False
VPW-IND-OVEN-04,138,1.31,43.77,38.21,False
VPW-IND-OVEN-04,139,1.435,44.88,20.86,False
VPW-IND-OVEN-04,140,1.423,44.77,27.47,False
VPW-IND-OVEN-04,141,1.326,44.78,34.46,False
VPW-IND-OVEN-04,142,1.393,45.29,27.21,False
VPW-IND-OVEN-04,143,1.488,45.57,46.06,False
VPW-IND-OVEN-04,144,1.575,44.41,39.75,False
VPW-IND-OVEN-04,145,1.455,45.71,36.75,False
VPW-IND-OVEN-04,146,1.443,45.1,32.71,False
VPW-IND-OVEN-04,147,1.413,45.29,25.4,False
VPW-IND-OVEN-04,148,1.634,44.57,24.69,False
VPW-IND-OVEN-04,149,1.621,45.46,24.93,False
VPW-IND-OVEN-04,150,1.491,44.96,44.96,False
VPW-IND-OVEN-04,151,1.666,44.91,33.2,False
VPW-IND-OVEN-04,152,1.443,45.49,19.52,False
VPW-IND-OVEN-04,153,1.663,43.71,21.22,False
VPW-IND-OVEN-04,154,1.682,44.08,32.73,False
VPW-IND-OVEN-04,155,1.733,45.5,45.54,False
VPW-IND-OVEN-04,156,1.677,45.56,22.17,False
VPW-IND-OVEN-04,157,1.669,45.65,33.98,False
VPW-IND-OVEN-04,158,1.498,44.97,41.56,False
VPW-IND-OVEN-04,159,1.535,46.46,43.23,False
VPW-IND-OVEN-04,160,1.879,46.32,36.98,False
VPW-IND-OVEN-04,161,1.558,45.52,28.47,False
VPW-IND-OVEN-04,162,1.79,44.98,41.0,False
VPW-IND-OVEN-04,163,1.73,46.58,37.91,False
VPW-IND-OVEN-04,164,1.726,46.96,18.97,False
VPW-IND-OVEN-04,165,1.892,45.94,35.16,False
VPW-IND-OVEN-04,166,1.688,46.23,45.89,False
VPW-IND-OVEN-04,167,1.739,46.28,22.75,False
VPW-IND-OVEN-04,168,1.852,46.72,36.46,False
VPW-IND-OVEN-04,169,1.86,46.47,34.33,False
VPW-IND-OVEN-04,170,1.704,45.46,19.58,False
VPW-IND-OVEN-04,171,1.787,44.95,35.55,False
VPW-IND-OVEN-04,172,1.64,45.64,31.29,False
VPW-IND-OVEN-04,173,1.761,47.49,44.85,False
VPW-IND-OVEN-04,174,1.644,47.22,19.77,False
VPW-IND-OVEN-04,175,1.602,45.79,38.41,False
VPW-IND-OVEN-04,176,1.701,45.5,24.12,False
VPW-IND-OVEN-04,177,1.648,47.88,25.31,False
VPW-IND-OVEN-04,178,1.818,46.94,29.13,False
VPW-IND-OVEN-04,179,1.779,46.09,36.53,False
VPW-IND-OVEN-04,180,1.68,47.76,30.21,False
VPW-IND-OVEN-04,181,1.709,47.1,43.17,False
VPW-IND-OVEN-04,182,1.662,47.46,35.9,False
VPW-IND-OVEN-04,183,1.616,46.58,31.03,False
VPW-IND-OVEN-04,184,1.727,48.02,32.38,False
VPW-IND-OVEN-04,185,1.648,47.02,21.86,False
VPW-IND-OVEN-04,186,1.639,45.84,20.98,False
VPW-IND-OVEN-04,187,1.543,47.45,29.57,False
VPW-IND-OVEN-04,188,1.643,47.06,37.63,False
VPW-IND-OVEN-04,189,1.471,47.46,38.36,False
VPW-IND-OVEN-04,190,1.412,46.34,28.9,False
VPW-IND-OVEN-04,191,1.539,47.05,24.04,False
VPW-IND-OVEN-04,192,1.403,48.15,28.1,False
VPW-IND-OVEN-04,193,1.552,46.91,36.8,False
VPW-IND-OVEN-04,194,1.589,46.83,23.22,False
VPW-IND-OVEN-04,195,1.442,47.63,37.87,False
VPW-IND-OVEN-04,196,1.503,47.81,23.14,False
VPW-IND-OVEN-04,197,1.294,46.78,19.17,False
VPW-IND-OVEN-04,198,1.422,46.7,24.39,False
VPW-IND-OVEN-04,199,1.404,46.23,26.75,False
VPW-IND-OVEN-04,200,1.485,47.31,26.45,False
VPW-IND-OVEN-04,201,1.389,45.64,28.78,False
VPW-IND-OVEN-04,202,1.312,46.8,18.59,False
VPW-IND-OVEN-04,203,1.401,46.15,34.52,False
VPW-IND-OVEN-04,204,1.381,46.43,34.94,False
VPW-IND-OVEN-04,205,1.409,46.83,26.54,False
VPW-IND-OVEN-04,206,1.397,45.97,38.9,False
VPW-IND-OVEN-04,207,1.438,46.04,26.96,False
VPW-IND-OVEN-04,208,1.422,46.03,38.12,False
VPW-IND-OVEN-04,209,1.296,46.39,25.2,False
VPW-IND-OVEN-04,210,1.257,46.95,27.92,False
VPW-IND-OVEN-04,211,1.445,44.28,19.38,False
VPW-IND-OVEN-04,212,1.302,47.22,36.33,False
VPW-IND-OVEN-04,213,1.422,45.63,24.18,False
VPW-IND-OVEN-04,214,1.499,47.63,39.4,False
VPW-IND-OVEN-04,215,1.385,47.07,18.6,False
VPW-IND-OVEN-04,216,1.363,44.55,31.64,False
VPW-IND-OVEN-04,217,1.515,46.83,19.46,False
VPW-IND-OVEN-04,218,1.468,46.69,44.98,False
VPW-IND-OVEN-04,219,1.5,46.53,22.27,False
VPW-IND-OVEN-04,220,1.481,44.52,17.94,False
VPW-IND-OVEN-04,221,1.358,46.3,35.71,False
VPW-IND-OVEN-04,222,1.746,45.43,38.54,False
VPW-IND-OVEN-04,223,1.565,46.03,39.49,False
VPW-IND-OVEN-04,224,1.553,44.73,23.88,False
VPW-IND-OVEN-04,225,1.453,46.92,30.59,False
VPW-IND-OVEN-04,226,1.526,45.34,39.58,False
VPW-IND-OVEN-04,227,1.581,44.06,24.34,False
VPW-IND-OVEN-04,228,1.762,45.24,28.88,False
VPW-IND-OVEN-04,229,1.65,44.74,28.9,False
VPW-IND-OVEN-04,230,1.475,44.39,24.39,False
VPW-IND-OVEN-04,231,1.605,45.99,39.46,False
VPW-IND-OVEN-04,232,1.694,46.34,19.51,False
VPW-IND-OVEN-04,233,1.576,45.41,36.99,False
VPW-IND-OVEN-04,234,1.674,44.49,32.35,False
VPW-IND-OVEN-04,235,1.834,45.08,31.55,False
VPW-IND-OVEN-04,236,1.664,44.85,40.31,False
VPW-IND-OVEN-04,237,1.74,45.65,35.62,False
VPW-IND-OVEN-04,238,1.762,43.03,18.48,False
VPW-IND-OVEN-04,239,1.794,44.06,30.43,False
VPW-IND-OVEN-04,240,1.699,46.1,28.64,False
VPW-IND-OVEN-04,241,1.897,44.62,42.13,False
VPW-IND-OVEN-04,242,1.796,45.04,32.5,False
VPW-IND-OVEN-04,243,1.852,45.51,36.93,False
VPW-IND-OVEN-04,244,1.896,44.89,42.89,False
VPW-IND-OVEN-04,245,1.938,43.89,26.76,False
VPW-IND-OVEN-04,246,1.901,43.42,26.93,False
VPW-IND-OVEN-04,247,1.662,44.45,41.07,False
VPW-IND-OVEN-04,248,1.713,44.31,32.05,False
VPW-IND-OVEN-04,249,1.952,45.55,19.81,False
VPW-IND-OVEN-04,250,1.739,43.77,33.16,False
VPW-IND-OVEN-04,251,1.786,44.79,29.18,False
VPW-IND-OVEN-04,252,1.544,44.18,19.65,False
VPW-IND-OVEN-04,253,1.908,44.96,25.16,False
VPW-IND-OVEN-04,254,1.807,44.09,20.61,False
VPW-IND-OVEN-04,255,1.909,43.85,22.68,False
VPW-IND-OVEN-04,256,1.668,43.64,38.37,False
VPW-IND-OVEN-04,257,1.959,43.39,37.54,False
VPW-IND-OVEN-04,258,1.681,43.9,26.54,False
VPW-IND-OVEN-04,259,1.775,44.38,27.78,False
VPW-IND-OVEN-04,260,1.721,43.13,18.17,False
VPW-IND-OVEN-04,261,1.64,45.12,40.6,False
VPW-IND-OVEN-04,262,1.673,44.3,26.47,False
VPW-IND-OVEN-04,263,1.625,43.52,18.47,False
VPW-IND-OVEN-04,264,1.641,43.35,45.22,False
VPW-IND-OVEN-04,265,1.408,43.63,18.91,False
VPW-IND-OVEN-04,266,1.606,44.09,25.79,False
VPW-IND-OVEN-04,267,1.72,44.22,26.43,False
VPW-IND-OVEN-04,268,1.501,43.48,26.43,False
VPW-IND-OVEN-04,269,1.376,44.84,44.45,False
VPW-IND-OVEN-04,270,1.4,44.39,35.65,False
VPW-IND-OVEN-04,271,1.298,44.62,20.84,False
VPW-IND-OVEN-04,272,1.398,44.12,23.58,False
VPW-IND-OVEN-04,273,1.322,45.09,23.51,False
VPW-IND-OVEN-04,274,1.453,44.21,27.44,False
VPW-IND-OVEN-04,275,1.337,43.08,43.51,False
VPW-IND-OVEN-04,276,1.375,43.44,19.73,False
VPW-IND-OVEN-04,277,1.496,43.46,40.9,False
VPW-IND-OVEN-04,278,1.46,45.18,39.32,False
VPW-IND-OVEN-04,279,1.482,45.22,31.46,False
VPW-IND-OVEN-04,280,1.325,43.18,23.19,False
VPW-IND-OVEN-04,281,1.378,44.76,37.66,False
VPW-IND-OVEN-04,282,1.604,43.17,42.43,False
VPW-IND-OVEN-04,283,1.464,43.72,21.93,False
VPW-IND-OVEN-04,284,1.38,44.61,24.55,False
VPW-IND-OVEN-04,285,1.422,42.43,32.89,False
VPW-IND-OVEN-04,286,1.392,43.67,42.17,False
VPW-IND-OVEN-04,287,1.378,45.01,40.4,False
VPW-IND-OVEN-04,288,1.397,45.48,22.77,False
VPW-IND-OVEN-04,289,1.444,45.39,45.67,False
VPW-IND-OVEN-04,290,1.487,45.02,42.16,False
VPW-IND-OVEN-04,291,1.525,44.53,36.29,False
VPW-IND-OVEN-04,292,1.464,44.62,21.08,False
VPW-IND-OVEN-04,293,1.383,46.09,39.61,False
VPW-IND-OVEN-04,294,1.449,44.22,25.75,False
VPW-IND-OVEN-04,295,1.575,43.74,45.18,False
VPW-IND-OVEN-04,296,1.513,44.73,34.87,False
VPW-IND-OVEN-04,297,1.532,44.82,42.07,False
VPW-IND-OVEN-04,298,1.345,44.97,35.03,False
VPW-IND-OVEN-04,299,1.699,45.25,27.77,False
VPW-IND-OVEN-04,300,1.473,44.67,35.65,False
VPW-IND-OVEN-04,301,1.588,46.25,26.66,False
VPW-IND-OVEN-04,302,1.658,45.91,37.69,False
VPW-IND-OVEN-04,303,1.566,45.79,27.95,False
VPW-IND-OVEN-04,304,1.698,45.51,20.44,False
VPW-IND-OVEN-04,305,1.636,44.97,28.03,False
VPW-IND-OVEN-04,306,1.664,45.25,40.85,False
VPW-IND-OVEN-04,307,1.602,46.24,36.49,False
VPW-IND-OVEN-04,308,1.607,45.22,34.93,False
VPW-IND-OVEN-04,309,1.654,46.58,42.18,False
VPW-IND-OVEN-04,310,1.597,46.26,22.82,False
VPW-IND-OVEN-04,311,1.651,45.37,27.51,False
VPW-IND-OVEN-04,312,1.939,45.16,29.7,False
VPW-IND-OVEN-04,313,1.918,46.39,29.74,False
VPW-IND-OVEN-04,314,1.725,44.89,25.38,False
VPW-IND-OVEN-04,315,1.723,47.18,33.23,False
VPW-IND-OVEN-04,316,1.852,45.07,28.54,False
VPW-IND-OVEN-04,317,1.874,46.86,22.81,False
VPW-IND-OVEN-04,318,1.671,46.44,33.66,False
VPW-IND-OVEN-04,319,1.855,45.79,43.77,False
VPW-IND-OVEN-04,320,1.843,48.13,23.52,False
VPW-IND-OVEN-04,321,1.925,46.07,33.65,False
VPW-IND-OVEN-04,322,1.87,46.67,31.99,False
VPW-IND-OVEN-04,323,1.714,46.36,25.32,False
VPW-IND-OVEN-04,324,1.811,47.53,26.71,False
VPW-IND-OVEN-04,325,1.896,47.16,36.52,False
VPW-IND-OVEN-04,326,1.688,48.27,38.82,False
VPW-IND-OVEN-04,327,1.772,47.28,38.49,False
VPW-IND-OVEN-04,328,1.794,46.16,17.59,False
VPW-IND-OVEN-04,329,1.825,46.26,36.77,False
VPW-IND-OVEN-04,330,1.649,47.72,21.31,False
VPW-IND-OVEN-04,331,1.674,48.16,40.99,False
VPW-IND-OVEN-04,332,1.703,47.3,23.0,False
VPW-IND-OVEN-04,333,1.821,46.6,41.69,False
VPW-IND-OVEN-04,334,1.702,46.63,39.87,False
VPW-IND-OVEN-04,335,1.674,48.18,41.21,False
VPW-IND-OVEN-04,336,1.73,48.45,19.28,False
VPW-IND-OVEN-04,337,1.546,48.36,34.44,False
VPW-IND-OVEN-04,338,1.604,46.98,34.88,False
VPW-IND-OVEN-04,339,1.784,45.97,33.41,False
VPW-IND-OVEN-04,340,1.453,48.13,38.8,False
VPW-IND-OVEN-04,341,1.665,46.89,38.98,False
VPW-IND-OVEN-04,342,1.571,48.59,29.47,False
VPW-IND-OVEN-04,343,1.535,47.91,24.41,False
VPW-IND-OVEN-04,344,1.739,47.45,35.39,False
VPW-IND-OVEN-04,345,1.514,47.93,23.23,False
VPW-IND-OVEN-04,346,1.459,46.32,31.39,False
VPW-IND-OVEN-04,347,1.466,47.56,45.48,False
VPW-IND-OVEN-04,348,1.424,47.27,31.97,False
VPW-IND-OVEN-04,349,1.262,45.96,29.69,False
VPW-IND-OVEN-04,350,1.497,46.7,17.1,False
VPW-IND-OVEN-04,351,1.458,47.36,37.42,False
VPW-IND-OVEN-04,352,1.394,46.42,25.98,False
VPW-IND-OVEN-04,353,1.391,46.13,30.04,False
VPW-IND-OVEN-04,354,1.367,45.98,32.86,False
VPW-IND-OVEN-04,355,1.327,47.78,37.86,False
VPW-IND-OVEN-04,356,1.284,47.52,23.67,False
VPW-IND-OVEN-04,357,1.32,46.7,34.59,False
VPW-IND-OVEN-04,358,1.451,47.49,36.66,False
VPW-IND-OVEN-04,359,1.273,46.19,26.89,False
VPW-IND-OVEN-04,360,1.382,47.24,41.76,False
VPW-IND-OVEN-04,361,1.468,46.43,30.89,False
VPW-IND-OVEN-04,362,1.405,46.28,21.98,False
VPW-IND-OVEN-04,363,1.453,47.14,37.23,False
VPW-IND-OVEN-04,364,1.437,47.13,18.87,False
VPW-IND-OVEN-04,365,1.518,46.1,30.11,False
VPW-IND-OVEN-04,366,1.405,46.08,40.14,False
VPW-IND-OVEN-04,367,1.505,46.86,22.05,False
VPW-IND-OVEN-04,368,1.641,46.16,25.28,True
VPW-IND-OVEN-04,369,1.44,46.05,20.24,True
VPW-IND-OVEN-04,370,1.656,46.24,22.3,True
VPW-IND-OVEN-04,371,1.377,46.29,39.48,True
VPW-IND-OVEN-04,372,1.493,45.81,35.35,True
VPW-IND-OVEN-04,373,1.391,45.59,38.34,True
VPW-IND-OVEN-04,374,1.608,47.17,45.87,True
VPW-IND-OVEN-04,375,1.591,45.9,41.96,True
VPW-IND-OVEN-04,376,1.524,45.73,35.09,True
VPW-IND-OVEN-04,377,1.675,46.88,25.2,True
VPW-IND-OVEN-04,378,1.75,47.29,30.14,True
VPW-IND-OVEN-04,379,1.682,45.2,39.32,True
VPW-IND-OVEN-04,380,1.888,45.82,19.42,True
VPW-IND-OVEN-04,381,1.769,46.93,36.43,True
VPW-IND-OVEN-04,382,1.787,46.86,31.37,True
VPW-IND-OVEN-04,383,1.843,45.36,20.57,True
VPW-IND-OVEN-04,384,1.696,45.6,41.38,True
VPW-IND-OVEN-04,385,1.847,45.82,32.23,True
VPW-IND-OVEN-04,386,1.931,46.57,33.68,True
VPW-IND-OVEN-04,387,1.919,45.03,37.81,True
VPW-IND-OVEN-04,388,1.851,44.21,37.44,True
VPW-IND-OVEN-04,389,1.816,46.09,40.89,True
VPW-IND-OVEN-04,390,1.978,46.12,37.26,True
VPW-IND-OVEN-04,391,1.936,44.58,23.26,True
VPW-IND-OVEN-04,392,1.989,45.39,18.48,True
VPW-IND-OVEN-04,393,1.862,46.29,18.54,True
VPW-IND-OVEN-04,394,1.84,45.94,31.92,True
VPW-IND-OVEN-04,395,1.96,44.04,24.79,True
VPW-IND-OVEN-04,396,2.027,46.53,31.87,True
VPW-IND-OVEN-04,397,1.9,46.43,23.72,True
VPW-IND-OVEN-04,398,1.861,47.03,27.74,True
VPW-IND-OVEN-04,399,2.044,46.64,39.46,True
VPW-IND-OVEN-04,400,1.906,46.62,25.79,True
VPW-IND-OVEN-04,401,1.821,45.34,20.61,True
VPW-IND-OVEN-04,402,1.911,45.83,29.0,True
VPW-IND-OVEN-04,403,1.941,46.21,19.21,True
VPW-IND-OVEN-04,404,1.796,44.32,45.4,True
VPW-IND-OVEN-04,405,1.79,45.78,31.63,True
VPW-IND-OVEN-04,406,1.889,46.2,20.28,True
VPW-IND-OVEN-04,407,2.006,44.74,41.16,True
VPW-IND-OVEN-04,408,1.875,45.25,21.39,True
VPW-IND-OVEN-04,409,1.855,44.75,26.78,True
VPW-IND-OVEN-04,410,1.893,46.41,38.25,True
VPW-IND-OVEN-04,411,1.924,46.51,32.67,True
VPW-IND-OVEN-04,412,1.693,44.72,27.61,True
VPW-IND-OVEN-04,413,1.983,47.32,29.73,True
VPW-IND-OVEN-04,414,1.8,45.81,42.72,True
VPW-IND-OVEN-04,415,1.827,46.43,18.91,True
VPW-IND-OVEN-04,416,1.918,45.97,28.49,True
VPW-IND-OVEN-04,417,1.736,46.89,21.91,True
VPW-IND-OVEN-04,418,1.818,46.55,23.75,True
VPW-IND-OVEN-04,419,1.685,46.48,26.8,True
VPW-IND-OVEN-04,420,1.816,46.56,43.04,True
VPW-IND-OVEN-04,421,1.779,47.3,23.19,True
VPW-IND-OVEN-04,422,1.65,46.89,22.72,True
VPW-IND-OVEN-04,423,1.69,47.53,31.47,True
VPW-IND-OVEN-04,424,1.644,46.88,32.5,True
VPW-IND-OVEN-04,425,1.607,46.61,41.06,True
VPW-IND-OVEN-04,426,1.718,46.01,28.42,True
VPW-IND-OVEN-04,427,1.716,47.16,39.32,True
VPW-IND-OVEN-04,428,1.772,47.28,26.96,True
VPW-IND-OVEN-04,429,1.737,46.61,40.14,True
VPW-IND-OVEN-04,430,1.786,47.44,44.95,True
VPW-IND-OVEN-04,431,1.793,47.47,41.05,True
VPW-IND-OVEN-04,432,1.782,49.26,36.65,True
VPW-IND-OVEN-04,433,1.817,47.01,35.59,True
VPW-IND-OVEN-04,434,1.592,47.89,28.86,True
VPW-IND-OVEN-04,435,1.689,48.54,31.58,True
VPW-IND-OVEN-04,436,1.69,47.23,28.37,True
VPW-IND-OVEN-04,437,1.859,47.32,20.13,True
VPW-IND-OVEN-04,438,1.787,47.05,39.08,True
VPW-IND-OVEN-04,439,1.807,48.62,39.11,True
VPW-IND-OVEN-04,440,1.695,47.5,18.89,True
VPW-IND-OVEN-04,441,1.695,48.35,36.75,True
VPW-IND-OVEN-04,442,1.987,49.37,42.48,True
VPW-IND-OVEN-04,443,1.68,50.09,45.74,True
VPW-IND-OVEN-04,444,1.851,48.68,37.62,True
VPW-IND-OVEN-04,445,1.793,49.45,37.52,True
VPW-IND-OVEN-04,446,1.782,47.25,28.96,True
VPW-IND-OVEN-04,447,1.971,49.21,35.35,True
VPW-IND-OVEN-04,448,1.867,49.58,20.89,True
VPW-IND-OVEN-04,449,1.873,50.59,27.2,True
VPW-IND-OVEN-04,450,1.985,49.66,39.46,True
VPW-IND-OVEN-04,451,1.94,50.26,21.51,True
VPW-IND-OVEN-04,452,2.136,51.05,24.53,True
VPW-IND-OVEN-04,453,1.972,50.09,28.47,True
VPW-IND-OVEN-04,454,2.037,50.17,31.23,True
VPW-IND-OVEN-04,455,2.11,51.42,23.38,True
VPW-IND-OVEN-04,456,2.114,51.5,33.33,True
VPW-IND-OVEN-04,457,2.085,51.28,43.77,True
VPW-IND-OVEN-04,458,2.102,51.27,28.61,True
VPW-IND-OVEN-04,459,2.171,50.92,26.07,True
VPW-IND-OVEN-04,460,2.126,51.65,47.04,True
VPW-IND-OVEN-04,461,2.267,49.78,33.1,True
VPW-IND-OVEN-04,462,2.166,50.48,44.51,True
VPW-IND-OVEN-04,463,2.134,53.43,30.94,True
VPW-IND-OVEN-04,464,2.326,53.95,24.39,True
VPW-IND-OVEN-04,465,2.21,51.86,36.36,True
VPW-IND-OVEN-04,466,2.453,51.4,34.02,True
VPW-IND-OVEN-04,467,2.444,52.15,20.84,True
VPW-IND-OVEN-04,468,2.149,52.02,28.33,True
VPW-IND-OVEN-04,469,2.269,53.52,45.78,True
VPW-IND-OVEN-04,470,2.314,51.3,30.2,True
VPW-IND-OVEN-04,471,2.214,52.18,30.01,True
VPW-IND-OVEN-04,472,2.349,52.59,31.05,True
VPW-IND-OVEN-04,473,2.449,52.87,32.48,True
VPW-IND-OVEN-04,474,2.476,53.22,42.7,True
VPW-IND-OVEN-04,475,2.376,51.55,28.11,True
VPW-IND-OVEN-04,476,2.478,53.79,39.79,True
VPW-IND-OVEN-04,477,2.442,52.66,21.43,True
VPW-IND-OVEN-04,478,2.333,53.37,25.43,True
VPW-IND-OVEN-04,479,2.266,52.93,46.99,True
VPW-IND-OVEN-04,480,2.348,53.77,35.4,True
VPW-IND-OVEN-04,481,2.385,52.41,24.69,True
VPW-IND-OVEN-04,482,2.259,53.12,38.92,True
VPW-IND-OVEN-04,483,2.367,54.96,32.91,True
VPW-IND-OVEN-04,484,2.285,53.14,41.77,True
VPW-IND-OVEN-04,485,2.395,52.52,35.36,True
VPW-IND-OVEN-04,486,2.301,54.47,44.9,True
VPW-IND-OVEN-04,487,2.446,53.47,32.71,True
VPW-IND-OVEN-04,488,2.227,52.85,45.19,True
VPW-IND-OVEN-04,489,2.259,54.98,20.25,True
VPW-IND-OVEN-04,490,2.34,54.72,46.97,True
VPW-IND-OVEN-04,491,2.198,52.37,42.98,True
VPW-IND-OVEN-04,492,2.23,54.99,44.39,True
VPW-IND-OVEN-04,493,2.306,54.98,39.54,True
VPW-IND-OVEN-04,494,2.448,54.51,37.33,True
VPW-IND-OVEN-04,495,2.432,55.0,22.11,True
VPW-IND-OVEN-04,496,2.374,55.22,21.61,True
VPW-IND-OVEN-04,497,2.186,54.14,36.12,True
VPW-IND-OVEN-04,498,2.213,54.21,29.01,True
VPW-IND-OVEN-04,499,2.124,54.21,25.68,True
VPW-IND-OVEN-04,500,2.125,54.8,25.96,True
VPW-IND-OVEN-04,501,2.051,55.35,46.46,True
VPW-IND-OVEN-04,502,2.149,56.46,46.8,True
VPW-IND-OVEN-04,503,2.004,54.17,26.73,True
VPW-IND-OVEN-04,504,2.122,54.38,32.53,True
VPW-IND-OVEN-04,505,2.255,55.08,41.1,True
VPW-IND-OVEN-04,506,2.133,55.02,36.67,True
VPW-IND-OVEN-04,507,2.334,55.13,38.5,True
VPW-IND-OVEN-04,508,2.149,55.49,31.32,True
VPW-IND-OVEN-04,509,2.084,55.26,27.71,True
VPW-IND-OVEN-04,510,2.268,53.9,31.05,True
VPW-IND-OVEN-04,511,2.096,57.28,43.01,True
VPW-IND-OVEN-04,512,2.173,55.25,43.46,True
VPW-IND-OVEN-04,513,2.343,55.8,40.38,True
VPW-IND-OVEN-04,514,2.354,54.69,48.12,True
VPW-IND-OVEN-04,515,2.322,54.93,35.08,True
VPW-IND-OVEN-04,516,2.241,55.88,41.31,True
VPW-IND-OVEN-04,517,2.299,55.8,29.99,True
VPW-IND-OVEN-04,518,2.426,56.38,24.12,True
VPW-IND-OVEN-04,519,2.262,55.41,30.84,True
VPW-IND-OVEN-04,520,2.371,54.14,36.68,True
VPW-IND-OVEN-04,521,2.453,56.8,47.34,True
VPW-IND-OVEN-04,522,2.434,54.43,26.0,True
VPW-IND-OVEN-04,523,2.352,56.62,27.36,True
VPW-IND-OVEN-04,524,2.406,55.51,28.17,True
VPW-IND-OVEN-04,525,2.399,55.63,39.17,True
VPW-IND-OVEN-04,526,2.414,54.93,29.57,True
VPW-IND-OVEN-04,527,2.398,53.89,30.79,True
VPW-IND-OVEN-04,528,2.592,56.2,48.41,True
VPW-IND-OVEN-04,529,2.562,55.31,26.49,True
VPW-IND-OVEN-04,530,2.515,56.0,45.73,True
VPW-IND-OVEN-04,531,2.776,55.92,41.56,True
VPW-IND-OVEN-04,532,2.602,54.47,39.84,True
VPW-IND-OVEN-04,533,2.631,55.74,25.64,True
VPW-IND-OVEN-04,534,2.757,55.58,38.28,True
VPW-IND-OVEN-04,535,2.66,54.42,34.56,True
VPW-IND-OVEN-04,536,2.767,55.21,35.86,True
VPW-IND-OVEN-04,537,2.61,55.99,44.86,True
VPW-IND-OVEN-04,538,2.91,56.08,43.62,True
VPW-IND-OVEN-04,539,2.868,54.74,28.51,True
VPW-IND-OVEN-04,540,2.661,54.67,42.52,True
VPW-IND-OVEN-04,541,2.907,57.51,42.51,True
VPW-IND-OVEN-04,542,2.867,56.16,24.89,True
VPW-IND-OVEN-04,543,2.857,56.19,44.63,True
VPW-IND-OVEN-04,544,2.946,55.28,28.79,True
VPW-IND-OVEN-04,545,2.926,57.15,28.97,True
VPW-IND-OVEN-04,546,2.965,55.58,30.82,True
VPW-IND-OVEN-04,547,2.917,55.54,42.91,True
VPW-IND-OVEN-04,548,2.956,55.03,40.1,True
VPW-IND-OVEN-04,549,2.962,56.66,26.26,True
VPW-IND-OVEN-04,550,3.052,55.58,41.35,True
VPW-IND-OVEN-04,551,3.05,56.56,30.59,True
VPW-IND-OVEN-04,552,2.914,56.15,26.25,True
VPW-IND-OVEN-04,553,2.953,56.55,31.61,True
VPW-IND-OVEN-04,554,2.948,56.7,42.18,True
VPW-IND-OVEN-04,555,2.904,57.27,39.27,True
VPW-IND-OVEN-04,556,2.763,55.57,42.04,True
VPW-IND-OVEN-04,557,3.096,57.11,44.5,True
VPW-IND-OVEN-04,558,2.804,56.12,26.47,True
VPW-IND-OVEN-04,559,2.856,55.77,22.51,True
VPW-IND-OVEN-04,560,2.919,56.25,45.1,True
VPW-IND-OVEN-04,561,2.749,57.15,45.56,True
VPW-IND-OVEN-04,562,3.027,56.78,43.27,True
VPW-IND-OVEN-04,563,3.024,56.95,22.1,True
VPW-IND-OVEN-04,564,2.763,55.79,28.24,True
VPW-IND-OVEN-04,565,2.768,57.07,48.91,True
VPW-IND-OVEN-04,566,2.902,58.0,32.16,True
VPW-IND-OVEN-04,567,2.808,58.29,31.65,True
VPW-IND-OVEN-04,568,2.659,58.7,50.03,True
VPW-IND-OVEN-04,569,2.763,58.36,29.73,True
VPW-IND-OVEN-04,570,2.728,57.9,21.59,True
VPW-IND-OVEN-04,571,2.806,56.58,25.55,True
VPW-IND-OVEN-04,572,2.658,57.84,46.69,True
VPW-IND-OVEN-04,573,2.755,57.58,43.81,True
VPW-IND-OVEN-04,574,2.592,58.54,24.19,True
VPW-IND-OVEN-04,575,2.944,56.84,44.11,True
VPW-IND-OVEN-04,576,2.709,58.9,48.8,True
VPW-IND-OVEN-04,577,2.718,58.45,22.9,True
VPW-IND-OVEN-04,578,2.774,58.18,42.28,True
VPW-IND-OVEN-04,579,2.674,60.5,31.02,True
VPW-IND-OVEN-04,580,2.716,58.18,35.61,True
VPW-IND-OVEN-04,581,2.661,58.52,36.15,True
VPW-IND-OVEN-04,582,2.79,58.77,35.73,True
VPW-IND-OVEN-04,583,2.83,59.08,37.11,True
VPW-IND-OVEN-04,584,2.633,60.36,48.02,True
VPW-IND-OVEN-04,585,2.828,60.6,29.78,True
VPW-IND-OVEN-04,586,2.687,60.24,22.73,True
VPW-IND-OVEN-04,587,2.839,61.0,37.25,True
VPW-IND-OVEN-04,588,2.83,60.32,35.52,True
VPW-IND-OVEN-04,589,2.643,60.34,35.23,True
VPW-IND-OVEN-04,590,2.862,59.98,37.31,True
VPW-IND-OVEN-04,591,2.79,59.2,34.77,True
VPW-IND-OVEN-04,592,2.73,61.73,33.38,True
VPW-IND-OVEN-04,593,2.915,61.23,46.03,True
VPW-IND-OVEN-04,594,2.933,61.54,29.25,True
VPW-IND-OVEN-04,595,3.018,61.87,48.97,True
VPW-IND-OVEN-04,596,3.027,61.19,23.48,True
VPW-IND-OVEN-04,597,3.048,61.54,27.3,True
VPW-IND-OVEN-04,598,3.0,61.19,47.94,True
VPW-IND-OVEN-04,599,2.978,61.84,46.75,True
VPW-IND-OVEN-04,600,3.011,61.31,28.61,True
VPW-IND-OVEN-04,601,3.169,62.95,41.85,True
VPW-IND-OVEN-04,602,3.127,62.36,40.97,True
VPW-IND-OVEN-04,603,3.107,62.31,29.1,True
VPW-IND-OVEN-04,604,3.164,63.77,41.4,True
VPW-IND-OVEN-04,605,3.038,63.57,36.82,True
VPW-IND-OVEN-04,606,3.214,61.85,25.47,True
VPW-IND-OVEN-04,607,3.318,61.27,25.77,True
VPW-IND-OVEN-04,608,3.384,62.52,22.75,True
VPW-IND-OVEN-04,609,3.286,62.31,30.71,True
VPW-IND-OVEN-04,610,3.409,64.65,38.87,True
VPW-IND-OVEN-04,611,3.473,63.83,34.58,True
VPW-IND-OVEN-04,612,3.311,64.07,36.9,True
VPW-IND-OVEN-04,613,3.495,64.37,50.08,True
VPW-IND-OVEN-04,614,3.451,63.49,31.0,True
VPW-IND-OVEN-04,615,3.631,63.33,27.24,True
VPW-IND-OVEN-04,616,3.449,64.98,48.1,True
VPW-IND-OVEN-04,617,3.69,63.93,42.25,True
VPW-IND-OVEN-04,618,3.409,64.67,22.68,True
VPW-IND-OVEN-04,619,3.565,65.9,31.58,True
VPW-IND-OVEN-04,620,3.441,64.72,22.93,True
VPW-IND-OVEN-04,621,3.5,65.6,28.76,True
VPW-IND-OVEN-04,622,3.655,65.48,46.4,True
VPW-IND-OVEN-04,623,3.399,66.52,41.55,True
VPW-IND-OVEN-04,624,3.538,65.49,34.48,True
VPW-IND-OVEN-04,625,3.694,65.6,37.79,True
VPW-IND-OVEN-04,626,3.549,65.63,28.93,True
VPW-IND-OVEN-04,627,3.47,64.65,27.57,True
VPW-IND-OVEN-04,628,3.584,65.95,26.82,True
VPW-IND-OVEN-04,629,3.577,66.1,42.26,True
VPW-IND-OVEN-04,630,3.739,67.33,30.68,True
VPW-IND-OVEN-04,631,3.516,66.17,40.05,True
VPW-IND-OVEN-04,632,3.529,66.43,25.01,True
VPW-IND-OVEN-04,633,3.465,67.05,31.37,True
VPW-IND-OVEN-04,634,3.484,64.73,39.21,True
VPW-IND-OVEN-04,635,3.585,66.72,23.45,True
VPW-IND-OVEN-04,636,3.514,66.32,42.31,True
VPW-IND-OVEN-04,637,3.508,68.08,28.67,True
VPW-IND-OVEN-04,638,3.579,66.56,40.56,True
VPW-IND-OVEN-04,639,3.543,67.2,41.71,True
VPW-IND-OVEN-04,640,3.46,67.51,50.34,True
VPW-IND-OVEN-04,641,3.434,67.1,46.98,True
VPW-IND-OVEN-04,642,3.552,69.54,46.77,True
VPW-IND-OVEN-04,643,3.3,68.35,23.62,True
VPW-IND-OVEN-04,644,3.362,68.05,44.63,True
VPW-IND-OVEN-04,645,3.472,69.47,38.21,True
VPW-IND-OVEN-04,646,3.559,66.53,33.52,True
VPW-IND-OVEN-04,647,3.463,66.96,25.85,True
VPW-IND-OVEN-04,648,3.348,68.58,39.16,True
VPW-IND-OVEN-04,649,3.393,67.72,39.54,True
VPW-IND-OVEN-04,650,3.368,68.09,39.41,True
VPW-IND-OVEN-04,651,3.455,68.72,48.01,True
VPW-IND-OVEN-04,652,3.32,68.17,44.64,True
VPW-IND-OVEN-04,653,3.405,67.87,50.02,True
VPW-IND-OVEN-04,654,3.448,68.62,35.03,True
VPW-IND-OVEN-04,655,3.547,69.86,38.13,True
VPW-IND-OVEN-04,656,3.568,68.01,38.19,True
VPW-IND-OVEN-04,657,3.348,67.98,26.66,True
VPW-IND-OVEN-04,658,3.441,68.61,35.46,True
VPW-IND-OVEN-04,659,3.462,67.14,46.63,True
VPW-IND-OVEN-04,660,3.419,67.21,48.8,True
VPW-IND-OVEN-04,661,3.379,68.59,34.29,True
VPW-IND-OVEN-04,662,3.497,68.83,28.31,True
VPW-IND-OVEN-04,663,3.586,68.82,24.79,True
VPW-IND-OVEN-04,664,3.535,69.12,39.42,True
VPW-IND-OVEN-04,665,3.449,68.59,31.78,True
VPW-IND-OVEN-04,666,3.464,69.31,48.47,True
VPW-IND-OVEN-04,667,3.481,69.56,50.6,True
VPW-IND-OVEN-04,668,3.617,70.14,26.88,True
VPW-IND-OVEN-04,669,3.698,68.15,30.49,True
VPW-IND-OVEN-04,670,3.588,69.63,34.71,True
VPW-IND-OVEN-04,671,3.578,67.97,29.26,True
VPW-IND-OVEN-04,672,3.663,69.81,39.05,True
VPW-IND-OVEN-04,673,3.648,68.45,31.11,True
VPW-IND-OVEN-04,674,3.79,70.15,30.51,True
VPW-IND-OVEN-04,675,3.688,69.71,47.28,True
VPW-IND-OVEN-04,676,3.794,68.9,35.85,True
VPW-IND-OVEN-04,677,3.842,70.72,35.05,True
VPW-IND-OVEN-04,678,3.784,69.4,38.44,True
VPW-IND-OVEN-04,679,3.796,69.44,48.91,True
VPW-IND-OVEN-04,680,4.027,69.89,43.86,True
VPW-IND-OVEN-04,681,3.957,70.27,25.91,True
VPW-IND-OVEN-04,682,3.989,70.64,38.76,True
VPW-IND-OVEN-04,683,3.96,68.94,32.96,True
VPW-IND-OVEN-04,684,4.019,68.66,45.39,True
VPW-IND-OVEN-04,685,4.095,70.6,24.85,True
VPW-IND-OVEN-04,686,4.065,68.99,39.82,True
VPW-IND-OVEN-04,687,3.937,70.95,45.31,True
VPW-IND-OVEN-04,688,4.08,68.68,33.54,True
VPW-IND-OVEN-04,689,3.996,69.84,45.19,True
VPW-IND-OVEN-04,690,4.039,71.26,43.58,True
VPW-IND-OVEN-04,691,4.108,69.71,46.54,True
VPW-IND-OVEN-04,692,4.086,70.28,48.45,True
VPW-IND-OVEN-04,693,4.099,70.7,25.22,True
VPW-IND-OVEN-04,694,4.085,68.84,30.61,True
VPW-IND-OVEN-04,695,4.076,71.04,46.17,True
VPW-IND-OVEN-04,696,4.137,70.36,31.91,True
VPW-IND-OVEN-04,697,4.153,70.94,50.73,True
VPW-IND-OVEN-04,698,4.405,69.97,29.54,True
VPW-IND-OVEN-04,699,4.163,70.47,41.32,True
VPW-IND-OVEN-04,700,4.276,69.42,30.1,True
VPW-IND-OVEN-04,701,4.27,70.31,28.33,True
VPW-IND-OVEN-04,702,4.221,69.75,28.14,True
VPW-IND-OVEN-04,703,4.235,70.27,50.34,True
VPW-IND-OVEN-04,704,4.11,70.49,52.57,True
VPW-IND-OVEN-04,705,4.252,71.18,41.26,True
VPW-IND-OVEN-04,706,4.329,69.57,29.17,True
VPW-IND-OVEN-04,707,4.214,69.78,44.28,True
VPW-IND-OVEN-04,708,4.277,71.59,49.68,True
VPW-IND-OVEN-04,709,4.273,72.17,37.3,True
VPW-IND-OVEN-04,710,4.232,69.68,43.85,True
VPW-IND-OVEN-04,711,4.087,70.52,51.37,True
VPW-IND-OVEN-04,712,4.309,70.71,31.0,True
VPW-IND-OVEN-04,713,4.278,72.11,45.03,True
VPW-IND-OVEN-04,714,4.289,72.69,31.48,True
VPW-IND-OVEN-04,715,4.14,72.31,45.72,True
VPW-IND-OVEN-04,716,4.289,70.98,29.03,True
VPW-IND-OVEN-04,717,4.015,70.95,48.29,True
VPW-IND-OVEN-04,718,4.218,71.46,39.33,True
VPW-IND-OVEN-04,719,4.1,73.14,29.67,True
VPW-PUMP-CENT-01,0,1.91,40.11,23.16,False
VPW-PUMP-CENT-01,1,1.805,40.24,38.88,False
VPW-PUMP-CENT-01,2,1.993,39.87,43.25,False
VPW-PUMP-CENT-01,3,1.951,39.91,27.36,False
VPW-PUMP-CENT-01,4,2.144,41.33,25.85,False
VPW-PUMP-CENT-01,5,1.887,40.99,44.68,False
VPW-PUMP-CENT-01,6,2.231,39.44,25.52,False
VPW-PUMP-CENT-01,7,2.142,40.37,29.63,False
VPW-PUMP-CENT-01,8,2.023,39.98,38.21,False
VPW-PUMP-CENT-01,9,2.065,40.38,44.2,False
VPW-PUMP-CENT-01,10,2.164,40.83,27.14,False
VPW-PUMP-CENT-01,11,2.078,40.22,40.03,False
VPW-PUMP-CENT-01,12,1.973,42.05,29.58,False
VPW-PUMP-CENT-01,13,2.082,41.47,35.18,False
VPW-PUMP-CENT-01,14,1.947,39.97,40.75,False
VPW-PUMP-CENT-01,15,2.13,39.71,29.08,False
VPW-PUMP-CENT-01,16,2.221,41.73,24.42,False
VPW-PUMP-CENT-01,17,2.136,41.41,19.76,False
VPW-PUMP-CENT-01,18,2.185,41.45,20.11,False
VPW-PUMP-CENT-01,19,2.183,41.83,36.82,False
VPW-PUMP-CENT-01,20,1.97,41.38,44.09,False
VPW-PUMP-CENT-01,21,2.212,42.79,25.98,False
VPW-PUMP-CENT-01,22,2.203,41.88,25.96,False
VPW-PUMP-CENT-01,23,2.02,41.23,44.54,False
VPW-PUMP-CENT-01,24,2.056,42.54,43.95,False
VPW-PUMP-CENT-01,25,2.127,40.5,38.4,False
VPW-PUMP-CENT-01,26,2.154,41.66,23.58,False
VPW-PUMP-CENT-01,27,2.203,41.88,20.69,False
VPW-PUMP-CENT-01,28,2.085,43.17,30.67,False
VPW-PUMP-CENT-01,29,2.258,41.72,19.04,False
VPW-PUMP-CENT-01,30,2.075,41.2,18.76,False
VPW-PUMP-CENT-01,31,2.069,41.22,40.48,False
VPW-PUMP-CENT-01,32,1.982,42.03,39.61,False
VPW-PUMP-CENT-01,33,1.937,40.79,28.88,False
VPW-PUMP-CENT-01,34,1.978,41.85,45.45,False
VPW-PUMP-CENT-01,35,1.938,41.24,23.01,False
VPW-PUMP-CENT-01,36,1.99,41.09,46.25,False
VPW-PUMP-CENT-01,37,2.067,41.12,19.17,False
VPW-PUMP-CENT-01,38,1.976,41.3,34.23,False
VPW-PUMP-CENT-01,39,1.953,43.25,24.89,False
VPW-PUMP-CENT-01,40,1.723,42.17,26.34,False
VPW-PUMP-CENT-01,41,1.973,41.31,23.23,False
VPW-PUMP-CENT-01,42,1.859,40.71,23.43,False
VPW-PUMP-CENT-01,43,1.723,42.73,42.73,False
VPW-PUMP-CENT-01,44,1.786,43.22,38.13,False
VPW-PUMP-CENT-01,45,1.888,42.68,28.33,False
VPW-PUMP-CENT-01,46,1.789,41.89,44.83,False
VPW-PUMP-CENT-01,47,1.85,41.5,31.44,False
VPW-PUMP-CENT-01,48,1.704,42.17,45.16,False
VPW-PUMP-CENT-01,49,1.956,41.9,34.19,False
VPW-PUMP-CENT-01,50,1.744,42.93,42.21,False
VPW-PUMP-CENT-01,51,1.598,41.58,41.99,False
VPW-PUMP-CENT-01,52,1.699,39.79,30.3,False
VPW-PUMP-CENT-01,53,1.638,41.28,19.11,False
VPW-PUMP-CENT-01,54,1.571,41.68,39.63,False
VPW-PUMP-CENT-01,55,1.696,42.08,35.84,False
VPW-PUMP-CENT-01,56,1.669,41.96,42.12,False
VPW-PUMP-CENT-01,57,1.653,42.58,38.33,False
VPW-PUMP-CENT-01,58,1.781,41.39,28.81,False
VPW-PUMP-CENT-01,59,1.711,41.8,36.65,False
VPW-PUMP-CENT-01,60,1.63,41.36,31.13,False
VPW-PUMP-CENT-01,61,1.792,41.28,44.76,False
VPW-PUMP-CENT-01,62,1.767,43.31,30.78,False
VPW-PUMP-CENT-01,63,1.927,41.12,45.29,False
VPW-PUMP-CENT-01,64,1.675,40.93,43.06,False
VPW-PUMP-CENT-01,65,1.76,40.97,19.55,False
VPW-PUMP-CENT-01,66,1.764,40.35,25.39,False
VPW-PUMP-CENT-01,67,1.731,41.51,44.76,False
VPW-PUMP-CENT-01,68,1.719,40.11,18.9,False
VPW-PUMP-CENT-01,69,1.695,40.15,43.83,False
VPW-PUMP-CENT-01,70,1.786,40.22,35.89,False
VPW-PUMP-CENT-01,71,1.972,40.32,32.62,False
VPW-PUMP-CENT-01,72,1.966,39.72,23.65,False
VPW-PUMP-CENT-01,73,2.069,39.78,32.73,False
VPW-PUMP-CENT-01,74,1.799,41.44,37.92,False
VPW-PUMP-CENT-01,75,1.965,40.61,41.56,False
VPW-PUMP-CENT-01,76,1.878,40.46,34.09,False
VPW-PUMP-CENT-01,77,1.863,41.41,34.29,False
VPW-PUMP-CENT-01,78,1.933,39.36,29.93,False
VPW-PUMP-CENT-01,79,2.001,38.49,27.91,False
VPW-PUMP-CENT-01,80,2.133,41.39,37.23,False
VPW-PUMP-CENT-01,81,2.003,39.76,40.84,False
VPW-PUMP-CENT-01,82,2.034,39.73,22.31,False
VPW-PUMP-CENT-01,83,2.283,39.78,18.86,False
VPW-PUMP-CENT-01,84,1.993,39.56,45.67,False
VPW-PUMP-CENT-01,85,2.005,40.08,31.52,False
VPW-PUMP-CENT-01,86,2.103,39.87,45.04,False
VPW-PUMP-CENT-01,87,2.11,39.3,21.38,False
VPW-PUMP-CENT-01,88,2.201,39.61,40.2,False
VPW-PUMP-CENT-01,89,2.209,39.24,23.13,False
VPW-PUMP-CENT-01,90,2.107,39.21,20.72,False
VPW-PUMP-CENT-01,91,2.17,38.98,28.68,False
VPW-PUMP-CENT-01,92,2.08,40.44,29.57,False
VPW-PUMP-CENT-01,93,2.146,39.18,29.3,False
VPW-PUMP-CENT-01,94,1.973,39.13,18.67,False
VPW-PUMP-CENT-01,95,2.211,39.96,41.74,False
VPW-PUMP-CENT-01,96,2.263,38.82,18.47,False
VPW-PUMP-CENT-01,97,2.079,39.39,25.7,False
VPW-PUMP-CENT-01,98,2.088,39.59,24.57,False
VPW-PUMP-CENT-01,99,2.248,39.24,30.79,False
VPW-PUMP-CENT-01,100,1.986,38.12,18.2,False
VPW-PUMP-CENT-01,101,2.151,38.06,40.01,False
VPW-PUMP-CENT-01,102,2.17,39.51,35.19,False
VPW-PUMP-CENT-01,103,2.097,39.46,41.49,False
VPW-PUMP-CENT-01,104,2.026,39.21,36.77,False
VPW-PUMP-CENT-01,105,2.215,39.01,31.7,False
VPW-PUMP-CENT-01,106,2.002,39.31,20.92,False
VPW-PUMP-CENT-01,107,2.278,38.88,41.1,False
VPW-PUMP-CENT-01,108,2.089,39.15,24.26,False
VPW-PUMP-CENT-01,109,1.912,38.78,45.06,False
VPW-PUMP-CENT-01,110,1.95,39.28,33.46,False
VPW-PUMP-CENT-01,111,2.063,38.72,22.35,False
VPW-PUMP-CENT-01,112,2.08,38.02,26.15,False
VPW-PUMP-CENT-01,113,2.01,38.71,34.63,False
VPW-PUMP-CENT-01,114,1.988,38.24,44.54,False
VPW-PUMP-CENT-01,115,1.712,39.39,19.08,False
VPW-PUMP-CENT-01,116,2.001,39.7,44.51,False
VPW-PUMP-CENT-01,117,1.967,39.82,40.9,False
VPW-PUMP-CENT-01,118,1.737,38.57,23.74,False
VPW-PUMP-CENT-01,119,1.815,38.45,40.23,False
VPW-PUMP-CENT-01,120,1.693,40.62,19.01,False
VPW-PUMP-CENT-01,121,1.86,39.08,36.78,False
VPW-PUMP-CENT-01,122,1.787,39.22,45.44,False
VPW-PUMP-CENT-01,123,1.716,39.31,29.83,False
VPW-PUMP-CENT-01,124,1.753,38.45,43.74,False
VPW-PUMP-CENT-01,125,1.723,39.33,18.96,False
VPW-PUMP-CENT-01,126,1.824,39.24,28.01,False
VPW-PUMP-CENT-01,127,1.776,38.32,39.51,False
VPW-PUMP-CENT-01,128,1.74,39.4,40.91,False
VPW-PUMP-CENT-01,129,1.703,40.34,40.37,False
VPW-PUMP-CENT-01,130,1.706,39.97,39.97,False
VPW-PUMP-CENT-01,131,1.689,40.01,32.74,False
VPW-PUMP-CENT-01,132,1.498,38.85,29.44,False
VPW-PUMP-CENT-01,133,1.751,38.38,42.89,False
VPW-PUMP-CENT-01,134,1.756,40.88,21.43,False
VPW-PUMP-CENT-01,135,1.783,39.6,41.48,False
VPW-PUMP-CENT-01,136,1.717,39.06,24.63,False
VPW-PUMP-CENT-01,137,1.717,40.1,35.67,False
VPW-PUMP-CENT-01,138,1.793,38.6,31.37,False
VPW-PUMP-CENT-01,139,1.722,40.3,30.84,False
VPW-PUMP-CENT-01,140,1.921,39.38,31.27,False
VPW-PUMP-CENT-01,141,1.789,41.54,25.09,False
VPW-PUMP-CENT-01,142,1.806,39.75,41.81,False
VPW-PUMP-CENT-01,143,1.742,39.27,33.79,False
VPW-PUMP-CENT-01,144,1.966,38.47,24.53,False
VPW-PUMP-CENT-01,145,1.881,40.49,29.7,False
VPW-PUMP-CENT-01,146,1.955,39.74,38.13,False
VPW-PUMP-CENT-01,147,1.928,40.49,44.4,False
VPW-PUMP-CENT-01,148,1.912,41.1,35.03,False
VPW-PUMP-CENT-01,149,2.069,40.88,22.32,False
VPW-PUMP-CENT-01,150,1.993,40.29,31.24,False
VPW-PUMP-CENT-01,151,1.967,40.23,44.99,False
VPW-PUMP-CENT-01,152,1.956,41.13,36.44,False
VPW-PUMP-CENT-01,153,2.042,40.16,32.56,False
VPW-PUMP-CENT-01,154,2.067,39.79,22.63,False
VPW-PUMP-CENT-01,155,1.939,41.83,19.61,False
VPW-PUMP-CENT-01,156,2.095,41.28,29.23,False
VPW-PUMP-CENT-01,157,2.024,41.06,20.16,False
VPW-PUMP-CENT-01,158,1.974,40.74,20.75,False
VPW-PUMP-CENT-01,159,2.14,41.19,21.37,False
VPW-PUMP-CENT-01,160,2.086,41.76,26.88,False
VPW-PUMP-CENT-01,161,2.054,41.37,29.06,False
VPW-PUMP-CENT-01,162,2.023,41.13,42.68,False
VPW-PUMP-CENT-01,163,2.14,41.19,41.14,False
VPW-PUMP-CENT-01,164,2.153,41.29,38.18,False
VPW-PUMP-CENT-01,165,2.099,42.42,27.04,False
VPW-PUMP-CENT-01,166,2.094,40.49,40.01,False
VPW-PUMP-CENT-01,167,2.199,41.08,17.59,False
VPW-PUMP-CENT-01,168,2.243,40.91,31.2,False
VPW-PUMP-CENT-01,169,2.184,41.41,29.86,False
VPW-PUMP-CENT-01,170,2.231,41.39,34.21,False
VPW-PUMP-CENT-01,171,2.091,42.46,19.91,False
VPW-PUMP-CENT-01,172,2.06,41.35,29.54,False
VPW-PUMP-CENT-01,173,2.158,41.67,26.79,False
VPW-PUMP-CENT-01,174,2.095,41.79,45.65,False
VPW-PUMP-CENT-01,175,2.334,42.59,29.19,False
VPW-PUMP-CENT-01,176,1.985,43.18,39.04,False
VPW-PUMP-CENT-01,177,1.999,42.67,39.29,False
VPW-PUMP-CENT-01,178,2.273,42.17,37.91,False
VPW-PUMP-CENT-01,179,2.25,41.7,41.65,False
VPW-PUMP-CENT-01,180,2.119,41.16,29.04,False
VPW-PUMP-CENT-01,181,1.916,41.38,36.28,False
VPW-PUMP-CENT-01,182,2.031,41.31,33.24,False
VPW-PUMP-CENT-01,183,1.965,42.74,21.13,False
VPW-PUMP-CENT-01,184,2.166,41.0,25.38,False
VPW-PUMP-CENT-01,185,2.028,43.02,27.51,False
VPW-PUMP-CENT-01,186,2.031,41.53,30.51,False
VPW-PUMP-CENT-01,187,2.009,42.8,37.7,False
VPW-PUMP-CENT-01,188,2.09,41.93,32.8,False
VPW-PUMP-CENT-01,189,1.907,43.84,24.76,False
VPW-PUMP-CENT-01,190,1.892,43.53,19.43,False
VPW-PUMP-CENT-01,191,2.108,42.65,36.92,False
VPW-PUMP-CENT-01,192,1.871,42.21,26.06,False
VPW-PUMP-CENT-01,193,1.902,42.48,40.74,False
VPW-PUMP-CENT-01,194,1.922,41.75,26.71,False
VPW-PUMP-CENT-01,195,1.846,40.77,39.51,False
VPW-PUMP-CENT-01,196,1.97,42.64,27.02,False
VPW-PUMP-CENT-01,197,1.749,42.66,38.51,False
VPW-PUMP-CENT-01,198,1.797,41.92,42.63,False
VPW-PUMP-CENT-01,199,1.764,40.85,42.89,False
VPW-PUMP-CENT-01,200,1.81,42.39,32.58,False
VPW-PUMP-CENT-01,201,1.905,42.65,42.49,False
VPW-PUMP-CENT-01,202,1.904,43.04,23.32,False
VPW-PUMP-CENT-01,203,1.766,41.25,30.76,False
VPW-PUMP-CENT-01,204,1.84,42.46,25.06,False
VPW-PUMP-CENT-01,205,1.752,43.52,42.56,False
VPW-PUMP-CENT-01,206,1.657,41.97,35.61,False
VPW-PUMP-CENT-01,207,1.707,42.83,19.38,False
VPW-PUMP-CENT-01,208,1.711,42.8,32.12,False
VPW-PUMP-CENT-01,209,1.725,42.17,21.93,False
VPW-PUMP-CENT-01,210,1.874,42.91,41.24,False
VPW-PUMP-CENT-01,211,1.686,41.96,29.2,False
VPW-PUMP-CENT-01,212,1.834,41.77,29.96,False
VPW-PUMP-CENT-01,213,1.908,42.26,35.17,False
VPW-PUMP-CENT-01,214,1.824,42.13,35.18,False
VPW-PUMP-CENT-01,215,1.787,41.75,18.57,False
VPW-PUMP-CENT-01,216,1.951,41.69,22.94,False
VPW-PUMP-CENT-01,217,1.853,41.04,32.43,False
VPW-PUMP-CENT-01,218,1.835,41.19,27.81,False
VPW-PUMP-CENT-01,219,1.875,41.23,43.35,False
VPW-PUMP-CENT-01,220,1.91,41.57,31.74,False
VPW-PUMP-CENT-01,221,1.838,41.2,29.71,False
VPW-PUMP-CENT-01,222,1.902,41.62,18.45,False
VPW-PUMP-CENT-01,223,1.977,41.73,23.02,False
VPW-PUMP-CENT-01,224,1.856,40.77,27.13,False
VPW-PUMP-CENT-01,225,1.941,40.96,34.73,False
VPW-PUMP-CENT-01,226,2.094,40.94,23.42,False
VPW-PUMP-CENT-01,227,1.942,41.14,31.91,False
VPW-PUMP-CENT-01,228,2.102,41.04,38.33,False
VPW-PUMP-CENT-01,229,2.164,41.53,31.61,False
VPW-PUMP-CENT-01,230,2.025,39.67,20.67,False
VPW-PUMP-CENT-01,231,2.095,39.24,35.29,False
VPW-PUMP-CENT-01,232,1.864,40.78,23.57,False
VPW-PUMP-CENT-01,233,2.181,41.16,40.53,False
VPW-PUMP-CENT-01,234,2.175,39.9,20.58,False
VPW-PUMP-CENT-01,235,2.176,37.55,42.48,False
VPW-PUMP-CENT-01,236,2.184,38.79,38.38,False
VPW-PUMP-CENT-01,237,2.285,39.96,26.81,False
VPW-PUMP-CENT-01,238,2.244,40.46,28.36,False
VPW-PUMP-CENT-01,239,2.35,40.93,40.21,False
VPW-PUMP-CENT-01,240,2.251,40.12,24.63,False
VPW-PUMP-CENT-01,241,2.345,40.35,32.17,False
VPW-PUMP-CENT-01,242,2.218,41.04,45.95,False
VPW-PUMP-CENT-01,243,2.132,41.3,36.47,False
VPW-PUMP-CENT-01,244,2.236,38.75,39.18,False
VPW-PUMP-CENT-01,245,2.311,39.46,26.26,False
VPW-PUMP-CENT-01,246,2.191,40.35,20.04,False
VPW-PUMP-CENT-01,247,2.256,38.64,30.54,False
VPW-PUMP-CENT-01,248,2.127,40.37,20.13,False
VPW-PUMP-CENT-01,249,2.223,38.91,44.18,False
VPW-PUMP-CENT-01,250,2.09,38.4,33.38,False
VPW-PUMP-CENT-01,251,2.207,38.86,41.18,False
VPW-PUMP-CENT-01,252,2.155,41.03,33.36,False
VPW-PUMP-CENT-01,253,2.124,38.51,29.97,False
VPW-PUMP-CENT-01,254,2.256,40.14,35.16,False
VPW-PUMP-CENT-01,255,2.212,38.67,37.23,False
VPW-PUMP-CENT-01,256,2.279,37.96,25.4,False
VPW-PUMP-CENT-01,257,2.023,40.09,19.95,False
VPW-PUMP-CENT-01,258,1.962,39.08,34.38,False
VPW-PUMP-CENT-01,259,2.12,38.27,33.14,False
VPW-PUMP-CENT-01,260,2.166,40.47,42.45,False
VPW-PUMP-CENT-01,261,2.073,38.73,42.13,False
VPW-PUMP-CENT-01,262,2.113,39.76,35.32,False
VPW-PUMP-CENT-01,263,1.896,38.28,29.92,False
VPW-PUMP-CENT-01,264,1.989,39.54,21.64,False
VPW-PUMP-CENT-01,265,1.97,38.66,35.3,False
VPW-PUMP-CENT-01,266,1.815,38.88,41.39,False
VPW-PUMP-CENT-01,267,1.998,38.29,38.53,False
VPW-PUMP-CENT-01,268,1.971,39.32,42.97,False
VPW-PUMP-CENT-01,269,1.861,39.94,31.57,False
VPW-PUMP-CENT-01,270,2.011,40.12,34.23,False
VPW-PUMP-CENT-01,271,1.876,37.8,23.55,False
VPW-PUMP-CENT-01,272,1.894,39.86,19.73,False
VPW-PUMP-CENT-01,273,1.875,38.8,30.73,False
VPW-PUMP-CENT-01,274,1.839,39.75,41.26,False
VPW-PUMP-CENT-01,275,1.858,39.85,37.78,False
VPW-PUMP-CENT-01,276,1.874,39.08,29.46,False
VPW-PUMP-CENT-01,277,1.748,39.94,21.55,True
VPW-PUMP-CENT-01,278,1.835,40.26,33.03,True
VPW-PUMP-CENT-01,279,1.939,39.82,23.78,True
VPW-PUMP-CENT-01,280,1.97,41.03,21.53,True
VPW-PUMP-CENT-01,281,1.867,37.26,33.57,True
VPW-PUMP-CENT-01,282,1.74,40.04,32.62,True
VPW-PUMP-CENT-01,283,1.799,40.55,17.72,True
VPW-PUMP-CENT-01,284,1.909,40.32,41.5,True
VPW-PUMP-CENT-01,285,1.789,40.41,36.48,True
VPW-PUMP-CENT-01,286,1.814,38.96,44.46,True
VPW-PUMP-CENT-01,287,1.842,39.46,21.85,True
VPW-PUMP-CENT-01,288,1.808,40.56,41.32,True
VPW-PUMP-CENT-01,289,1.76,41.39,38.55,True
VPW-PUMP-CENT-01,290,1.913,40.23,19.9,True
VPW-PUMP-CENT-01,291,2.032,40.37,17.75,True
VPW-PUMP-CENT-01,292,1.898,41.91,21.37,True
VPW-PUMP-CENT-01,293,1.759,41.4,41.42,True
VPW-PUMP-CENT-01,294,1.884,41.43,31.07,True
VPW-PUMP-CENT-01,295,1.949,41.35,41.39,True
VPW-PUMP-CENT-01,296,1.855,42.03,39.58,True
VPW-PUMP-CENT-01,297,1.983,40.75,44.47,True
VPW-PUMP-CENT-01,298,2.163,42.62,34.16,True
VPW-PUMP-CENT-01,299,2.073,42.15,23.23,True
VPW-PUMP-CENT-01,300,2.009,41.03,38.66,True
VPW-PUMP-CENT-01,301,2.217,43.18,42.99,True
VPW-PUMP-CENT-01,302,2.015,42.89,22.43,True
VPW-PUMP-CENT-01,303,2.129,41.46,30.87,True
VPW-PUMP-CENT-01,304,2.248,42.54,32.88,True
VPW-PUMP-CENT-01,305,2.188,42.52,38.06,True
VPW-PUMP-CENT-01,306,2.209,41.72,39.72,True
VPW-PUMP-CENT-01,307,2.271,43.64,18.75,True
VPW-PUMP-CENT-01,308,2.179,42.73,27.48,True
VPW-PUMP-CENT-01,309,2.106,43.29,39.22,True
VPW-PUMP-CENT-01,310,2.267,42.88,39.87,True
VPW-PUMP-CENT-01,311,2.254,41.71,20.92,True
VPW-PUMP-CENT-01,312,2.447,42.19,38.07,True
VPW-PUMP-CENT-01,313,2.421,43.26,36.4,True
VPW-PUMP-CENT-01,314,2.272,42.88,40.62,True
VPW-PUMP-CENT-01,315,2.541,43.37,38.88,True
VPW-PUMP-CENT-01,316,2.264,43.38,28.44,True
VPW-PUMP-CENT-01,317,2.406,43.0,28.09,True
VPW-PUMP-CENT-01,318,2.311,42.92,19.01,True
VPW-PUMP-CENT-01,319,2.427,43.58,37.51,True
VPW-PUMP-CENT-01,320,2.359,43.44,24.14,True
VPW-PUMP-CENT-01,321,2.256,44.01,38.51,True
VPW-PUMP-CENT-01,322,2.408,44.48,45.56,True
VPW-PUMP-CENT-01,323,2.319,44.52,19.85,True
VPW-PUMP-CENT-01,324,2.379,43.96,44.32,True
VPW-PUMP-CENT-01,325,2.53,42.78,33.76,True
VPW-PUMP-CENT-01,326,2.475,43.31,38.29,True
VPW-PUMP-CENT-01,327,2.323,45.73,28.7,True
VPW-PUMP-CENT-01,328,2.425,44.69,40.5,True
VPW-PUMP-CENT-01,329,2.316,43.1,25.84,True
VPW-PUMP-CENT-01,330,2.386,44.65,21.69,True
VPW-PUMP-CENT-01,331,2.404,43.91,19.54,True
VPW-PUMP-CENT-01,332,2.272,44.3,46.76,True
VPW-PUMP-CENT-01,333,2.24,44.08,37.28,True
VPW-PUMP-CENT-01,334,2.469,45.02,29.68,True
VPW-PUMP-CENT-01,335,2.286,46.31,21.83,True
VPW-PUMP-CENT-01,336,2.295,46.95,19.9,True
VPW-PUMP-CENT-01,337,2.272,45.21,36.64,True
VPW-PUMP-CENT-01,338,2.247,44.98,37.78,True
VPW-PUMP-CENT-01,339,2.198,45.52,26.64,True
VPW-PUMP-CENT-01,340,2.396,46.15,45.47,True
VPW-PUMP-CENT-01,341,2.352,44.91,31.71,True
VPW-PUMP-CENT-01,342,2.164,44.95,37.21,True
VPW-PUMP-CENT-01,343,2.134,45.96,43.67,True
VPW-PUMP-CENT-01,344,2.202,47.21,36.94,True
VPW-PUMP-CENT-01,345,2.187,45.49,37.73,True
VPW-PUMP-CENT-01,346,2.441,46.21,19.11,True
VPW-PUMP-CENT-01,347,2.251,46.28,35.47,True
VPW-PUMP-CENT-01,348,2.033,46.06,26.6,True
VPW-PUMP-CENT-01,349,2.318,46.53,34.14,True
VPW-PUMP-CENT-01,350,2.252,47.1,26.82,True
VPW-PUMP-CENT-01,351,2.015,45.88,33.5,True
VPW-PUMP-CENT-01,352,2.164,45.46,46.14,True
VPW-PUMP-CENT-01,353,2.106,45.15,21.81,True
VPW-PUMP-CENT-01,354,2.107,45.24,38.88,True
VPW-PUMP-CENT-01,355,1.992,45.76,44.66,True
VPW-PUMP-CENT-01,356,2.135,45.2,38.06,True
VPW-PUMP-CENT-01,357,2.26,47.48,44.82,True
VPW-PUMP-CENT-01,358,2.16,45.46,44.63,True
VPW-PUMP-CENT-01,359,2.241,46.27,28.93,True
VPW-PUMP-CENT-01,360,2.191,46.94,25.63,True
VPW-PUMP-CENT-01,361,2.125,45.26,38.63,True
VPW-PUMP-CENT-01,362,2.169,46.08,46.85,True
VPW-PUMP-CENT-01,363,2.122,44.85,20.04,True
VPW-PUMP-CENT-01,364,2.215,46.1,40.61,True
VPW-PUMP-CENT-01,365,2.234,45.33,38.2,True
VPW-PUMP-CENT-01,366,2.325,45.31,33.98,True
VPW-PUMP-CENT-01,367,2.172,47.38,47.5,True
VPW-PUMP-CENT-01,368,2.281,47.24,34.03,True
VPW-PUMP-CENT-01,369,2.248,46.04,32.86,True
VPW-PUMP-CENT-01,370,2.437,47.07,43.1,True
VPW-PUMP-CENT-01,371,2.272,45.3,24.38,True
VPW-PUMP-CENT-01,372,2.513,44.8,21.55,True
VPW-PUMP-CENT-01,373,2.469,46.66,17.86,True
VPW-PUMP-CENT-01,374,2.499,46.88,47.42,True
VPW-PUMP-CENT-01,375,2.678,46.2,33.21,True
VPW-PUMP-CENT-01,376,2.518,46.26,42.16,True
VPW-PUMP-CENT-01,377,2.54,45.74,33.49,True
VPW-PUMP-CENT-01,378,2.522,46.94,26.73,True
VPW-PUMP-CENT-01,379,2.43,46.24,38.3,True
VPW-PUMP-CENT-01,380,2.575,45.23,42.08,True
VPW-PUMP-CENT-01,381,2.623,45.78,32.84,True
VPW-PUMP-CENT-01,382,2.562,46.24,29.04,True
VPW-PUMP-CENT-01,383,2.599,45.63,46.99,True
VPW-PUMP-CENT-01,384,2.696,46.67,25.97,True
VPW-PUMP-CENT-01,385,2.711,46.05,48.13,True
VPW-PUMP-CENT-01,386,2.736,45.72,47.53,True
VPW-PUMP-CENT-01,387,2.662,45.78,25.46,True
VPW-PUMP-CENT-01,388,2.74,45.79,43.13,True
VPW-PUMP-CENT-01,389,2.813,46.07,22.92,True
VPW-PUMP-CENT-01,390,2.947,47.73,40.17,True
VPW-PUMP-CENT-01,391,2.949,46.75,28.52,True
VPW-PUMP-CENT-01,392,2.689,47.0,43.93,True
VPW-PUMP-CENT-01,393,2.841,47.75,43.54,True
VPW-PUMP-CENT-01,394,2.822,46.97,32.98,True
VPW-PUMP-CENT-01,395,2.801,45.75,25.55,True
VPW-PUMP-CENT-01,396,2.799,45.89,39.37,True
VPW-PUMP-CENT-01,397,2.798,47.66,34.64,True
VPW-PUMP-CENT-01,398,2.906,46.11,32.56,True
VPW-PUMP-CENT-01,399,2.828,45.62,19.78,True
VPW-PUMP-CENT-01,400,2.878,47.04,38.58,True
VPW-PUMP-CENT-01,401,2.823,46.67,36.62,True
VPW-PUMP-CENT-01,402,2.876,45.68,27.45,True
VPW-PUMP-CENT-01,403,2.901,47.36,44.28,True
VPW-PUMP-CENT-01,404,2.873,46.33,32.14,True
VPW-PUMP-CENT-01,405,2.807,46.65,46.57,True
VPW-PUMP-CENT-01,406,2.782,47.72,36.49,True
VPW-PUMP-CENT-01,407,2.844,47.22,33.99,True
VPW-PUMP-CENT-01,408,2.818,46.72,39.35,True
VPW-PUMP-CENT-01,409,2.748,47.47,22.41,True
VPW-PUMP-CENT-01,410,2.882,47.35,33.34,True
VPW-PUMP-CENT-01,411,2.72,47.24,23.1,True
VPW-PUMP-CENT-01,412,2.807,46.75,40.81,True
VPW-PUMP-CENT-01,413,2.867,47.91,40.27,True
VPW-PUMP-CENT-01,414,2.852,46.63,27.21,True
VPW-PUMP-CENT-01,415,2.672,47.84,35.5,True
VPW-PUMP-CENT-01,416,2.652,47.59,45.84,True
VPW-PUMP-CENT-01,417,2.63,47.93,23.34,True
VPW-PUMP-CENT-01,418,2.776,49.22,33.19,True
VPW-PUMP-CENT-01,419,2.517,47.02,41.36,True
VPW-PUMP-CENT-01,420,2.746,47.66,26.78,True
VPW-PUMP-CENT-01,421,2.668,47.83,36.57,True
VPW-PUMP-CENT-01,422,2.606,48.62,40.9,True
VPW-PUMP-CENT-01,423,2.628,48.04,36.52,True
VPW-PUMP-CENT-01,424,2.616,47.77,27.64,True
VPW-PUMP-CENT-01,425,2.778,46.04,20.28,True
VPW-PUMP-CENT-01,426,2.562,48.49,41.47,True
VPW-PUMP-CENT-01,427,2.738,50.41,28.21,True
VPW-PUMP-CENT-01,428,2.744,47.51,40.36,True
VPW-PUMP-CENT-01,429,2.547,49.34,43.78,True
VPW-PUMP-CENT-01,430,2.615,48.91,36.14,True
VPW-PUMP-CENT-01,431,2.725,49.96,46.18,True
VPW-PUMP-CENT-01,432,2.584,51.91,41.78,True
VPW-PUMP-CENT-01,433,2.663,50.25,25.65,True
VPW-PUMP-CENT-01,434,2.694,50.8,29.31,True
VPW-PUMP-CENT-01,435,2.702,49.18,41.73,True
VPW-PUMP-CENT-01,436,2.703,49.69,38.59,True
VPW-PUMP-CENT-01,437,2.827,50.43,30.67,True
VPW-PUMP-CENT-01,438,2.646,51.86,47.34,True
VPW-PUMP-CENT-01,439,2.743,50.18,24.58,True
VPW-PUMP-CENT-01,440,2.794,49.51,20.67,True
VPW-PUMP-CENT-01,441,2.825,50.05,35.43,True
VPW-PUMP-CENT-01,442,2.737,51.1,24.71,True
VPW-PUMP-CENT-01,443,2.865,50.77,24.42,True
VPW-PUMP-CENT-01,444,2.891,49.7,28.9,True
VPW-PUMP-CENT-01,445,2.873,50.73,25.59,True
VPW-PUMP-CENT-01,446,2.968,52.94,21.91,True
VPW-PUMP-CENT-01,447,3.073,51.39,28.37,True
VPW-PUMP-CENT-01,448,2.987,51.08,20.96,True
VPW-PUMP-CENT-01,449,3.104,52.91,48.01,True
VPW-PUMP-CENT-01,450,3.015,52.91,25.62,True
VPW-PUMP-CENT-01,451,3.259,52.98,41.23,True
VPW-PUMP-CENT-01,452,3.006,52.76,43.51,True
VPW-PUMP-CENT-01,453,3.031,51.88,23.15,True
VPW-PUMP-CENT-01,454,3.082,52.03,25.68,True
VPW-PUMP-CENT-01,455,3.152,51.59,39.43,True
VPW-PUMP-CENT-01,456,3.235,53.49,46.57,True
VPW-PUMP-CENT-01,457,3.304,52.32,23.54,True
VPW-PUMP-CENT-01,458,3.043,52.94,42.35,True
VPW-PUMP-CENT-01,459,3.122,54.53,39.98,True
VPW-PUMP-CENT-01,460,3.143,54.6,27.41,True
VPW-PUMP-CENT-01,461,3.207,53.9,34.49,True
VPW-PUMP-CENT-01,462,3.213,53.68,36.68,True
VPW-PUMP-CENT-01,463,3.245,52.45,32.5,True
VPW-PUMP-CENT-01,464,3.256,53.83,40.71,True
VPW-PUMP-CENT-01,465,3.322,52.44,25.08,True
VPW-PUMP-CENT-01,466,3.348,54.96,33.36,True
VPW-PUMP-CENT-01,467,3.455,54.28,36.88,True
VPW-PUMP-CENT-01,468,3.445,55.26,46.6,True
VPW-PUMP-CENT-01,469,3.344,55.65,35.05,True
VPW-PUMP-CENT-01,470,3.351,54.12,31.84,True
VPW-PUMP-CENT-01,471,3.413,55.57,35.14,True
VPW-PUMP-CENT-01,472,3.541,55.08,21.32,True
VPW-PUMP-CENT-01,473,3.422,55.15,36.52,True
VPW-PUMP-CENT-01,474,3.421,54.48,43.91,True
VPW-PUMP-CENT-01,475,3.367,55.33,45.03,True
VPW-PUMP-CENT-01,476,3.439,56.29,45.59,True
VPW-PUMP-CENT-01,477,3.575,55.29,39.71,True
VPW-PUMP-CENT-01,478,3.51,56.72,48.1,True
VPW-PUMP-CENT-01,479,3.416,55.44,21.92,True
VPW-PUMP-CENT-01,480,3.393,56.33,22.6,True
VPW-PUMP-CENT-01,481,3.444,56.49,36.73,True
VPW-PUMP-CENT-01,482,3.425,57.24,38.14,True
VPW-PUMP-CENT-01,483,3.467,56.09,23.1,True
VPW-PUMP-CENT-01,484,3.336,56.61,42.11,True
VPW-PUMP-CENT-01,485,3.506,56.63,45.26,True
VPW-PUMP-CENT-01,486,3.435,57.38,24.25,True
VPW-PUMP-CENT-01,487,3.391,58.07,47.62,True
VPW-PUMP-CENT-01,488,3.539,58.43,26.16,True
VPW-PUMP-CENT-01,489,3.34,56.92,48.29,True
VPW-PUMP-CENT-01,490,3.437,56.79,45.34,True
VPW-PUMP-CENT-01,491,3.343,57.05,41.76,True
VPW-PUMP-CENT-01,492,3.345,58.68,27.02,True
VPW-PUMP-CENT-01,493,3.138,57.52,27.91,True
VPW-PUMP-CENT-01,494,3.197,57.09,44.13,True
VPW-PUMP-CENT-01,495,3.341,57.34,35.09,True
VPW-PUMP-CENT-01,496,3.35,57.15,38.84,True
VPW-PUMP-CENT-01,497,3.412,58.91,46.13,True
VPW-PUMP-CENT-01,498,3.416,58.73,24.66,True
VPW-PUMP-CENT-01,499,3.393,58.29,38.24,True
VPW-PUMP-CENT-01,500,3.171,57.32,47.88,True
VPW-PUMP-CENT-01,501,3.048,56.88,31.83,True
VPW-PUMP-CENT-01,502,3.256,58.56,43.81,True
VPW-PUMP-CENT-01,503,3.086,57.67,33.73,True
VPW-PUMP-CENT-01,504,3.427,57.0,47.17,True
VPW-PUMP-CENT-01,505,3.187,59.19,35.39,True
VPW-PUMP-CENT-01,506,3.357,56.65,28.37,True
VPW-PUMP-CENT-01,507,3.219,58.07,23.12,True
VPW-PUMP-CENT-01,508,3.391,58.23,29.58,True
VPW-PUMP-CENT-01,509,3.462,59.55,27.39,True
VPW-PUMP-CENT-01,510,3.327,59.44,38.74,True
VPW-PUMP-CENT-01,511,3.204,57.66,35.11,True
VPW-PUMP-CENT-01,512,3.133,58.35,30.64,True
VPW-PUMP-CENT-01,513,3.485,58.68,43.85,True
VPW-PUMP-CENT-01,514,3.493,57.98,28.65,True
VPW-PUMP-CENT-01,515,3.432,58.42,36.46,True
VPW-PUMP-CENT-01,516,3.283,59.2,25.87,True
VPW-PUMP-CENT-01,517,3.399,58.56,26.05,True
VPW-PUMP-CENT-01,518,3.482,58.08,31.71,True
VPW-PUMP-CENT-01,519,3.418,58.32,41.14,True
VPW-PUMP-CENT-01,520,3.389,59.64,31.67,True
VPW-PUMP-CENT-01,521,3.533,59.29,36.99,True
VPW-PUMP-CENT-01,522,3.604,58.94,41.93,True
VPW-PUMP-CENT-01,523,3.631,60.84,24.7,True
VPW-PUMP-CENT-01,524,3.575,58.28,48.53,True
VPW-PUMP-CENT-01,525,3.731,57.99,46.44,True
VPW-PUMP-CENT-01,526,3.63,58.25,24.53,True
VPW-PUMP-CENT-01,527,3.749,58.28,41.04,True
VPW-PUMP-CENT-01,528,3.717,58.82,43.93,True
VPW-PUMP-CENT-01,529,3.895,59.7,37.7,True
VPW-PUMP-CENT-01,530,3.594,59.25,34.69,True
VPW-PUMP-CENT-01,531,3.789,58.42,31.77,True
VPW-PUMP-CENT-01,532,3.77,57.96,31.99,True
VPW-PUMP-CENT-01,533,3.854,58.85,25.47,True
VPW-PUMP-CENT-01,534,3.852,58.54,50.23,True
VPW-PUMP-CENT-01,535,3.864,59.74,22.7,True
VPW-PUMP-CENT-01,536,3.822,59.52,31.43,True
VPW-PUMP-CENT-01,537,3.898,58.74,43.19,True
VPW-PUMP-CENT-01,538,3.861,59.65,48.34,True
VPW-PUMP-CENT-01,539,4.055,60.32,47.78,True
VPW-PUMP-CENT-01,540,3.997,58.9,45.32,True
VPW-PUMP-CENT-01,541,4.018,59.33,37.55,True
VPW-PUMP-CENT-01,542,4.076,60.34,30.55,True
VPW-PUMP-CENT-01,543,3.897,59.53,41.05,True
VPW-PUMP-CENT-01,544,4.22,59.89,44.17,True
VPW-PUMP-CENT-01,545,4.151,60.29,40.48,True
VPW-PUMP-CENT-01,546,4.023,59.8,37.78,True
VPW-PUMP-CENT-01,547,4.081,59.82,44.68,True
VPW-PUMP-CENT-01,548,4.117,60.11,27.7,True
VPW-PUMP-CENT-01,549,4.021,59.86,37.98,True
VPW-PUMP-CENT-01,550,4.178,60.47,48.41,True
VPW-PUMP-CENT-01,551,4.276,60.81,33.91,True
VPW-PUMP-CENT-01,552,4.214,60.99,29.92,True
VPW-PUMP-CENT-01,553,4.058,61.0,39.41,True
VPW-PUMP-CENT-01,554,4.005,60.74,30.27,True
VPW-PUMP-CENT-01,555,4.077,59.8,34.56,True
VPW-PUMP-CENT-01,556,4.056,59.82,48.64,True
VPW-PUMP-CENT-01,557,4.076,58.35,41.17,True
VPW-PUMP-CENT-01,558,4.285,60.28,36.3,True
VPW-PUMP-CENT-01,559,4.038,61.09,23.6,True
VPW-PUMP-CENT-01,560,4.134,60.29,26.6,True
VPW-PUMP-CENT-01,561,4.121,60.43,40.97,True
VPW-PUMP-CENT-01,562,4.069,60.2,26.1,True
VPW-PUMP-CENT-01,563,3.883,60.68,34.25,True
VPW-PUMP-CENT-01,564,4.01,60.9,51.45,True
VPW-PUMP-CENT-01,565,4.027,59.91,33.24,True
VPW-PUMP-CENT-01,566,4.038,60.83,34.07,True
VPW-PUMP-CENT-01,567,4.037,61.57,37.91,True
VPW-PUMP-CENT-01,568,4.094,59.99,27.07,True
VPW-PUMP-CENT-01,569,4.039,60.43,38.07,True
VPW-PUMP-CENT-01,570,3.985,61.38,25.49,True
VPW-PUMP-CENT-01,571,4.008,61.82,39.64,True
VPW-PUMP-CENT-01,572,3.815,61.81,48.46,True
VPW-PUMP-CENT-01,573,3.923,62.1,45.65,True
VPW-PUMP-CENT-01,574,3.893,61.13,35.49,True
VPW-PUMP-CENT-01,575,4.015,61.33,32.34,True
VPW-PUMP-CENT-01,576,3.969,62.08,46.95,True
VPW-PUMP-CENT-01,577,3.896,62.93,43.32,True
VPW-PUMP-CENT-01,578,3.941,61.77,38.8,True
VPW-PUMP-CENT-01,579,4.037,63.05,30.38,True
VPW-PUMP-CENT-01,580,4.015,62.59,26.97,True
VPW-PUMP-CENT-01,581,4.033,62.68,34.23,True
VPW-PUMP-CENT-01,582,4.001,62.72,44.62,True
VPW-PUMP-CENT-01,583,3.95,64.01,37.56,True
VPW-PUMP-CENT-01,584,4.053,62.99,35.43,True
VPW-PUMP-CENT-01,585,3.837,63.04,36.26,True
VPW-PUMP-CENT-01,586,4.209,62.66,51.21,True
VPW-PUMP-CENT-01,587,4.089,64.86,36.66,True
VPW-PUMP-CENT-01,588,4.207,63.79,40.76,True
VPW-PUMP-CENT-01,589,4.024,65.12,41.13,True
VPW-PUMP-CENT-01,590,4.104,62.92,43.05,True
VPW-PUMP-CENT-01,591,4.231,64.48,46.1,True
VPW-PUMP-CENT-01,592,4.177,63.78,42.82,True
VPW-PUMP-CENT-01,593,4.176,63.82,26.29,True
VPW-PUMP-CENT-01,594,4.154,64.86,24.42,True
VPW-PUMP-CENT-01,595,4.022,64.24,47.55,True
VPW-PUMP-CENT-01,596,4.104,65.8,43.25,True
VPW-PUMP-CENT-01,597,4.284,65.11,41.29,True
VPW-PUMP-CENT-01,598,4.288,65.38,26.77,True
VPW-PUMP-CENT-01,599,4.245,65.34,42.23,True
VPW-PUMP-CENT-01,600,4.368,67.36,37.66,True
VPW-PUMP-CENT-01,601,4.135,66.77,24.6,True
VPW-PUMP-CENT-01,602,4.202,67.4,37.41,True
VPW-PUMP-CENT-01,603,4.337,66.57,48.15,True
VPW-PUMP-CENT-01,604,4.362,66.52,29.37,True
VPW-PUMP-CENT-01,605,4.571,66.88,43.25,True
VPW-PUMP-CENT-01,606,4.32,68.12,46.62,True
VPW-PUMP-CENT-01,607,4.541,67.85,44.53,True
VPW-PUMP-CENT-01,608,4.404,67.85,50.48,True
VPW-PUMP-CENT-01,609,4.509,68.44,38.49,True
VPW-PUMP-CENT-01,610,4.528,66.93,40.88,True
VPW-PUMP-CENT-01,611,4.792,68.13,29.3,True
VPW-PUMP-CENT-01,612,4.488,67.94,31.36,True
VPW-PUMP-CENT-01,613,4.748,67.48,32.83,True
VPW-PUMP-CENT-01,614,4.83,69.27,43.24,True
VPW-PUMP-CENT-01,615,4.597,70.13,38.71,True
VPW-PUMP-CENT-01,616,4.447,69.42,37.17,True
VPW-PUMP-CENT-01,617,4.735,67.46,37.01,True
VPW-PUMP-CENT-01,618,4.846,69.97,35.5,True
VPW-PUMP-CENT-01,619,4.739,69.26,42.89,True
VPW-PUMP-CENT-01,620,4.671,68.64,33.38,True
VPW-PUMP-CENT-01,621,4.78,70.45,27.49,True
VPW-PUMP-CENT-01,622,4.797,69.33,29.14,True
VPW-PUMP-CENT-01,623,4.843,69.79,46.49,True
VPW-PUMP-CENT-01,624,4.917,71.12,39.38,True
VPW-PUMP-CENT-01,625,4.796,69.96,34.1,True
VPW-PUMP-CENT-01,626,4.766,68.8,25.11,True
VPW-PUMP-CENT-01,627,4.727,71.51,30.85,True
VPW-PUMP-CENT-01,628,4.951,70.62,43.14,True
VPW-PUMP-CENT-01,629,4.778,70.87,40.34,True
VPW-PUMP-CENT-01,630,4.808,71.18,43.11,True
VPW-PUMP-CENT-01,631,4.792,71.75,44.23,True
VPW-PUMP-CENT-01,632,4.887,71.38,44.61,True
VPW-PUMP-CENT-01,633,4.837,70.53,45.32,True
VPW-PUMP-CENT-01,634,4.852,69.02,50.6,True
VPW-PUMP-CENT-01,635,4.771,71.48,31.68,True
VPW-PUMP-CENT-01,636,5.014,72.88,29.42,True
VPW-PUMP-CENT-01,637,4.743,72.07,46.29,True
VPW-PUMP-CENT-01,638,4.657,73.92,48.94,True
VPW-PUMP-CENT-01,639,4.722,72.65,51.08,True
VPW-PUMP-CENT-01,640,4.568,72.88,42.57,True
VPW-PUMP-CENT-01,641,4.715,71.31,35.55,True
VPW-PUMP-CENT-01,642,4.75,72.07,45.14,True
VPW-PUMP-CENT-01,643,4.76,70.13,45.37,True
VPW-PUMP-CENT-01,644,4.613,72.45,41.04,True
VPW-PUMP-CENT-01,645,4.731,71.84,37.34,True
VPW-PUMP-CENT-01,646,4.584,73.33,26.81,True
VPW-PUMP-CENT-01,647,4.814,73.81,44.3,True
VPW-PUMP-CENT-01,648,4.685,72.7,50.19,True
VPW-PUMP-CENT-01,649,4.571,72.8,52.87,True
VPW-PUMP-CENT-01,650,4.673,72.28,29.63,True
VPW-PUMP-CENT-01,651,4.556,72.96,53.2,True
VPW-PUMP-CENT-01,652,4.624,73.44,38.44,True
VPW-PUMP-CENT-01,653,4.637,73.53,28.54,True
VPW-PUMP-CENT-01,654,4.639,72.37,40.07,True
VPW-PUMP-CENT-01,655,4.503,74.5,31.76,True
VPW-PUMP-CENT-01,656,4.776,72.79,30.78,True
VPW-PUMP-CENT-01,657,4.649,73.41,51.76,True
VPW-PUMP-CENT-01,658,4.674,73.73,28.35,True
VPW-PUMP-CENT-01,659,4.744,73.08,41.73,True
VPW-PUMP-CENT-01,660,4.867,72.56,34.73,True
VPW-PUMP-CENT-01,661,4.828,73.37,39.65,True
VPW-PUMP-CENT-01,662,4.762,72.54,40.74,True
VPW-PUMP-CENT-01,663,4.692,74.33,36.3,True
VPW-PUMP-CENT-01,664,4.808,74.32,32.83,True
VPW-PUMP-CENT-01,665,4.74,73.91,54.06,True
VPW-PUMP-CENT-01,666,4.791,74.8,39.45,True
VPW-PUMP-CENT-01,667,4.626,73.74,38.68,True
VPW-PUMP-CENT-01,668,4.703,73.52,26.8,True
VPW-PUMP-CENT-01,669,4.818,73.72,49.87,True
VPW-PUMP-CENT-01,670,4.814,73.91,31.98,True
VPW-PUMP-CENT-01,671,4.843,72.93,26.74,True
VPW-PUMP-CENT-01,672,4.849,74.21,49.69,True
VPW-PUMP-CENT-01,673,4.993,75.12,41.28,True
VPW-PUMP-CENT-01,674,5.132,74.54,52.35,True
VPW-PUMP-CENT-01,675,5.057,75.21,34.32,True
VPW-PUMP-CENT-01,676,4.918,73.33,46.07,True
VPW-PUMP-CENT-01,677,5.174,73.58,49.46,True
VPW-PUMP-CENT-01,678,4.986,76.46,37.76,True
VPW-PUMP-CENT-01,679,5.107,74.59,51.53,True
VPW-PUMP-CENT-01,680,5.07,75.09,49.1,True
VPW-PUMP-CENT-01,681,5.081,74.88,41.74,True
VPW-PUMP-CENT-01,682,5.219,74.78,46.2,True
VPW-PUMP-CENT-01,683,5.129,75.6,33.98,True
VPW-PUMP-CENT-01,684,5.214,75.3,52.34,True
VPW-PUMP-CENT-01,685,5.336,73.97,27.79,True
VPW-PUMP-CENT-01,686,5.415,76.1,34.23,True
VPW-PUMP-CENT-01,687,5.266,74.98,32.5,True
VPW-PUMP-CENT-01,688,5.387,75.94,53.63,True
VPW-PUMP-CENT-01,689,5.42,74.96,43.03,True
VPW-PUMP-CENT-01,690,5.266,75.15,40.67,True
VPW-PUMP-CENT-01,691,5.403,75.4,36.06,True
VPW-PUMP-CENT-01,692,5.549,73.66,53.12,True
VPW-PUMP-CENT-01,693,5.545,76.63,34.28,True
VPW-PUMP-CENT-01,694,5.589,75.19,36.98,True
VPW-PUMP-CENT-01,695,5.399,75.95,31.76,True
VPW-PUMP-CENT-01,696,5.502,76.87,51.45,True
VPW-PUMP-CENT-01,697,5.558,74.85,46.9,True
VPW-PUMP-CENT-01,698,5.648,75.98,45.51,True
VPW-PUMP-CENT-01,699,5.586,76.77,52.36,True
VPW-PUMP-CENT-01,700,5.455,74.72,43.62,True
VPW-PUMP-CENT-01,701,5.383,76.2,37.85,True
VPW-PUMP-CENT-01,702,5.57,74.69,41.97,True
VPW-PUMP-CENT-01,703,5.781,74.83,31.79,True
VPW-PUMP-CENT-01,704,5.403,76.03,36.56,True
VPW-PUMP-CENT-01,705,5.599,75.72,33.4,True
VPW-PUMP-CENT-01,706,5.376,75.73,41.25,True
VPW-PUMP-CENT-01,707,5.637,75.28,42.57,True
VPW-PUMP-CENT-01,708,5.398,76.7,30.49,True
VPW-PUMP-CENT-01,709,5.582,75.89,46.76,True
VPW-PUMP-CENT-01,710,5.571,76.53,32.83,True
VPW-PUMP-CENT-01,711,5.529,76.9,37.81,True
VPW-PUMP-CENT-01,712,5.549,76.43,35.86,True
VPW-PUMP-CENT-01,713,5.572,77.14,52.77,True
VPW-PUMP-CENT-01,714,5.31,76.64,35.66,True
VPW-PUMP-CENT-01,715,5.624,76.68,37.07,True
VPW-PUMP-CENT-01,716,5.539,77.08,31.22,True
VPW-PUMP-CENT-01,717,5.406,78.15,51.99,True
VPW-PUMP-CENT-01,718,5.524,77.05,30.23,True
VPW-PUMP-CENT-01,719,5.551,76.66,44.37,True
VPW-PUMP-CENT-02,0,2.037,50.62,21.91,False
VPW-PUMP-CENT-02,1,2.111,49.81,25.77,False
VPW-PUMP-CENT-02,2,2.21,49.65,42.12,False
VPW-PUMP-CENT-02,3,2.179,48.83,21.03,False
VPW-PUMP-CENT-02,4,2.264,49.92,24.6,False
VPW-PUMP-CENT-02,5,2.036,51.66,31.41,False
VPW-PUMP-CENT-02,6,2.337,50.36,44.68,False
VPW-PUMP-CENT-02,7,2.335,49.8,43.96,False
VPW-PUMP-CENT-02,8,2.189,51.14,36.75,False
VPW-PUMP-CENT-02,9,2.315,52.42,38.18,False
VPW-PUMP-CENT-02,10,2.272,50.32,30.17,False
VPW-PUMP-CENT-02,11,2.313,51.29,25.38,False
VPW-PUMP-CENT-02,12,2.279,50.05,24.93,False
VPW-PUMP-CENT-02,13,2.343,51.31,21.1,False
VPW-PUMP-CENT-02,14,2.474,49.73,18.97,False
VPW-PUMP-CENT-02,15,2.435,50.89,27.65,False
VPW-PUMP-CENT-02,16,2.492,51.25,17.7,False
VPW-PUMP-CENT-02,17,2.473,51.44,39.86,False
VPW-PUMP-CENT-02,18,2.285,51.11,39.0,False
VPW-PUMP-CENT-02,19,2.211,52.1,26.28,False
VPW-PUMP-CENT-02,20,2.196,50.96,38.84,False
VPW-PUMP-CENT-02,21,2.303,52.02,23.18,False
VPW-PUMP-CENT-02,22,2.393,51.54,44.02,False
VPW-PUMP-CENT-02,23,2.305,50.8,29.25,False
VPW-PUMP-CENT-02,24,2.576,51.75,36.19,False
VPW-PUMP-CENT-02,25,2.275,51.82,21.42,False
VPW-PUMP-CENT-02,26,2.359,51.52,27.43,False
VPW-PUMP-CENT-02,27,2.262,51.7,20.46,False
VPW-PUMP-CENT-02,28,2.219,51.34,41.04,False
VPW-PUMP-CENT-02,29,2.529,51.35,24.12,False
VPW-PUMP-CENT-02,30,2.121,51.75,44.13,False
VPW-PUMP-CENT-02,31,2.332,50.8,33.9,False
VPW-PUMP-CENT-02,32,2.391,52.46,42.38,False
VPW-PUMP-CENT-02,33,2.261,52.47,38.29,False
VPW-PUMP-CENT-02,34,2.149,51.56,42.95,False
VPW-PUMP-CENT-02,35,2.128,50.51,29.75,False
VPW-PUMP-CENT-02,36,2.173,52.57,38.6,False
VPW-PUMP-CENT-02,37,2.064,51.59,40.03,False
VPW-PUMP-CENT-02,38,2.166,52.89,32.31,False
VPW-PUMP-CENT-02,39,2.261,50.14,40.3,False
VPW-PUMP-CENT-02,40,2.064,50.64,40.75,False
VPW-PUMP-CENT-02,41,2.034,49.94,29.5,False
VPW-PUMP-CENT-02,42,2.02,52.03,41.09,False
VPW-PUMP-CENT-02,43,1.937,51.82,45.62,False
VPW-PUMP-CENT-02,44,2.318,52.2,41.52,False
VPW-PUMP-CENT-02,45,1.989,51.15,26.6,False
VPW-PUMP-CENT-02,46,2.0,52.48,40.78,False
VPW-PUMP-CENT-02,47,2.019,52.47,37.86,False
VPW-PUMP-CENT-02,48,2.047,51.8,26.74,False
VPW-PUMP-CENT-02,49,1.882,52.33,24.76,False
VPW-PUMP-CENT-02,50,2.04,52.88,40.54,False
VPW-PUMP-CENT-02,51,1.91,51.34,34.65,False
VPW-PUMP-CENT-02,52,1.954,52.03,37.92,False
VPW-PUMP-CENT-02,53,1.998,52.02,24.99,False
VPW-PUMP-CENT-02,54,1.938,51.87,26.91,False
VPW-PUMP-CENT-02,55,1.791,50.91,22.43,False
VPW-PUMP-CENT-02,56,2.101,51.34,44.85,False
VPW-PUMP-CENT-02,57,1.715,52.62,22.2,False
VPW-PUMP-CENT-02,58,1.989,49.23,31.48,False
VPW-PUMP-CENT-02,59,2.001,51.8,32.74,False
VPW-PUMP-CENT-02,60,1.926,51.19,20.11,False
VPW-PUMP-CENT-02,61,2.016,52.27,22.75,False
VPW-PUMP-CENT-02,62,1.99,50.59,24.53,False
VPW-PUMP-CENT-02,63,2.058,50.78,26.94,False
VPW-PUMP-CENT-02,64,2.024,50.34,20.75,False
VPW-PUMP-CENT-02,65,1.932,51.16,38.16,False
VPW-PUMP-CENT-02,66,2.034,50.39,20.59,False
VPW-PUMP-CENT-02,67,2.148,50.12,21.72,False
VPW-PUMP-CENT-02,68,2.014,50.36,21.5,False
VPW-PUMP-CENT-02,69,1.975,50.52,17.78,False
VPW-PUMP-CENT-02,70,2.0,50.78,42.45,False
VPW-PUMP-CENT-02,71,2.012,51.79,34.82,False
VPW-PUMP-CENT-02,72,2.024,49.88,33.57,False
VPW-PUMP-CENT-02,73,2.037,49.81,29.96,False
VPW-PUMP-CENT-02,74,2.135,50.85,35.54,False
VPW-PUMP-CENT-02,75,2.086,48.21,31.53,False
VPW-PUMP-CENT-02,76,2.151,50.86,23.3,False
VPW-PUMP-CENT-02,77,2.132,50.92,21.68,False
VPW-PUMP-CENT-02,78,2.217,50.17,19.97,False
VPW-PUMP-CENT-02,79,2.221,49.89,21.89,False
VPW-PUMP-CENT-02,80,2.213,49.91,36.74,False
VPW-PUMP-CENT-02,81,2.286,49.73,41.28,False
VPW-PUMP-CENT-02,82,2.481,50.0,19.24,False
VPW-PUMP-CENT-02,83,2.302,50.58,38.73,False
VPW-PUMP-CENT-02,84,2.537,50.05,29.02,False
VPW-PUMP-CENT-02,85,2.309,49.18,19.13,False
VPW-PUMP-CENT-02,86,2.372,48.79,44.24,False
VPW-PUMP-CENT-02,87,2.308,48.61,31.07,False
VPW-PUMP-CENT-02,88,2.434,49.45,20.53,False
VPW-PUMP-CENT-02,89,2.346,49.67,34.57,False
VPW-PUMP-CENT-02,90,2.265,49.31,24.69,False
VPW-PUMP-CENT-02,91,2.473,48.99,28.37,False
VPW-PUMP-CENT-02,92,2.43,50.48,30.98,False
VPW-PUMP-CENT-02,93,2.324,49.76,25.5,False
VPW-PUMP-CENT-02,94,2.553,48.79,23.94,False
VPW-PUMP-CENT-02,95,2.317,48.93,19.86,False
VPW-PUMP-CENT-02,96,2.376,49.3,42.15,False
VPW-PUMP-CENT-02,97,2.3,50.22,38.87,False
VPW-PUMP-CENT-02,98,2.267,48.24,28.64,False
VPW-PUMP-CENT-02,99,2.319,49.41,40.92,False
VPW-PUMP-CENT-02,100,2.334,48.87,44.78,False
VPW-PUMP-CENT-02,101,2.345,48.78,38.11,False
VPW-PUMP-CENT-02,102,2.437,48.51,42.49,False
VPW-PUMP-CENT-02,103,2.35,49.28,24.64,False
VPW-PUMP-CENT-02,104,2.373,48.43,34.73,False
VPW-PUMP-CENT-02,105,2.334,47.51,35.79,False
VPW-PUMP-CENT-02,106,2.317,48.82,38.55,False
VPW-PUMP-CENT-02,107,2.406,48.07,29.11,False
VPW-PUMP-CENT-02,108,2.332,49.19,23.03,False
VPW-PUMP-CENT-02,109,2.322,48.78,27.16,False
VPW-PUMP-CENT-02,110,2.21,47.8,19.68,False
VPW-PUMP-CENT-02,111,2.241,49.49,32.46,False
VPW-PUMP-CENT-02,112,2.305,48.5,42.64,False
VPW-PUMP-CENT-02,113,2.211,48.74,35.29,False
VPW-PUMP-CENT-02,114,2.05,48.86,28.79,False
VPW-PUMP-CENT-02,115,2.154,48.54,33.37,False
VPW-PUMP-CENT-02,116,2.171,47.76,42.22,False
VPW-PUMP-CENT-02,117,2.264,48.18,40.06,False
VPW-PUMP-CENT-02,118,2.163,48.0,45.24,False
VPW-PUMP-CENT-02,119,2.188,48.41,43.89,False
VPW-PUMP-CENT-02,120,2.114,49.61,37.12,False
VPW-PUMP-CENT-02,121,1.913,48.19,40.24,False
VPW-PUMP-CENT-02,122,2.029,48.61,24.82,False
VPW-PUMP-CENT-02,123,1.95,48.63,38.0,False
VPW-PUMP-CENT-02,124,1.96,48.32,34.21,False
VPW-PUMP-CENT-02,125,2.029,48.62,32.73,False
VPW-PUMP-CENT-02,126,2.005,48.55,34.0,False
VPW-PUMP-CENT-02,127,1.947,50.25,41.48,False
VPW-PUMP-CENT-02,128,1.798,47.6,27.9,False
VPW-PUMP-CENT-02,129,1.937,47.55,23.13,False
VPW-PUMP-CENT-02,130,2.038,47.62,44.94,False
VPW-PUMP-CENT-02,131,1.955,50.43,39.35,False
VPW-PUMP-CENT-02,132,1.93,50.8,43.37,False
VPW-PUMP-CENT-02,133,1.95,49.05,24.68,False
VPW-PUMP-CENT-02,134,1.986,49.72,22.34,False
VPW-PUMP-CENT-02,135,1.988,48.4,44.81,False
VPW-PUMP-CENT-02,136,1.882,50.01,20.71,False
VPW-PUMP-CENT-02,137,1.983,50.06,37.81,False
VPW-PUMP-CENT-02,138,2.104,48.49,40.95,False
VPW-PUMP-CENT-02,139,2.218,50.72,23.9,False
VPW-PUMP-CENT-02,140,2.025,49.7,22.72,False
VPW-PUMP-CENT-02,141,1.804,51.15,36.01,False
VPW-PUMP-CENT-02,142,2.036,49.43,39.66,False
VPW-PUMP-CENT-02,143,2.104,49.23,38.98,False
VPW-PUMP-CENT-02,144,1.985,50.41,38.24,False
VPW-PUMP-CENT-02,145,2.08,50.36,22.59,False
VPW-PUMP-CENT-02,146,2.204,49.13,26.47,False
VPW-PUMP-CENT-02,147,2.144,50.68,20.8,False
VPW-PUMP-CENT-02,148,2.079,49.87,41.7,False
VPW-PUMP-CENT-02,149,2.125,48.9,41.54,False
VPW-PUMP-CENT-02,150,2.298,48.83,33.09,False
VPW-PUMP-CENT-02,151,2.23,50.55,35.09,False
VPW-PUMP-CENT-02,152,2.252,50.41,28.12,False
VPW-PUMP-CENT-02,153,2.249,49.64,45.29,False
VPW-PUMP-CENT-02,154,2.221,50.15,39.82,False
VPW-PUMP-CENT-02,155,2.229,51.72,28.66,False
VPW-PUMP-CENT-02,156,2.291,50.66,23.41,False
VPW-PUMP-CENT-02,157,2.351,51.17,35.47,False
VPW-PUMP-CENT-02,158,2.35,50.94,19.23,False
VPW-PUMP-CENT-02,159,2.16,51.72,31.23,False
VPW-PUMP-CENT-02,160,2.382,50.84,20.25,False
VPW-PUMP-CENT-02,161,2.493,52.12,18.8,False
VPW-PUMP-CENT-02,162,2.36,50.02,19.0,False
VPW-PUMP-CENT-02,163,2.248,50.8,23.42,False
VPW-PUMP-CENT-02,164,2.501,50.94,42.9,False
VPW-PUMP-CENT-02,165,2.287,49.97,38.1,False
VPW-PUMP-CENT-02,166,2.422,51.9,25.72,False
VPW-PUMP-CENT-02,167,2.396,53.31,46.06,False
VPW-PUMP-CENT-02,168,2.434,52.65,25.26,False
VPW-PUMP-CENT-02,169,2.411,50.43,39.18,False
VPW-PUMP-CENT-02,170,2.612,51.83,31.2,False
VPW-PUMP-CENT-02,171,2.511,51.49,25.06,False
VPW-PUMP-CENT-02,172,2.321,51.39,42.63,False
VPW-PUMP-CENT-02,173,2.438,50.11,42.44,False
VPW-PUMP-CENT-02,174,2.372,51.0,33.6,False
VPW-PUMP-CENT-02,175,2.371,53.35,18.83,False
VPW-PUMP-CENT-02,176,2.286,53.77,45.29,False
VPW-PUMP-CENT-02,177,2.43,52.27,28.55,False
VPW-PUMP-CENT-02,178,2.445,50.53,34.04,False
VPW-PUMP-CENT-02,179,2.296,50.49,32.65,False
VPW-PUMP-CENT-02,180,2.323,51.16,24.73,False
VPW-PUMP-CENT-02,181,2.248,51.75,30.99,False
VPW-PUMP-CENT-02,182,2.278,51.7,31.96,False
VPW-PUMP-CENT-02,183,2.313,52.89,26.47,False
VPW-PUMP-CENT-02,184,2.173,52.31,41.96,False
VPW-PUMP-CENT-02,185,2.307,52.05,35.23,False
VPW-PUMP-CENT-02,186,2.425,51.11,28.62,False
VPW-PUMP-CENT-02,187,2.153,53.22,25.43,False
VPW-PUMP-CENT-02,188,2.142,51.48,29.67,False
VPW-PUMP-CENT-02,189,2.492,51.56,42.38,False
VPW-PUMP-CENT-02,190,2.213,51.32,19.2,False
VPW-PUMP-CENT-02,191,2.125,51.64,35.89,False
VPW-PUMP-CENT-02,192,2.199,52.84,32.92,False
VPW-PUMP-CENT-02,193,2.068,51.97,32.66,False
VPW-PUMP-CENT-02,194,2.085,50.71,26.18,False
VPW-PUMP-CENT-02,195,2.037,51.48,28.63,False
VPW-PUMP-CENT-02,196,2.2,51.32,22.01,False
VPW-PUMP-CENT-02,197,1.886,52.08,44.86,False
VPW-PUMP-CENT-02,198,1.924,52.7,19.87,False
VPW-PUMP-CENT-02,199,1.994,51.26,38.14,False
VPW-PUMP-CENT-02,200,1.941,51.59,32.59,False
VPW-PUMP-CENT-02,201,1.999,51.62,24.04,False
VPW-PUMP-CENT-02,202,1.798,50.55,40.37,False
VPW-PUMP-CENT-02,203,2.049,52.92,21.95,False
VPW-PUMP-CENT-02,204,2.251,52.65,25.55,False
VPW-PUMP-CENT-02,205,1.886,52.39,44.72,False
VPW-PUMP-CENT-02,206,2.07,52.04,21.74,False
VPW-PUMP-CENT-02,207,2.131,51.66,20.17,False
VPW-PUMP-CENT-02,208,2.083,51.7,35.82,False
VPW-PUMP-CENT-02,209,1.91,51.81,21.21,False
VPW-PUMP-CENT-02,210,1.968,50.81,26.57,False
VPW-PUMP-CENT-02,211,1.999,51.79,28.85,False
VPW-PUMP-CENT-02,212,2.165,50.16,19.04,False
VPW-PUMP-CENT-02,213,1.956,50.0,39.81,False
VPW-PUMP-CENT-02,214,1.976,50.44,42.26,False
VPW-PUMP-CENT-02,215,2.013,50.99,31.26,False
VPW-PUMP-CENT-02,216,2.115,51.05,18.04,False
VPW-PUMP-CENT-02,217,2.154,51.84,23.88,False
VPW-PUMP-CENT-02,218,1.944,50.32,31.08,False
VPW-PUMP-CENT-02,219,2.071,49.47,20.73,False
VPW-PUMP-CENT-02,220,2.055,52.23,37.86,False
VPW-PUMP-CENT-02,221,2.326,48.64,21.07,False
VPW-PUMP-CENT-02,222,2.307,49.75,32.36,False
VPW-PUMP-CENT-02,223,2.105,50.67,32.7,False
VPW-PUMP-CENT-02,224,2.147,50.54,18.74,False
VPW-PUMP-CENT-02,225,2.099,51.4,21.84,False
VPW-PUMP-CENT-02,226,2.05,49.22,32.92,False
VPW-PUMP-CENT-02,227,2.396,51.73,18.64,False
VPW-PUMP-CENT-02,228,2.472,50.45,32.89,False
VPW-PUMP-CENT-02,229,2.305,51.26,37.41,False
VPW-PUMP-CENT-02,230,2.263,49.7,24.72,False
VPW-PUMP-CENT-02,231,2.176,50.31,20.17,False
VPW-PUMP-CENT-02,232,2.208,49.09,34.03,False
VPW-PUMP-CENT-02,233,2.223,49.22,34.07,False
VPW-PUMP-CENT-02,234,2.198,49.13,24.93,False
VPW-PUMP-CENT-02,235,2.492,49.56,36.7,False
VPW-PUMP-CENT-02,236,2.455,50.03,25.02,False
VPW-PUMP-CENT-02,237,2.569,49.73,41.16,False
VPW-PUMP-CENT-02,238,2.331,49.72,31.58,False
VPW-PUMP-CENT-02,239,2.579,48.67,20.75,False
VPW-PUMP-CENT-02,240,2.27,49.96,43.69,False
VPW-PUMP-CENT-02,241,2.333,48.64,34.18,False
VPW-PUMP-CENT-02,242,2.581,49.92,27.74,False
VPW-PUMP-CENT-02,243,2.372,49.79,44.44,False
VPW-PUMP-CENT-02,244,2.486,50.74,29.94,False
VPW-PUMP-CENT-02,245,2.54,49.84,37.04,False
VPW-PUMP-CENT-02,246,2.389,49.01,34.06,False
VPW-PUMP-CENT-02,247,2.413,50.39,25.19,False
VPW-PUMP-CENT-02,248,2.294,49.65,30.88,False
VPW-PUMP-CENT-02,249,2.598,48.88,39.59,False
VPW-PUMP-CENT-02,250,2.373,48.59,32.46,False
VPW-PUMP-CENT-02,251,2.414,49.97,35.71,False
VPW-PUMP-CENT-02,252,2.464,49.21,29.62,False
VPW-PUMP-CENT-02,253,2.342,50.38,32.73,False
VPW-PUMP-CENT-02,254,2.33,49.14,24.56,False
VPW-PUMP-CENT-02,255,2.335,49.51,32.76,False
VPW-PUMP-CENT-02,256,2.383,50.37,22.17,False
VPW-PUMP-CENT-02,257,2.311,49.72,32.25,False
VPW-PUMP-CENT-02,258,2.211,49.25,37.62,False
VPW-PUMP-CENT-02,259,2.367,49.34,32.52,False
VPW-PUMP-CENT-02,260,2.38,48.39,44.75,False
VPW-PUMP-CENT-02,261,2.298,49.88,40.8,False
VPW-PUMP-CENT-02,262,2.268,49.81,20.33,False
VPW-PUMP-CENT-02,263,2.447,48.36,29.77,False
VPW-PUMP-CENT-02,264,2.313,48.74,33.43,False
VPW-PUMP-CENT-02,265,2.299,48.41,20.92,False
VPW-PUMP-CENT-02,266,2.291,49.39,22.75,False
VPW-PUMP-CENT-02,267,2.208,48.68,30.26,False
VPW-PUMP-CENT-02,268,2.075,49.17,17.96,False
VPW-PUMP-CENT-02,269,2.148,49.99,40.35,False
VPW-PUMP-CENT-02,270,2.088,49.7,34.99,False
VPW-PUMP-CENT-02,271,2.072,48.89,35.82,False
VPW-PUMP-CENT-02,272,1.934,49.57,40.62,False
VPW-PUMP-CENT-02,273,2.004,50.07,36.57,False
VPW-PUMP-CENT-02,274,2.024,49.54,39.98,False
VPW-PUMP-CENT-02,275,1.926,48.94,39.59,False
VPW-PUMP-CENT-02,276,2.055,47.58,42.02,False
VPW-PUMP-CENT-02,277,2.022,50.06,25.9,False
VPW-PUMP-CENT-02,278,1.97,50.04,27.84,False
VPW-PUMP-CENT-02,279,1.938,49.51,39.35,False
VPW-PUMP-CENT-02,280,2.07,49.47,19.71,False
VPW-PUMP-CENT-02,281,2.063,50.24,25.56,False
VPW-PUMP-CENT-02,282,1.903,49.83,17.76,False
VPW-PUMP-CENT-02,283,2.062,49.51,32.01,False
VPW-PUMP-CENT-02,284,1.991,49.88,43.59,False
VPW-PUMP-CENT-02,285,2.077,51.31,30.98,False
VPW-PUMP-CENT-02,286,1.923,49.55,22.59,False
VPW-PUMP-CENT-02,287,1.978,49.99,34.34,False
VPW-PUMP-CENT-02,288,2.234,51.04,30.49,False
VPW-PUMP-CENT-02,289,2.035,48.46,19.91,False
VPW-PUMP-CENT-02,290,2.141,48.97,19.26,False
VPW-PUMP-CENT-02,291,2.074,50.02,38.08,False
VPW-PUMP-CENT-02,292,2.092,50.77,18.78,False
VPW-PUMP-CENT-02,293,2.199,49.95,40.69,False
VPW-PUMP-CENT-02,294,2.126,49.45,33.6,False
VPW-PUMP-CENT-02,295,2.219,49.62,18.84,False
VPW-PUMP-CENT-02,296,2.173,50.29,41.89,False
VPW-PUMP-CENT-02,297,2.079,49.72,19.63,False
VPW-PUMP-CENT-02,298,2.148,49.76,35.16,False
VPW-PUMP-CENT-02,299,2.257,50.19,40.52,False
VPW-PUMP-CENT-02,300,2.22,50.95,36.74,False
VPW-PUMP-CENT-02,301,2.215,49.91,19.64,False
VPW-PUMP-CENT-02,302,2.107,50.87,28.11,False
VPW-PUMP-CENT-02,303,2.186,51.98,28.15,False
VPW-PUMP-CENT-02,304,2.283,52.21,29.25,False
VPW-PUMP-CENT-02,305,2.353,51.63,22.72,False
VPW-PUMP-CENT-02,306,2.303,49.88,26.16,False
VPW-PUMP-CENT-02,307,2.248,51.31,41.8,False
VPW-PUMP-CENT-02,308,2.372,52.01,23.2,False
VPW-PUMP-CENT-02,309,2.413,51.31,27.12,False
VPW-PUMP-CENT-02,310,2.494,50.35,40.21,False
VPW-PUMP-CENT-02,311,2.46,49.08,41.09,False
VPW-PUMP-CENT-02,312,2.441,51.39,41.5,False
VPW-PUMP-CENT-02,313,2.455,50.49,45.52,False
VPW-PUMP-CENT-02,314,2.556,51.45,40.1,False
VPW-PUMP-CENT-02,315,2.486,52.29,37.7,False
VPW-PUMP-CENT-02,316,2.571,53.19,25.66,False
VPW-PUMP-CENT-02,317,2.552,51.87,19.35,False
VPW-PUMP-CENT-02,318,2.386,52.06,36.2,False
VPW-PUMP-CENT-02,319,2.563,52.16,40.47,False
VPW-PUMP-CENT-02,320,2.455,51.98,40.09,False
VPW-PUMP-CENT-02,321,2.63,52.03,21.76,False
VPW-PUMP-CENT-02,322,2.509,52.27,29.22,False
VPW-PUMP-CENT-02,323,2.384,51.98,27.18,False
VPW-PUMP-CENT-02,324,2.703,51.57,21.76,False
VPW-PUMP-CENT-02,325,2.432,51.92,26.04,False
VPW-PUMP-CENT-02,326,2.466,50.98,22.22,False
VPW-PUMP-CENT-02,327,2.409,52.89,30.32,False
VPW-PUMP-CENT-02,328,2.493,51.8,37.67,False
VPW-PUMP-CENT-02,329,2.33,52.95,28.06,False
VPW-PUMP-CENT-02,330,2.276,51.45,43.05,False
VPW-PUMP-CENT-02,331,2.166,52.51,33.75,False
VPW-PUMP-CENT-02,332,2.356,53.0,43.5,False
VPW-PUMP-CENT-02,333,2.352,51.19,25.25,False
VPW-PUMP-CENT-02,334,2.306,52.92,32.65,False
VPW-PUMP-CENT-02,335,2.423,52.17,26.05,False
VPW-PUMP-CENT-02,336,2.337,53.93,18.35,False
VPW-PUMP-CENT-02,337,2.363,51.22,44.74,False
VPW-PUMP-CENT-02,338,2.339,51.06,24.11,False
VPW-PUMP-CENT-02,339,2.278,53.12,42.71,False
VPW-PUMP-CENT-02,340,2.31,53.08,37.87,False
VPW-PUMP-CENT-02,341,2.233,52.31,41.24,False
VPW-PUMP-CENT-02,342,2.386,52.63,30.51,False
VPW-PUMP-CENT-02,343,2.169,52.08,37.28,False
VPW-PUMP-CENT-02,344,2.19,52.1,29.86,False
VPW-PUMP-CENT-02,345,1.982,52.87,37.12,False
VPW-PUMP-CENT-02,346,1.997,53.25,29.7,False
VPW-PUMP-CENT-02,347,2.062,53.35,24.62,False
VPW-PUMP-CENT-02,348,2.03,53.35,42.64,False
VPW-PUMP-CENT-02,349,2.096,53.96,43.12,False
VPW-PUMP-CENT-02,350,2.034,53.4,39.36,False
VPW-PUMP-CENT-02,351,2.12,52.06,33.23,False
VPW-PUMP-CENT-02,352,2.178,52.35,35.44,False
VPW-PUMP-CENT-02,353,2.034,52.2,24.89,False
VPW-PUMP-CENT-02,354,2.239,51.11,29.93,False
VPW-PUMP-CENT-02,355,2.079,52.0,25.86,False
VPW-PUMP-CENT-02,356,1.972,51.41,39.07,False
VPW-PUMP-CENT-02,357,2.191,52.74,38.37,False
VPW-PUMP-CENT-02,358,2.076,53.05,39.31,False
VPW-PUMP-CENT-02,359,2.072,52.21,26.13,False
VPW-PUMP-CENT-02,360,2.062,51.83,35.13,False
VPW-PUMP-CENT-02,361,2.11,51.87,34.74,False
VPW-PUMP-CENT-02,362,1.993,52.05,40.39,False
VPW-PUMP-CENT-02,363,2.06,51.57,42.3,False
VPW-PUMP-CENT-02,364,2.179,51.83,44.78,False
VPW-PUMP-CENT-02,365,2.06,50.19,31.96,False
VPW-PUMP-CENT-02,366,2.015,51.06,37.19,False
VPW-PUMP-CENT-02,367,2.166,51.83,43.55,False
VPW-PUMP-CENT-02,368,2.038,50.56,43.71,False
VPW-PUMP-CENT-02,369,2.145,52.55,28.53,False
VPW-PUMP-CENT-02,370,2.279,51.59,39.57,False
VPW-PUMP-CENT-02,371,2.296,52.42,20.14,False
VPW-PUMP-CENT-02,372,2.232,53.32,40.12,False
VPW-PUMP-CENT-02,373,2.242,51.25,31.66,False
VPW-PUMP-CENT-02,374,2.206,50.6,21.97,False
VPW-PUMP-CENT-02,375,2.2,49.94,28.53,False
VPW-PUMP-CENT-02,376,2.126,51.65,38.38,False
VPW-PUMP-CENT-02,377,2.396,52.6,26.7,False
VPW-PUMP-CENT-02,378,2.388,50.71,38.66,False
VPW-PUMP-CENT-02,379,2.174,51.33,27.62,False
VPW-PUMP-CENT-02,380,2.368,51.18,40.36,False
VPW-PUMP-CENT-02,381,2.462,52.08,36.98,False
VPW-PUMP-CENT-02,382,2.279,50.03,36.67,False
VPW-PUMP-CENT-02,383,2.386,50.99,45.23,False
VPW-PUMP-CENT-02,384,2.499,50.54,28.56,False
VPW-PUMP-CENT-02,385,2.465,51.45,38.91,False
VPW-PUMP-CENT-02,386,2.376,49.7,42.4,False
VPW-PUMP-CENT-02,387,2.519,49.75,41.02,False
VPW-PUMP-CENT-02,388,2.603,50.52,31.21,False
VPW-PUMP-CENT-02,389,2.558,50.87,21.0,False
VPW-PUMP-CENT-02,390,2.548,49.67,19.39,False
VPW-PUMP-CENT-02,391,2.31,51.18,26.97,False
VPW-PUMP-CENT-02,392,2.523,50.41,37.6,False
VPW-PUMP-CENT-02,393,2.335,49.76,25.99,False
VPW-PUMP-CENT-02,394,2.539,50.01,33.25,False
VPW-PUMP-CENT-02,395,2.6,48.56,38.5,False
VPW-PUMP-CENT-02,396,2.286,50.63,37.89,False
VPW-PUMP-CENT-02,397,2.474,49.68,38.73,False
VPW-PUMP-CENT-02,398,2.373,49.99,42.42,False
VPW-PUMP-CENT-02,399,2.461,48.53,32.85,False
VPW-PUMP-CENT-02,400,2.382,50.93,42.39,False
VPW-PUMP-CENT-02,401,2.333,49.39,18.19,False
VPW-PUMP-CENT-02,402,2.515,49.0,39.9,False
VPW-PUMP-CENT-02,403,2.469,48.24,23.23,False
VPW-PUMP-CENT-02,404,2.394,50.1,26.88,False
VPW-PUMP-CENT-02,405,2.311,50.59,19.87,False
VPW-PUMP-CENT-02,406,2.533,49.22,34.33,False
VPW-PUMP-CENT-02,407,2.533,48.75,28.83,False
VPW-PUMP-CENT-02,408,2.403,47.91,33.85,False
VPW-PUMP-CENT-02,409,2.443,49.25,36.78,False
VPW-PUMP-CENT-02,410,2.403,49.0,41.83,False
VPW-PUMP-CENT-02,411,2.451,50.4,44.61,False
VPW-PUMP-CENT-02,412,2.225,48.75,34.23,False
VPW-PUMP-CENT-02,413,2.344,49.06,26.82,False
VPW-PUMP-CENT-02,414,2.295,49.28,19.08,False
VPW-PUMP-CENT-02,415,2.283,49.11,38.86,False
VPW-PUMP-CENT-02,416,2.074,48.77,25.35,False
VPW-PUMP-CENT-02,417,2.172,49.71,21.51,False
VPW-PUMP-CENT-02,418,2.199,49.25,18.93,False
VPW-PUMP-CENT-02,419,2.367,51.14,44.05,False
VPW-PUMP-CENT-02,420,2.259,48.92,22.43,False
VPW-PUMP-CENT-02,421,2.196,49.08,22.95,False
VPW-PUMP-CENT-02,422,2.229,50.07,45.04,True
VPW-PUMP-CENT-02,423,2.254,49.52,32.47,True
VPW-PUMP-CENT-02,424,2.196,49.85,39.68,True
VPW-PUMP-CENT-02,425,2.174,49.56,34.87,True
VPW-PUMP-CENT-02,426,2.239,50.55,25.12,True
VPW-PUMP-CENT-02,427,2.27,49.84,25.2,True
VPW-PUMP-CENT-02,428,1.962,49.05,28.19,True
VPW-PUMP-CENT-02,429,2.005,49.95,36.78,True
VPW-PUMP-CENT-02,430,2.075,50.22,34.34,True
VPW-PUMP-CENT-02,431,2.138,51.19,25.06,True
VPW-PUMP-CENT-02,432,2.037,49.17,28.29,True
VPW-PUMP-CENT-02,433,2.039,49.89,38.75,True
VPW-PUMP-CENT-02,434,1.952,50.08,31.36,True
VPW-PUMP-CENT-02,435,2.203,50.03,32.88,True
VPW-PUMP-CENT-02,436,2.146,50.69,24.24,True
VPW-PUMP-CENT-02,437,2.085,50.77,36.03,True
VPW-PUMP-CENT-02,438,2.181,51.27,35.03,True
VPW-PUMP-CENT-02,439,2.169,51.73,18.84,True
VPW-PUMP-CENT-02,440,2.241,50.15,22.17,True
VPW-PUMP-CENT-02,441,2.338,50.59,35.91,True
VPW-PUMP-CENT-02,442,2.139,51.29,41.72,True
VPW-PUMP-CENT-02,443,2.301,49.68,20.49,True
VPW-PUMP-CENT-02,444,2.076,52.17,28.69,True
VPW-PUMP-CENT-02,445,2.219,50.83,33.65,True
VPW-PUMP-CENT-02,446,2.386,50.88,32.21,True
VPW-PUMP-CENT-02,447,2.385,50.92,26.19,True
VPW-PUMP-CENT-02,448,2.331,52.91,29.24,True
VPW-PUMP-CENT-02,449,2.314,52.15,25.64,True
VPW-PUMP-CENT-02,450,2.448,50.68,43.8,True
VPW-PUMP-CENT-02,451,2.448,52.42,27.02,True
VPW-PUMP-CENT-02,452,2.46,52.82,30.35,True
VPW-PUMP-CENT-02,453,2.512,51.71,26.62,True
VPW-PUMP-CENT-02,454,2.386,53.22,42.85,True
VPW-PUMP-CENT-02,455,2.608,54.91,32.75,True
VPW-PUMP-CENT-02,456,2.445,52.45,38.75,True
VPW-PUMP-CENT-02,457,2.485,52.84,43.98,True
VPW-PUMP-CENT-02,458,2.579,52.06,29.55,True
VPW-PUMP-CENT-02,459,2.48,53.98,40.31,True
VPW-PUMP-CENT-02,460,2.618,52.81,41.29,True
VPW-PUMP-CENT-02,461,2.653,52.98,23.51,True
VPW-PUMP-CENT-02,462,2.677,54.74,29.02,True
VPW-PUMP-CENT-02,463,2.75,52.98,29.78,True
VPW-PUMP-CENT-02,464,2.627,53.67,40.29,True
VPW-PUMP-CENT-02,465,2.619,53.98,38.91,True
VPW-PUMP-CENT-02,466,2.627,52.84,33.06,True
VPW-PUMP-CENT-02,467,2.61,54.29,24.07,True
VPW-PUMP-CENT-02,468,2.73,54.02,41.65,True
VPW-PUMP-CENT-02,469,2.555,53.03,32.53,True
VPW-PUMP-CENT-02,470,2.664,55.22,45.05,True
VPW-PUMP-CENT-02,471,2.651,56.05,44.52,True
VPW-PUMP-CENT-02,472,2.719,52.88,39.62,True
VPW-PUMP-CENT-02,473,2.639,53.86,22.84,True
VPW-PUMP-CENT-02,474,2.858,55.33,21.99,True
VPW-PUMP-CENT-02,475,2.62,55.09,35.6,True
VPW-PUMP-CENT-02,476,2.635,55.01,34.17,True
VPW-PUMP-CENT-02,477,2.714,56.1,26.16,True
VPW-PUMP-CENT-02,478,2.623,56.27,23.19,True
VPW-PUMP-CENT-02,479,2.769,54.59,37.44,True
VPW-PUMP-CENT-02,480,2.436,55.37,26.04,True
VPW-PUMP-CENT-02,481,2.6,54.85,45.3,True
VPW-PUMP-CENT-02,482,2.659,57.07,35.95,True
VPW-PUMP-CENT-02,483,2.766,54.97,36.68,True
VPW-PUMP-CENT-02,484,2.677,55.38,18.95,True
VPW-PUMP-CENT-02,485,2.722,54.73,20.86,True
VPW-PUMP-CENT-02,486,2.68,55.93,22.08,True
VPW-PUMP-CENT-02,487,2.652,53.87,26.78,True
VPW-PUMP-CENT-02,488,2.482,56.34,19.25,True
VPW-PUMP-CENT-02,489,2.589,55.6,29.64,True
VPW-PUMP-CENT-02,490,2.776,55.93,39.66,True
VPW-PUMP-CENT-02,491,2.496,56.11,44.46,True
VPW-PUMP-CENT-02,492,2.435,56.21,38.35,True
VPW-PUMP-CENT-02,493,2.41,56.49,30.18,True
VPW-PUMP-CENT-02,494,2.326,56.66,33.51,True
VPW-PUMP-CENT-02,495,2.558,55.79,23.12,True
VPW-PUMP-CENT-02,496,2.431,56.64,35.33,True
VPW-PUMP-CENT-02,497,2.601,56.2,18.31,True
VPW-PUMP-CENT-02,498,2.407,57.29,25.97,True
VPW-PUMP-CENT-02,499,2.419,55.44,46.2,True
VPW-PUMP-CENT-02,500,2.504,56.32,45.22,True
VPW-PUMP-CENT-02,501,2.348,57.52,27.24,True
VPW-PUMP-CENT-02,502,2.424,56.07,41.53,True
VPW-PUMP-CENT-02,503,2.493,57.68,27.11,True
VPW-PUMP-CENT-02,504,2.559,55.15,40.6,True
VPW-PUMP-CENT-02,505,2.374,55.49,35.51,True
VPW-PUMP-CENT-02,506,2.406,56.38,29.08,True
VPW-PUMP-CENT-02,507,2.537,56.48,27.28,True
VPW-PUMP-CENT-02,508,2.45,56.18,43.87,True
VPW-PUMP-CENT-02,509,2.601,56.66,21.85,True
VPW-PUMP-CENT-02,510,2.565,59.06,32.89,True
VPW-PUMP-CENT-02,511,2.466,56.13,20.56,True
VPW-PUMP-CENT-02,512,2.529,56.73,21.91,True
VPW-PUMP-CENT-02,513,2.475,55.89,29.9,True
VPW-PUMP-CENT-02,514,2.696,56.72,44.53,True
VPW-PUMP-CENT-02,515,2.59,55.39,29.48,True
VPW-PUMP-CENT-02,516,2.533,57.14,38.66,True
VPW-PUMP-CENT-02,517,2.491,57.03,41.22,True
VPW-PUMP-CENT-02,518,2.648,56.76,21.2,True
VPW-PUMP-CENT-02,519,2.661,56.34,41.98,True
VPW-PUMP-CENT-02,520,2.498,57.24,23.78,True
VPW-PUMP-CENT-02,521,2.787,56.26,25.61,True
VPW-PUMP-CENT-02,522,2.747,57.87,34.73,True
VPW-PUMP-CENT-02,523,2.785,54.73,42.47,True
VPW-PUMP-CENT-02,524,2.854,56.23,31.95,True
VPW-PUMP-CENT-02,525,2.617,58.76,30.73,True
VPW-PUMP-CENT-02,526,2.811,56.26,41.01,True
VPW-PUMP-CENT-02,527,2.797,57.67,31.68,True
VPW-PUMP-CENT-02,528,2.726,57.23,44.4,True
VPW-PUMP-CENT-02,529,2.955,55.78,23.0,True
VPW-PUMP-CENT-02,530,2.913,58.21,46.27,True
VPW-PUMP-CENT-02,531,3.002,56.54,28.56,True
VPW-PUMP-CENT-02,532,2.861,55.92,36.34,True
VPW-PUMP-CENT-02,533,2.816,57.14,42.45,True
VPW-PUMP-CENT-02,534,3.001,57.89,31.73,True
VPW-PUMP-CENT-02,535,3.088,55.61,29.85,True
VPW-PUMP-CENT-02,536,3.029,57.04,25.16,True
VPW-PUMP-CENT-02,537,3.103,57.17,26.73,True
VPW-PUMP-CENT-02,538,3.012,56.1,39.56,True
VPW-PUMP-CENT-02,539,3.164,56.52,26.17,True
VPW-PUMP-CENT-02,540,3.193,57.23,33.17,True
VPW-PUMP-CENT-02,541,3.105,56.51,31.74,True
VPW-PUMP-CENT-02,542,3.118,56.96,39.94,True
VPW-PUMP-CENT-02,543,3.022,58.23,21.52,True
VPW-PUMP-CENT-02,544,3.112,56.38,38.31,True
VPW-PUMP-CENT-02,545,3.013,56.88,37.34,True
VPW-PUMP-CENT-02,546,3.087,56.83,25.39,True
VPW-PUMP-CENT-02,547,3.072,55.5,45.76,True
VPW-PUMP-CENT-02,548,3.205,58.13,40.72,True
VPW-PUMP-CENT-02,549,3.285,57.08,30.54,True
VPW-PUMP-CENT-02,550,3.267,57.53,46.99,True
VPW-PUMP-CENT-02,551,3.297,59.52,34.22,True
VPW-PUMP-CENT-02,552,3.149,57.31,39.39,True
VPW-PUMP-CENT-02,553,3.321,58.49,25.19,True
VPW-PUMP-CENT-02,554,3.223,58.39,39.39,True
VPW-PUMP-CENT-02,555,3.159,56.7,26.28,True
VPW-PUMP-CENT-02,556,3.222,56.48,33.1,True
VPW-PUMP-CENT-02,557,3.101,57.66,39.08,True
VPW-PUMP-CENT-02,558,3.087,57.09,37.64,True
VPW-PUMP-CENT-02,559,3.036,58.08,40.15,True
VPW-PUMP-CENT-02,560,3.021,58.4,39.08,True
VPW-PUMP-CENT-02,561,3.093,58.6,44.77,True
VPW-PUMP-CENT-02,562,3.059,57.09,24.89,True
VPW-PUMP-CENT-02,563,2.915,57.4,45.41,True
VPW-PUMP-CENT-02,564,3.27,58.21,20.36,True
VPW-PUMP-CENT-02,565,3.025,55.5,35.71,True
VPW-PUMP-CENT-02,566,3.025,57.41,23.23,True
VPW-PUMP-CENT-02,567,2.97,58.7,32.76,True
VPW-PUMP-CENT-02,568,2.933,56.56,47.18,True
VPW-PUMP-CENT-02,569,3.032,58.53,45.74,True
VPW-PUMP-CENT-02,570,2.986,58.51,26.8,True
VPW-PUMP-CENT-02,571,3.195,58.49,34.47,True
VPW-PUMP-CENT-02,572,2.887,58.75,34.83,True
VPW-PUMP-CENT-02,573,2.964,60.26,37.77,True
VPW-PUMP-CENT-02,574,3.237,58.33,40.42,True
VPW-PUMP-CENT-02,575,3.094,59.35,23.91,True
VPW-PUMP-CENT-02,576,2.849,58.64,32.8,True
VPW-PUMP-CENT-02,577,3.097,60.21,28.1,True
VPW-PUMP-CENT-02,578,2.943,59.28,41.44,True
VPW-PUMP-CENT-02,579,3.075,59.61,35.75,True
VPW-PUMP-CENT-02,580,2.952,59.95,29.93,True
VPW-PUMP-CENT-02,581,3.032,60.4,45.9,True
VPW-PUMP-CENT-02,582,3.057,59.65,27.79,True
VPW-PUMP-CENT-02,583,3.018,59.37,41.95,True
VPW-PUMP-CENT-02,584,3.155,60.93,43.85,True
VPW-PUMP-CENT-02,585,3.169,60.66,40.78,True
VPW-PUMP-CENT-02,586,2.951,60.71,45.62,True
VPW-PUMP-CENT-02,587,3.052,59.37,32.92,True
VPW-PUMP-CENT-02,588,3.151,62.47,22.02,True
VPW-PUMP-CENT-02,589,3.067,60.87,36.78,True
VPW-PUMP-CENT-02,590,2.995,62.65,33.52,True
VPW-PUMP-CENT-02,591,3.094,60.4,26.03,True
VPW-PUMP-CENT-02,592,3.158,61.74,37.22,True
VPW-PUMP-CENT-02,593,2.985,60.89,32.45,True
VPW-PUMP-CENT-02,594,3.026,60.91,37.92,True
VPW-PUMP-CENT-02,595,3.217,62.52,38.59,True
VPW-PUMP-CENT-02,596,3.207,61.7,25.43,True
VPW-PUMP-CENT-02,597,3.217,61.54,47.49,True
VPW-PUMP-CENT-02,598,3.196,63.02,22.13,True
VPW-PUMP-CENT-02,599,3.279,61.87,42.78,True
VPW-PUMP-CENT-02,600,3.318,62.8,43.19,True
VPW-PUMP-CENT-02,601,3.37,61.32,32.68,True
VPW-PUMP-CENT-02,602,3.427,61.9,23.59,True
VPW-PUMP-CENT-02,603,3.536,61.62,47.79,True
VPW-PUMP-CENT-02,604,3.314,61.42,32.77,True
VPW-PUMP-CENT-02,605,3.369,64.17,47.01,True
VPW-PUMP-CENT-02,606,3.606,63.7,22.99,True
VPW-PUMP-CENT-02,607,3.477,61.73,47.01,True
VPW-PUMP-CENT-02,608,3.485,64.89,29.71,True
VPW-PUMP-CENT-02,609,3.619,62.73,26.31,True
VPW-PUMP-CENT-02,610,3.526,64.27,36.12,True
VPW-PUMP-CENT-02,611,3.427,65.19,41.43,True
VPW-PUMP-CENT-02,612,3.537,64.06,41.24,True
VPW-PUMP-CENT-02,613,3.476,61.98,26.05,True
VPW-PUMP-CENT-02,614,3.675,65.5,40.8,True
VPW-PUMP-CENT-02,615,3.682,64.7,48.83,True
VPW-PUMP-CENT-02,616,3.581,66.22,45.56,True
VPW-PUMP-CENT-02,617,3.75,65.47,44.72,True
VPW-PUMP-CENT-02,618,3.693,64.0,39.73,True
VPW-PUMP-CENT-02,619,3.747,65.22,45.44,True
VPW-PUMP-CENT-02,620,3.703,67.3,46.8,True
VPW-PUMP-CENT-02,621,3.735,64.37,35.06,True
VPW-PUMP-CENT-02,622,3.729,66.24,40.81,True
VPW-PUMP-CENT-02,623,3.786,66.21,39.37,True
VPW-PUMP-CENT-02,624,3.782,65.93,42.02,True
VPW-PUMP-CENT-02,625,3.816,66.45,42.01,True
VPW-PUMP-CENT-02,626,3.699,66.55,28.49,True
VPW-PUMP-CENT-02,627,3.719,67.1,33.4,True
VPW-PUMP-CENT-02,628,3.871,65.98,23.28,True
VPW-PUMP-CENT-02,629,3.519,67.27,22.25,True
VPW-PUMP-CENT-02,630,3.796,67.27,42.51,True
VPW-PUMP-CENT-02,631,3.779,65.58,24.68,True
VPW-PUMP-CENT-02,632,3.849,66.53,36.07,True
VPW-PUMP-CENT-02,633,3.662,67.72,23.49,True
VPW-PUMP-CENT-02,634,3.702,67.68,43.59,True
VPW-PUMP-CENT-02,635,3.562,67.95,29.81,True
VPW-PUMP-CENT-02,636,3.655,66.74,34.45,True
VPW-PUMP-CENT-02,637,3.727,68.82,31.63,True
VPW-PUMP-CENT-02,638,3.588,67.63,24.17,True
VPW-PUMP-CENT-02,639,3.685,66.81,48.92,True
VPW-PUMP-CENT-02,640,3.74,67.39,41.3,True
VPW-PUMP-CENT-02,641,3.704,66.74,41.49,True
VPW-PUMP-CENT-02,642,3.552,67.25,45.92,True
VPW-PUMP-CENT-02,643,3.762,67.61,36.79,True
VPW-PUMP-CENT-02,644,3.6,67.99,41.6,True
VPW-PUMP-CENT-02,645,3.677,66.66,25.5,True
VPW-PUMP-CENT-02,646,3.662,67.8,34.25,True
VPW-PUMP-CENT-02,647,3.585,68.95,39.26,True
VPW-PUMP-CENT-02,648,3.643,67.97,31.59,True
VPW-PUMP-CENT-02,649,3.631,69.07,22.51,True
VPW-PUMP-CENT-02,650,3.796,68.3,32.86,True
VPW-PUMP-CENT-02,651,3.65,68.09,49.56,True
VPW-PUMP-CENT-02,652,3.462,68.36,39.62,True
VPW-PUMP-CENT-02,653,3.77,68.97,27.82,True
VPW-PUMP-CENT-02,654,3.501,68.54,29.27,True
VPW-PUMP-CENT-02,655,3.713,68.53,32.04,True
VPW-PUMP-CENT-02,656,3.513,69.57,29.86,True
VPW-PUMP-CENT-02,657,3.496,69.29,37.87,True
VPW-PUMP-CENT-02,658,3.613,67.9,32.6,True
VPW-PUMP-CENT-02,659,3.824,69.67,50.36,True
VPW-PUMP-CENT-02,660,3.574,69.85,32.64,True
VPW-PUMP-CENT-02,661,3.638,68.34,36.49,True
VPW-PUMP-CENT-02,662,3.746,68.74,30.25,True
VPW-PUMP-CENT-02,663,3.628,68.42,36.1,True
VPW-PUMP-CENT-02,664,3.691,69.6,45.65,True
VPW-PUMP-CENT-02,665,3.798,67.05,41.21,True
VPW-PUMP-CENT-02,666,3.778,69.85,31.81,True
VPW-PUMP-CENT-02,667,3.663,68.13,25.84,True
VPW-PUMP-CENT-02,668,3.78,69.24,29.06,True
VPW-PUMP-CENT-02,669,3.65,69.23,33.96,True
VPW-PUMP-CENT-02,670,3.726,69.2,41.34,True
VPW-PUMP-CENT-02,671,3.857,68.81,43.22,True
VPW-PUMP-CENT-02,672,3.843,69.53,31.29,True
VPW-PUMP-CENT-02,673,3.785,68.06,25.3,True
VPW-PUMP-CENT-02,674,3.862,70.09,47.52,True
VPW-PUMP-CENT-02,675,3.967,70.59,45.67,True
VPW-PUMP-CENT-02,676,3.913,69.94,43.3,True
VPW-PUMP-CENT-02,677,3.96,68.61,32.79,True
VPW-PUMP-CENT-02,678,3.927,69.76,33.23,True
VPW-PUMP-CENT-02,679,4.115,70.17,25.4,True
VPW-PUMP-CENT-02,680,3.953,69.8,41.83,True
VPW-PUMP-CENT-02,681,4.082,70.2,22.98,True
VPW-PUMP-CENT-02,682,4.039,69.45,29.09,True
VPW-PUMP-CENT-02,683,4.167,70.7,45.58,True
VPW-PUMP-CENT-02,684,4.283,68.67,42.95,True
VPW-PUMP-CENT-02,685,3.998,68.74,45.83,True
VPW-PUMP-CENT-02,686,4.057,69.27,49.57,True
VPW-PUMP-CENT-02,687,4.186,68.95,34.37,True
VPW-PUMP-CENT-02,688,4.132,69.14,23.51,True
VPW-PUMP-CENT-02,689,4.149,70.31,36.76,True
VPW-PUMP-CENT-02,690,4.24,69.42,24.06,True
VPW-PUMP-CENT-02,691,4.33,70.22,43.58,True
VPW-PUMP-CENT-02,692,4.395,69.74,31.3,True
VPW-PUMP-CENT-02,693,4.516,70.25,41.7,True
VPW-PUMP-CENT-02,694,4.369,68.89,43.25,True
VPW-PUMP-CENT-02,695,4.38,69.84,46.74,True
VPW-PUMP-CENT-02,696,4.389,70.36,23.7,True
VPW-PUMP-CENT-02,697,4.41,70.45,30.49,True
VPW-PUMP-CENT-02,698,4.456,70.05,43.93,True
VPW-PUMP-CENT-02,699,4.334,69.78,25.3,True
VPW-PUMP-CENT-02,700,4.406,71.0,23.69,True
VPW-PUMP-CENT-02,701,4.419,71.46,39.87,True
VPW-PUMP-CENT-02,702,4.426,71.05,39.86,True
VPW-PUMP-CENT-02,703,4.381,69.48,24.65,True
VPW-PUMP-CENT-02,704,4.503,69.69,48.22,True
VPW-PUMP-CENT-02,705,4.328,72.97,28.23,True
VPW-PUMP-CENT-02,706,4.293,71.26,33.76,True
VPW-PUMP-CENT-02,707,4.349,70.96,48.58,True
VPW-PUMP-CENT-02,708,4.432,69.54,44.29,True
VPW-PUMP-CENT-02,709,4.418,71.69,31.18,True
VPW-PUMP-CENT-02,710,4.536,70.89,24.72,True
VPW-PUMP-CENT-02,711,4.388,70.1,41.06,True
VPW-PUMP-CENT-02,712,4.34,70.51,31.65,True
VPW-PUMP-CENT-02,713,4.235,72.37,47.24,True
VPW-PUMP-CENT-02,714,4.247,71.32,27.49,True
VPW-PUMP-CENT-02,715,4.403,71.59,37.5,True
VPW-PUMP-CENT-02,716,4.407,71.26,27.19,True
VPW-PUMP-CENT-02,717,4.453,71.04,38.71,True
VPW-PUMP-CENT-02,718,4.474,72.41,43.41,True
VPW-PUMP-CENT-02,719,4.287,71.95,27.05,True
VPW-PUMP-CENT-03,0,1.85,56.76,38.26,False
VPW-PUMP-CENT-03,1,2.02,56.82,30.25,False
VPW-PUMP-CENT-03,2,1.681,57.05,40.89,False
VPW-PUMP-CENT-03,3,2.005,57.94,35.84,False
VPW-PUMP-CENT-03,4,1.879,58.62,23.89,False
VPW-PUMP-CENT-03,5,1.929,57.89,45.57,False
VPW-PUMP-CENT-03,6,2.119,57.54,22.81,False
VPW-PUMP-CENT-03,7,1.836,57.36,45.4,False
VPW-PUMP-CENT-03,8,1.97,57.84,35.12,False
VPW-PUMP-CENT-03,9,1.918,58.98,24.92,False
VPW-PUMP-CENT-03,10,1.883,56.56,45.83,False
VPW-PUMP-CENT-03,11,1.977,58.67,24.65,False
VPW-PUMP-CENT-03,12,2.144,57.76,23.3,False
VPW-PUMP-CENT-03,13,2.132,59.23,37.03,False
VPW-PUMP-CENT-03,14,2.038,57.89,18.63,False
VPW-PUMP-CENT-03,15,1.889,59.04,27.91,False
VPW-PUMP-CENT-03,16,2.065,58.61,17.73,False
VPW-PUMP-CENT-03,17,1.944,58.55,45.45,False
VPW-PUMP-CENT-03,18,1.974,57.22,44.77,False
VPW-PUMP-CENT-03,19,2.075,56.64,33.69,False
VPW-PUMP-CENT-03,20,2.151,58.41,39.89,False
VPW-PUMP-CENT-03,21,2.16,57.92,19.45,False
VPW-PUMP-CENT-03,22,2.079,59.16,24.23,False
VPW-PUMP-CENT-03,23,2.151,58.92,28.9,False
VPW-PUMP-CENT-03,24,2.051,57.35,31.29,False
VPW-PUMP-CENT-03,25,1.855,57.43,27.95,False
VPW-PUMP-CENT-03,26,1.913,58.7,43.5,False
VPW-PUMP-CENT-03,27,2.073,57.57,38.23,False
VPW-PUMP-CENT-03,28,1.873,58.11,29.65,False
VPW-PUMP-CENT-03,29,1.952,58.9,18.53,False
VPW-PUMP-CENT-03,30,1.928,57.8,33.08,False
VPW-PUMP-CENT-03,31,1.705,59.45,30.81,False
VPW-PUMP-CENT-03,32,1.95,59.89,20.36,False
VPW-PUMP-CENT-03,33,2.038,59.19,36.29,False
VPW-PUMP-CENT-03,34,1.849,58.1,35.35,False
VPW-PUMP-CENT-03,35,1.834,57.97,36.69,False
VPW-PUMP-CENT-03,36,1.874,58.71,36.24,False
VPW-PUMP-CENT-03,37,2.091,60.65,34.34,False
VPW-PUMP-CENT-03,38,2.084,59.07,33.04,False
VPW-PUMP-CENT-03,39,1.76,59.65,28.34,False
VPW-PUMP-CENT-03,40,1.878,58.65,30.6,False
VPW-PUMP-CENT-03,41,1.742,57.82,24.51,False
VPW-PUMP-CENT-03,42,1.733,58.13,27.34,False
VPW-PUMP-CENT-03,43,1.817,59.16,38.0,False
VPW-PUMP-CENT-03,44,1.397,58.02,44.38,False
VPW-PUMP-CENT-03,45,1.818,58.14,20.04,False
VPW-PUMP-CENT-03,46,1.698,59.29,38.22,False
VPW-PUMP-CENT-03,47,1.837,59.1,38.07,False
VPW-PUMP-CENT-03,48,1.703,58.69,44.97,False
VPW-PUMP-CENT-03,49,1.659,59.5,43.55,False
VPW-PUMP-CENT-03,50,1.741,58.41,27.88,False
VPW-PUMP-CENT-03,51,1.679,58.2,43.55,False
VPW-PUMP-CENT-03,52,1.681,58.34,31.55,False
VPW-PUMP-CENT-03,53,1.67,58.9,28.23,False
VPW-PUMP-CENT-03,54,1.554,59.37,31.46,False
VPW-PUMP-CENT-03,55,1.697,58.52,27.07,False
VPW-PUMP-CENT-03,56,1.66,58.7,28.62,False
VPW-PUMP-CENT-03,57,1.603,60.06,28.16,False
VPW-PUMP-CENT-03,58,1.552,57.78,20.95,False
VPW-PUMP-CENT-03,59,1.584,56.96,19.08,False
VPW-PUMP-CENT-03,60,1.485,59.24,42.61,False
VPW-PUMP-CENT-03,61,1.752,57.46,41.24,False
VPW-PUMP-CENT-03,62,1.566,58.61,24.59,False
VPW-PUMP-CENT-03,63,1.515,56.58,23.46,False
VPW-PUMP-CENT-03,64,1.594,58.85,45.52,False
VPW-PUMP-CENT-03,65,1.759,57.52,37.48,False
VPW-PUMP-CENT-03,66,1.63,59.48,24.66,False
VPW-PUMP-CENT-03,67,1.664,59.39,25.35,False
VPW-PUMP-CENT-03,68,1.797,58.12,25.75,False
VPW-PUMP-CENT-03,69,1.724,58.28,41.49,False
VPW-PUMP-CENT-03,70,1.801,56.56,41.1,False
VPW-PUMP-CENT-03,71,1.716,59.17,33.24,False
VPW-PUMP-CENT-03,72,1.796,57.39,22.52,False
VPW-PUMP-CENT-03,73,2.03,58.84,41.31,False
VPW-PUMP-CENT-03,74,1.757,57.83,28.27,False
VPW-PUMP-CENT-03,75,1.747,56.28,26.96,False
VPW-PUMP-CENT-03,76,2.031,57.57,38.94,False
VPW-PUMP-CENT-03,77,1.957,57.72,21.03,False
VPW-PUMP-CENT-03,78,1.99,57.38,37.79,False
VPW-PUMP-CENT-03,79,1.883,57.93,19.99,False
VPW-PUMP-CENT-03,80,1.88,58.45,25.37,False
VPW-PUMP-CENT-03,81,1.856,56.56,32.21,False
VPW-PUMP-CENT-03,82,1.876,57.24,23.36,False
VPW-PUMP-CENT-03,83,1.925,57.98,39.69,False
VPW-PUMP-CENT-03,84,2.101,57.33,23.81,False
VPW-PUMP-CENT-03,85,2.077,57.22,22.24,False
VPW-PUMP-CENT-03,86,1.941,57.2,33.33,False
VPW-PUMP-CENT-03,87,2.023,56.23,36.89,False
VPW-PUMP-CENT-03,88,2.054,56.95,43.57,False
VPW-PUMP-CENT-03,89,1.96,56.01,43.47,False
VPW-PUMP-CENT-03,90,2.103,56.48,18.67,False
VPW-PUMP-CENT-03,91,2.069,56.74,28.6,False
VPW-PUMP-CENT-03,92,2.157,55.82,35.31,False
VPW-PUMP-CENT-03,93,2.116,57.12,20.33,False
VPW-PUMP-CENT-03,94,2.109,55.77,45.64,False
VPW-PUMP-CENT-03,95,2.103,55.81,35.94,False
VPW-PUMP-CENT-03,96,2.086,57.51,19.51,False
VPW-PUMP-CENT-03,97,2.079,56.49,24.02,False
VPW-PUMP-CENT-03,98,2.175,56.78,29.51,False
VPW-PUMP-CENT-03,99,2.159,55.98,41.86,False
VPW-PUMP-CENT-03,100,1.917,54.22,20.07,False
VPW-PUMP-CENT-03,101,2.237,56.97,42.93,False
VPW-PUMP-CENT-03,102,1.976,54.98,24.34,False
VPW-PUMP-CENT-03,103,2.198,56.83,20.88,False
VPW-PUMP-CENT-03,104,2.032,56.11,34.85,False
VPW-PUMP-CENT-03,105,2.069,56.89,41.44,False
VPW-PUMP-CENT-03,106,2.054,55.7,35.87,False
VPW-PUMP-CENT-03,107,2.074,56.55,46.1,False
VPW-PUMP-CENT-03,108,1.954,56.36,23.57,False
VPW-PUMP-CENT-03,109,1.993,57.3,39.9,False
VPW-PUMP-CENT-03,110,1.935,56.79,25.29,False
VPW-PUMP-CENT-03,111,2.081,55.89,19.63,False
VPW-PUMP-CENT-03,112,1.886,56.22,26.36,False
VPW-PUMP-CENT-03,113,1.818,55.84,25.07,False
VPW-PUMP-CENT-03,114,1.803,55.23,23.4,False
VPW-PUMP-CENT-03,115,1.888,55.99,39.22,False
VPW-PUMP-CENT-03,116,1.919,54.58,21.29,False
VPW-PUMP-CENT-03,117,1.875,56.24,41.18,False
VPW-PUMP-CENT-03,118,1.834,55.95,20.89,False
VPW-PUMP-CENT-03,119,1.762,55.21,29.08,False
VPW-PUMP-CENT-03,120,1.894,55.56,34.01,False
VPW-PUMP-CENT-03,121,1.534,55.95,25.73,False
VPW-PUMP-CENT-03,122,1.718,56.74,36.38,False
VPW-PUMP-CENT-03,123,1.618,56.63,29.69,False
VPW-PUMP-CENT-03,124,1.74,54.68,25.64,False
VPW-PUMP-CENT-03,125,1.576,56.51,33.62,False
VPW-PUMP-CENT-03,126,1.794,55.98,40.49,False
VPW-PUMP-CENT-03,127,1.682,55.66,22.2,False
VPW-PUMP-CENT-03,128,1.565,55.66,36.82,False
VPW-PUMP-CENT-03,129,1.697,56.37,41.04,False
VPW-PUMP-CENT-03,130,1.698,54.78,33.61,False
VPW-PUMP-CENT-03,131,1.717,55.35,44.87,False
VPW-PUMP-CENT-03,132,1.548,57.2,39.96,False
VPW-PUMP-CENT-03,133,1.438,57.35,32.29,False
VPW-PUMP-CENT-03,134,1.555,57.04,43.24,False
VPW-PUMP-CENT-03,135,1.76,57.15,23.23,False
VPW-PUMP-CENT-03,136,1.543,54.33,22.46,False
VPW-PUMP-CENT-03,137,1.642,56.65,24.12,False
VPW-PUMP-CENT-03,138,1.738,56.7,31.93,False
VPW-PUMP-CENT-03,139,1.74,57.12,29.59,False
VPW-PUMP-CENT-03,140,1.875,57.22,37.24,False
VPW-PUMP-CENT-03,141,1.698,57.71,27.26,False
VPW-PUMP-CENT-03,142,1.731,56.65,41.65,False
VPW-PUMP-CENT-03,143,1.681,55.83,23.16,False
VPW-PUMP-CENT-03,144,1.697,55.89,34.66,False
VPW-PUMP-CENT-03,145,1.743,57.25,39.31,False
VPW-PUMP-CENT-03,146,1.832,56.92,32.36,False
VPW-PUMP-CENT-03,147,1.887,55.6,38.3,False
VPW-PUMP-CENT-03,148,1.958,56.41,26.95,False
VPW-PUMP-CENT-03,149,1.858,57.53,31.18,False
VPW-PUMP-CENT-03,150,1.881,57.69,20.38,False
VPW-PUMP-CENT-03,151,1.798,56.83,35.83,False
VPW-PUMP-CENT-03,152,2.034,55.96,34.54,False
VPW-PUMP-CENT-03,153,1.987,57.18,33.88,False
VPW-PUMP-CENT-03,154,1.708,57.62,31.15,False
VPW-PUMP-CENT-03,155,2.133,57.08,45.65,False
VPW-PUMP-CENT-03,156,1.96,58.34,42.26,False
VPW-PUMP-CENT-03,157,2.124,58.69,34.77,False
VPW-PUMP-CENT-03,158,2.13,58.39,45.79,False
VPW-PUMP-CENT-03,159,1.957,57.39,45.19,False
VPW-PUMP-CENT-03,160,2.059,58.63,37.57,False
VPW-PUMP-CENT-03,161,2.031,57.23,26.4,False
VPW-PUMP-CENT-03,162,2.171,57.73,38.66,False
VPW-PUMP-CENT-03,163,2.035,59.28,38.54,False
VPW-PUMP-CENT-03,164,2.07,57.6,42.54,False
VPW-PUMP-CENT-03,165,2.076,57.88,35.08,False
VPW-PUMP-CENT-03,166,2.21,58.17,25.16,False
VPW-PUMP-CENT-03,167,2.072,58.6,42.49,False
VPW-PUMP-CENT-03,168,2.02,59.34,36.66,False
VPW-PUMP-CENT-03,169,2.318,59.82,40.54,False
VPW-PUMP-CENT-03,170,2.286,58.79,27.11,False
VPW-PUMP-CENT-03,171,2.109,59.22,33.73,False
VPW-PUMP-CENT-03,172,2.154,58.7,37.14,False
VPW-PUMP-CENT-03,173,2.038,58.28,43.16,False
VPW-PUMP-CENT-03,174,2.025,58.79,40.23,False
VPW-PUMP-CENT-03,175,2.178,58.88,38.53,False
VPW-PUMP-CENT-03,176,2.177,58.82,29.17,False
VPW-PUMP-CENT-03,177,2.102,58.41,21.08,False
VPW-PUMP-CENT-03,178,2.098,59.76,40.42,False
VPW-PUMP-CENT-03,179,1.976,58.96,35.77,False
VPW-PUMP-CENT-03,180,2.096,58.94,35.55,False
VPW-PUMP-CENT-03,181,2.075,58.69,28.98,False
VPW-PUMP-CENT-03,182,1.931,60.05,21.89,False
VPW-PUMP-CENT-03,183,2.114,58.68,32.89,False
VPW-PUMP-CENT-03,184,1.877,60.15,18.93,False
VPW-PUMP-CENT-03,185,1.923,57.86,22.02,False
VPW-PUMP-CENT-03,186,1.938,59.83,28.36,False
VPW-PUMP-CENT-03,187,1.791,58.4,42.07,False
VPW-PUMP-CENT-03,188,2.004,59.44,39.66,False
VPW-PUMP-CENT-03,189,1.781,58.46,36.17,False
VPW-PUMP-CENT-03,190,1.988,59.38,37.91,False
VPW-PUMP-CENT-03,191,1.747,58.48,34.72,False
VPW-PUMP-CENT-03,192,1.951,58.4,28.74,False
VPW-PUMP-CENT-03,193,1.855,58.6,18.69,False
VPW-PUMP-CENT-03,194,1.789,59.1,33.08,False
VPW-PUMP-CENT-03,195,1.773,59.06,43.3,False
VPW-PUMP-CENT-03,196,1.814,60.13,32.28,False
VPW-PUMP-CENT-03,197,1.763,59.36,25.77,False
VPW-PUMP-CENT-03,198,1.711,59.19,35.09,False
VPW-PUMP-CENT-03,199,1.707,59.96,36.06,False
VPW-PUMP-CENT-03,200,1.674,59.65,25.06,False
VPW-PUMP-CENT-03,201,1.784,59.82,33.29,False
VPW-PUMP-CENT-03,202,1.709,58.87,28.13,False
VPW-PUMP-CENT-03,203,1.679,59.44,27.13,False
VPW-PUMP-CENT-03,204,1.516,59.24,42.93,False
VPW-PUMP-CENT-03,205,1.931,58.09,21.98,False
VPW-PUMP-CENT-03,206,1.704,58.76,44.66,False
VPW-PUMP-CENT-03,207,1.661,60.29,43.11,False
VPW-PUMP-CENT-03,208,1.673,59.02,32.26,False
VPW-PUMP-CENT-03,209,1.728,58.22,29.49,False
VPW-PUMP-CENT-03,210,1.57,59.59,45.09,False
VPW-PUMP-CENT-03,211,1.918,58.14,19.42,False
VPW-PUMP-CENT-03,212,1.694,58.68,20.9,False
VPW-PUMP-CENT-03,213,1.618,58.68,26.42,False
VPW-PUMP-CENT-03,214,1.765,59.28,27.89,False
VPW-PUMP-CENT-03,215,1.689,57.04,25.38,False
VPW-PUMP-CENT-03,216,1.845,58.03,33.82,False
VPW-PUMP-CENT-03,217,1.96,57.96,40.71,False
VPW-PUMP-CENT-03,218,1.727,58.25,27.1,False
VPW-PUMP-CENT-03,219,1.887,57.78,39.93,False
VPW-PUMP-CENT-03,220,1.754,58.45,20.18,False
VPW-PUMP-CENT-03,221,1.753,58.24,20.08,False
VPW-PUMP-CENT-03,222,1.9,57.38,40.68,False
VPW-PUMP-CENT-03,223,2.079,57.67,27.87,False
VPW-PUMP-CENT-03,224,1.952,55.95,30.47,False
VPW-PUMP-CENT-03,225,1.778,57.59,37.79,False
VPW-PUMP-CENT-03,226,1.877,57.47,18.48,False
VPW-PUMP-CENT-03,227,1.921,58.03,44.49,False
VPW-PUMP-CENT-03,228,1.9,57.99,44.79,False
VPW-PUMP-CENT-03,229,1.751,56.09,21.1,False
VPW-PUMP-CENT-03,230,1.904,56.59,20.13,False
VPW-PUMP-CENT-03,231,1.887,58.14,44.54,False
VPW-PUMP-CENT-03,232,2.133,58.59,30.37,False
VPW-PUMP-CENT-03,233,2.161,55.94,25.54,False
VPW-PUMP-CENT-03,234,1.977,57.12,32.77,False
VPW-PUMP-CENT-03,235,2.0,57.64,33.03,False
VPW-PUMP-CENT-03,236,2.079,56.04,37.77,False
VPW-PUMP-CENT-03,237,2.137,58.11,42.98,False
VPW-PUMP-CENT-03,238,2.151,57.81,36.12,False
VPW-PUMP-CENT-03,239,2.186,57.57,21.53,False
VPW-PUMP-CENT-03,240,2.262,58.35,19.73,False
VPW-PUMP-CENT-03,241,2.166,56.43,42.51,False
VPW-PUMP-CENT-03,242,2.05,56.07,26.88,False
VPW-PUMP-CENT-03,243,2.058,57.74,22.79,False
VPW-PUMP-CENT-03,244,2.193,56.94,39.36,False
VPW-PUMP-CENT-03,245,2.111,56.34,38.0,False
VPW-PUMP-CENT-03,246,2.205,57.33,19.16,False
VPW-PUMP-CENT-03,247,2.203,57.16,21.67,False
VPW-PUMP-CENT-03,248,2.111,56.98,31.06,False
VPW-PUMP-CENT-03,249,2.151,56.57,20.37,False
VPW-PUMP-CENT-03,250,2.108,57.61,41.65,False
VPW-PUMP-CENT-03,251,2.036,57.3,28.96,False
VPW-PUMP-CENT-03,252,2.183,56.07,27.42,False
VPW-PUMP-CENT-03,253,2.035,56.86,21.63,False
VPW-PUMP-CENT-03,254,1.996,55.71,29.35,False
VPW-PUMP-CENT-03,255,2.122,55.46,41.79,False
VPW-PUMP-CENT-03,256,2.078,56.28,28.53,False
VPW-PUMP-CENT-03,257,2.017,57.99,20.47,False
VPW-PUMP-CENT-03,258,1.934,56.08,38.45,False
VPW-PUMP-CENT-03,259,2.116,56.85,39.36,False
VPW-PUMP-CENT-03,260,2.085,57.32,23.01,False
VPW-PUMP-CENT-03,261,1.849,56.11,19.0,False
VPW-PUMP-CENT-03,262,1.947,56.42,26.28,False
VPW-PUMP-CENT-03,263,1.822,56.15,26.93,False
VPW-PUMP-CENT-03,264,1.942,56.16,45.76,False
VPW-PUMP-CENT-03,265,1.865,55.65,30.73,False
VPW-PUMP-CENT-03,266,1.833,55.86,19.95,False
VPW-PUMP-CENT-03,267,1.815,56.66,44.15,False
VPW-PUMP-CENT-03,268,1.958,57.44,42.27,False
VPW-PUMP-CENT-03,269,1.707,55.4,37.69,False
VPW-PUMP-CENT-03,270,1.749,56.55,19.09,False
VPW-PUMP-CENT-03,271,1.695,57.23,38.54,False
VPW-PUMP-CENT-03,272,1.77,55.33,19.22,False
VPW-PUMP-CENT-03,273,1.749,55.68,39.79,False
VPW-PUMP-CENT-03,274,1.772,56.55,27.89,False
VPW-PUMP-CENT-03,275,1.709,57.59,26.91,False
VPW-PUMP-CENT-03,276,1.769,56.72,36.7,False
VPW-PUMP-CENT-03,277,1.852,56.95,43.58,False
VPW-PUMP-CENT-03,278,1.615,55.64,44.05,False
VPW-PUMP-CENT-03,279,1.761,56.37,25.77,False
VPW-PUMP-CENT-03,280,1.614,57.38,18.9,False
VPW-PUMP-CENT-03,281,1.709,57.29,40.86,False
VPW-PUMP-CENT-03,282,1.565,57.14,30.07,False
VPW-PUMP-CENT-03,283,1.766,57.71,28.87,False
VPW-PUMP-CENT-03,284,1.545,57.71,40.35,False
VPW-PUMP-CENT-03,285,1.672,56.23,32.85,False
VPW-PUMP-CENT-03,286,1.686,55.98,31.23,False
VPW-PUMP-CENT-03,287,1.653,57.57,23.69,False
VPW-PUMP-CENT-03,288,1.621,56.78,38.48,False
VPW-PUMP-CENT-03,289,1.637,55.62,27.51,False
VPW-PUMP-CENT-03,290,1.791,57.75,30.31,False
VPW-PUMP-CENT-03,291,1.921,57.5,42.23,False
VPW-PUMP-CENT-03,292,1.686,56.11,43.67,False
VPW-PUMP-CENT-03,293,1.796,57.21,41.26,False
VPW-PUMP-CENT-03,294,1.866,57.62,27.66,False
VPW-PUMP-CENT-03,295,1.932,57.21,35.07,False
VPW-PUMP-CENT-03,296,1.92,57.29,42.46,False
VPW-PUMP-CENT-03,297,1.793,56.98,41.53,False
VPW-PUMP-CENT-03,298,1.867,57.47,22.85,False
VPW-PUMP-CENT-03,299,1.863,57.37,38.53,False
VPW-PUMP-CENT-03,300,1.9,58.1,39.42,False
VPW-PUMP-CENT-03,301,1.799,58.29,39.32,False
VPW-PUMP-CENT-03,302,1.934,57.06,23.96,False
VPW-PUMP-CENT-03,303,1.962,56.2,41.47,False
VPW-PUMP-CENT-03,304,2.063,59.63,33.8,False
VPW-PUMP-CENT-03,305,1.995,59.22,39.75,False
VPW-PUMP-CENT-03,306,2.042,57.89,38.24,False
VPW-PUMP-CENT-03,307,2.028,59.26,37.11,False
VPW-PUMP-CENT-03,308,2.034,58.54,35.98,False
VPW-PUMP-CENT-03,309,2.041,58.62,35.47,False
VPW-PUMP-CENT-03,310,2.115,58.41,40.62,False
VPW-PUMP-CENT-03,311,2.048,59.92,32.36,False
VPW-PUMP-CENT-03,312,2.167,57.44,33.75,False
VPW-PUMP-CENT-03,313,2.27,56.85,29.3,False
VPW-PUMP-CENT-03,314,2.143,60.19,34.32,False
VPW-PUMP-CENT-03,315,2.008,58.18,35.61,False
VPW-PUMP-CENT-03,316,2.107,58.96,17.37,False
VPW-PUMP-CENT-03,317,1.981,58.91,45.08,False
VPW-PUMP-CENT-03,318,2.223,58.03,29.29,False
VPW-PUMP-CENT-03,319,2.327,58.98,33.61,False
VPW-PUMP-CENT-03,320,2.12,58.88,38.01,False
VPW-PUMP-CENT-03,321,2.098,59.34,36.85,False
VPW-PUMP-CENT-03,322,2.213,58.87,41.61,False
VPW-PUMP-CENT-03,323,2.128,59.77,33.46,False
VPW-PUMP-CENT-03,324,1.978,61.14,23.07,False
VPW-PUMP-CENT-03,325,2.346,57.73,19.24,False
VPW-PUMP-CENT-03,326,2.192,60.37,35.12,False
VPW-PUMP-CENT-03,327,2.09,59.22,41.06,False
VPW-PUMP-CENT-03,328,2.138,59.63,30.6,False
VPW-PUMP-CENT-03,329,2.102,60.6,38.67,False
VPW-PUMP-CENT-03,330,1.99,59.97,39.52,False
VPW-PUMP-CENT-03,331,2.083,60.99,18.17,False
VPW-PUMP-CENT-03,332,2.076,59.82,25.72,False
VPW-PUMP-CENT-03,333,1.755,59.4,40.98,False
VPW-PUMP-CENT-03,334,2.07,58.85,30.36,False
VPW-PUMP-CENT-03,335,2.025,59.08,44.62,False
VPW-PUMP-CENT-03,336,2.09,61.05,37.67,False
VPW-PUMP-CENT-03,337,2.082,59.67,26.91,False
VPW-PUMP-CENT-03,338,1.996,59.85,38.99,False
VPW-PUMP-CENT-03,339,2.052,58.83,38.35,False
VPW-PUMP-CENT-03,340,1.834,59.78,45.95,False
VPW-PUMP-CENT-03,341,1.908,60.07,19.81,False
VPW-PUMP-CENT-03,342,1.92,62.11,25.81,False
VPW-PUMP-CENT-03,343,1.908,58.85,26.99,False
VPW-PUMP-CENT-03,344,1.753,59.84,27.91,False
VPW-PUMP-CENT-03,345,1.941,59.96,18.59,False
VPW-PUMP-CENT-03,346,1.901,59.62,25.96,False
VPW-PUMP-CENT-03,347,1.907,61.0,37.45,False
VPW-PUMP-CENT-03,348,1.893,60.19,45.14,False
VPW-PUMP-CENT-03,349,1.754,61.08,20.78,False
VPW-PUMP-CENT-03,350,2.027,61.18,29.64,False
VPW-PUMP-CENT-03,351,1.743,60.38,40.76,False
VPW-PUMP-CENT-03,352,2.0,61.32,26.98,False
VPW-PUMP-CENT-03,353,1.863,60.54,29.73,False
VPW-PUMP-CENT-03,354,1.695,60.73,22.87,False
VPW-PUMP-CENT-03,355,1.789,60.33,29.19,False
VPW-PUMP-CENT-03,356,1.889,58.77,23.1,False
VPW-PUMP-CENT-03,357,1.56,60.3,37.87,False
VPW-PUMP-CENT-03,358,1.754,59.4,25.49,False
VPW-PUMP-CENT-03,359,1.699,58.42,26.03,False
VPW-PUMP-CENT-03,360,1.763,59.96,32.56,False
VPW-PUMP-CENT-03,361,1.645,59.46,37.36,False
VPW-PUMP-CENT-03,362,1.614,59.34,18.81,False
VPW-PUMP-CENT-03,363,1.782,59.83,29.53,False
VPW-PUMP-CENT-03,364,1.842,60.15,35.58,False
VPW-PUMP-CENT-03,365,1.917,58.87,41.71,False
VPW-PUMP-CENT-03,366,1.63,58.97,29.85,False
VPW-PUMP-CENT-03,367,1.74,58.55,21.86,False
VPW-PUMP-CENT-03,368,1.804,57.62,34.32,False
VPW-PUMP-CENT-03,369,1.96,58.27,21.72,False
VPW-PUMP-CENT-03,370,1.943,58.86,26.01,False
VPW-PUMP-CENT-03,371,1.825,58.13,19.28,False
VPW-PUMP-CENT-03,372,1.889,59.03,30.96,False
VPW-PUMP-CENT-03,373,2.074,58.23,40.4,False
VPW-PUMP-CENT-03,374,2.04,58.18,41.06,False
VPW-PUMP-CENT-03,375,1.742,58.7,21.34,False
VPW-PUMP-CENT-03,376,1.831,58.59,18.3,False
VPW-PUMP-CENT-03,377,1.932,56.96,32.24,False
VPW-PUMP-CENT-03,378,1.857,59.26,24.54,False
VPW-PUMP-CENT-03,379,1.924,58.87,29.5,False
VPW-PUMP-CENT-03,380,1.995,57.54,29.8,False
VPW-PUMP-CENT-03,381,2.056,56.06,18.52,False
VPW-PUMP-CENT-03,382,2.157,58.51,36.16,False
VPW-PUMP-CENT-03,383,2.179,58.88,32.98,False
VPW-PUMP-CENT-03,384,2.066,57.75,29.07,False
VPW-PUMP-CENT-03,385,2.114,56.99,33.97,False
VPW-PUMP-CENT-03,386,2.017,58.95,37.92,False
VPW-PUMP-CENT-03,387,2.066,56.39,28.6,False
VPW-PUMP-CENT-03,388,2.138,56.8,40.58,False
VPW-PUMP-CENT-03,389,2.105,58.77,23.24,False
VPW-PUMP-CENT-03,390,2.262,56.38,46.15,False
VPW-PUMP-CENT-03,391,2.214,56.81,33.95,False
VPW-PUMP-CENT-03,392,2.119,57.96,32.19,False
VPW-PUMP-CENT-03,393,2.135,56.86,18.49,False
VPW-PUMP-CENT-03,394,2.258,56.84,18.82,False
VPW-PUMP-CENT-03,395,2.001,57.64,34.48,False
VPW-PUMP-CENT-03,396,2.316,56.85,41.18,False
VPW-PUMP-CENT-03,397,1.976,56.97,21.88,False
VPW-PUMP-CENT-03,398,2.177,57.1,27.78,False
VPW-PUMP-CENT-03,399,2.32,57.1,44.75,False
VPW-PUMP-CENT-03,400,2.163,56.42,32.06,False
VPW-PUMP-CENT-03,401,2.118,56.35,21.29,False
VPW-PUMP-CENT-03,402,2.092,55.51,34.85,False
VPW-PUMP-CENT-03,403,2.14,56.67,30.53,False
VPW-PUMP-CENT-03,404,2.195,55.32,42.87,False
VPW-PUMP-CENT-03,405,2.145,56.28,40.82,False
VPW-PUMP-CENT-03,406,2.185,56.83,41.96,False
VPW-PUMP-CENT-03,407,1.972,57.43,21.86,False
VPW-PUMP-CENT-03,408,2.138,57.64,39.42,False
VPW-PUMP-CENT-03,409,2.034,56.85,30.5,False
VPW-PUMP-CENT-03,410,1.984,57.28,43.22,False
VPW-PUMP-CENT-03,411,2.216,56.75,32.99,False
VPW-PUMP-CENT-03,412,2.247,55.89,37.59,False
VPW-PUMP-CENT-03,413,1.94,55.71,32.53,False
VPW-PUMP-CENT-03,414,1.911,56.88,22.11,False
VPW-PUMP-CENT-03,415,2.116,56.63,30.05,False
VPW-PUMP-CENT-03,416,2.01,57.74,22.7,False
VPW-PUMP-CENT-03,417,1.918,57.11,44.59,False
VPW-PUMP-CENT-03,418,1.982,56.92,26.24,False
VPW-PUMP-CENT-03,419,1.88,56.81,42.62,False
VPW-PUMP-CENT-03,420,1.965,58.8,20.36,False
VPW-PUMP-CENT-03,421,2.04,57.0,39.21,False
VPW-PUMP-CENT-03,422,1.688,55.41,34.14,False
VPW-PUMP-CENT-03,423,1.745,56.77,31.19,False
VPW-PUMP-CENT-03,424,2.04,57.75,40.15,False
VPW-PUMP-CENT-03,425,1.892,57.01,23.15,False
VPW-PUMP-CENT-03,426,1.819,56.17,31.16,False
VPW-PUMP-CENT-03,427,1.758,57.8,25.55,False
VPW-PUMP-CENT-03,428,1.669,58.74,26.74,False
VPW-PUMP-CENT-03,429,1.819,56.08,26.71,False
VPW-PUMP-CENT-03,430,1.653,57.71,21.86,False
VPW-PUMP-CENT-03,431,1.682,56.27,25.52,False
VPW-PUMP-CENT-03,432,1.863,57.52,44.2,False
VPW-PUMP-CENT-03,433,1.863,58.75,25.84,False
VPW-PUMP-CENT-03,434,1.707,55.91,43.79,False
VPW-PUMP-CENT-03,435,1.768,56.2,19.21,False
VPW-PUMP-CENT-03,436,1.909,56.88,18.49,False
VPW-PUMP-CENT-03,437,1.856,56.93,28.31,False
VPW-PUMP-CENT-03,438,1.7,57.02,31.78,False
VPW-PUMP-CENT-03,439,1.762,56.77,19.89,False
VPW-PUMP-CENT-03,440,1.685,56.32,29.24,False
VPW-PUMP-CENT-03,441,1.716,57.35,33.84,False
VPW-PUMP-CENT-03,442,1.755,57.42,30.14,False
VPW-PUMP-CENT-03,443,1.975,56.78,41.1,False
VPW-PUMP-CENT-03,444,1.917,58.14,24.06,False
VPW-PUMP-CENT-03,445,1.738,57.27,26.01,False
VPW-PUMP-CENT-03,446,1.925,58.03,38.71,False
VPW-PUMP-CENT-03,447,1.894,57.27,25.21,False
VPW-PUMP-CENT-03,448,1.927,57.94,31.12,False
VPW-PUMP-CENT-03,449,1.799,57.34,23.51,False
VPW-PUMP-CENT-03,450,1.974,58.55,20.65,False
VPW-PUMP-CENT-03,451,2.023,58.92,45.11,False
VPW-PUMP-CENT-03,452,1.924,58.05,26.7,False
VPW-PUMP-CENT-03,453,1.998,59.65,23.15,False
VPW-PUMP-CENT-03,454,2.066,58.42,32.59,False
VPW-PUMP-CENT-03,455,2.107,57.38,21.92,False
VPW-PUMP-CENT-03,456,1.997,58.34,28.65,False
VPW-PUMP-CENT-03,457,1.869,59.67,32.76,False
VPW-PUMP-CENT-03,458,2.059,58.24,36.27,False
VPW-PUMP-CENT-03,459,2.132,58.01,42.74,False
VPW-PUMP-CENT-03,460,2.169,58.49,34.56,False
VPW-PUMP-CENT-03,461,2.104,58.89,31.22,False
VPW-PUMP-CENT-03,462,2.319,59.07,43.29,False
VPW-PUMP-CENT-03,463,2.049,59.28,21.11,False
VPW-PUMP-CENT-03,464,2.003,57.93,43.15,False
VPW-PUMP-CENT-03,465,2.11,59.45,44.68,False
VPW-PUMP-CENT-03,466,2.116,59.76,39.95,False
VPW-PUMP-CENT-03,467,2.28,59.05,27.27,False
VPW-PUMP-CENT-03,468,2.147,58.58,33.48,False
VPW-PUMP-CENT-03,469,2.191,59.97,25.95,False
VPW-PUMP-CENT-03,470,2.302,59.66,32.42,False
VPW-PUMP-CENT-03,471,2.256,60.02,40.01,False
VPW-PUMP-CENT-03,472,2.284,59.41,44.86,False
VPW-PUMP-CENT-03,473,2.228,59.2,25.07,False
VPW-PUMP-CENT-03,474,2.187,60.44,38.69,False
VPW-PUMP-CENT-03,475,2.426,60.74,46.14,False
VPW-PUMP-CENT-03,476,2.128,58.82,27.24,False
VPW-PUMP-CENT-03,477,2.242,60.79,23.09,False
VPW-PUMP-CENT-03,478,2.381,59.3,37.87,False
VPW-PUMP-CENT-03,479,2.007,59.25,21.11,False
VPW-PUMP-CENT-03,480,2.126,59.46,25.12,False
VPW-PUMP-CENT-03,481,2.018,60.54,26.41,False
VPW-PUMP-CENT-03,482,2.179,58.92,45.51,False
VPW-PUMP-CENT-03,483,2.21,60.15,24.19,False
VPW-PUMP-CENT-03,484,2.112,60.7,34.63,False
VPW-PUMP-CENT-03,485,2.077,61.3,29.29,False
VPW-PUMP-CENT-03,486,2.114,59.11,24.6,False
VPW-PUMP-CENT-03,487,2.131,59.68,45.2,False
VPW-PUMP-CENT-03,488,2.039,57.21,32.18,False
VPW-PUMP-CENT-03,489,1.97,60.97,43.8,False
VPW-PUMP-CENT-03,490,1.961,61.2,21.07,False
VPW-PUMP-CENT-03,491,2.044,58.83,26.14,False
VPW-PUMP-CENT-03,492,1.984,59.4,33.24,False
VPW-PUMP-CENT-03,493,2.018,61.25,29.28,False
VPW-PUMP-CENT-03,494,1.961,60.55,40.78,False
VPW-PUMP-CENT-03,495,1.688,60.56,36.11,False
VPW-PUMP-CENT-03,496,1.885,59.73,43.98,False
VPW-PUMP-CENT-03,497,1.97,60.54,31.6,False
VPW-PUMP-CENT-03,498,2.016,58.69,40.62,False
VPW-PUMP-CENT-03,499,1.696,58.94,38.57,False
VPW-PUMP-CENT-03,500,1.773,59.48,31.39,False
VPW-PUMP-CENT-03,501,1.88,59.09,19.85,False
VPW-PUMP-CENT-03,502,1.988,59.46,44.74,False
VPW-PUMP-CENT-03,503,1.74,60.01,37.71,False
VPW-PUMP-CENT-03,504,1.679,59.43,22.69,False
VPW-PUMP-CENT-03,505,1.867,58.65,30.42,False
VPW-PUMP-CENT-03,506,1.854,58.87,34.93,False
VPW-PUMP-CENT-03,507,1.763,60.15,26.23,False
VPW-PUMP-CENT-03,508,1.713,59.25,21.14,False
VPW-PUMP-CENT-03,509,1.807,60.66,26.71,False
VPW-PUMP-CENT-03,510,1.784,60.42,20.04,False
VPW-PUMP-CENT-03,511,1.676,60.88,27.53,False
VPW-PUMP-CENT-03,512,1.868,60.11,19.89,False
VPW-PUMP-CENT-03,513,1.748,60.37,40.38,False
VPW-PUMP-CENT-03,514,1.851,60.55,34.35,False
VPW-PUMP-CENT-03,515,1.643,59.29,22.26,False
VPW-PUMP-CENT-03,516,1.731,60.23,41.65,False
VPW-PUMP-CENT-03,517,1.887,59.3,32.44,False
VPW-PUMP-CENT-03,518,1.873,58.92,38.17,False
VPW-PUMP-CENT-03,519,1.888,58.11,36.85,False
VPW-PUMP-CENT-03,520,1.781,58.95,21.75,False
VPW-PUMP-CENT-03,521,2.0,58.69,29.96,False
VPW-PUMP-CENT-03,522,1.978,56.96,39.42,False
VPW-PUMP-CENT-03,523,1.987,57.7,29.51,False
VPW-PUMP-CENT-03,524,1.901,57.83,33.77,False
VPW-PUMP-CENT-03,525,1.952,59.45,32.08,False
VPW-PUMP-CENT-03,526,1.858,59.84,42.74,False
VPW-PUMP-CENT-03,527,2.005,58.41,45.6,False
VPW-PUMP-CENT-03,528,2.104,57.67,26.75,False
VPW-PUMP-CENT-03,529,1.989,58.36,18.99,False
VPW-PUMP-CENT-03,530,2.265,58.9,43.53,False
VPW-PUMP-CENT-03,531,2.116,58.58,46.41,False
VPW-PUMP-CENT-03,532,2.14,58.29,23.79,False
VPW-PUMP-CENT-03,533,2.104,58.06,23.11,False
VPW-PUMP-CENT-03,534,2.212,57.25,18.68,False
VPW-PUMP-CENT-03,535,2.262,58.24,18.08,False
VPW-PUMP-CENT-03,536,2.12,58.06,26.54,False
VPW-PUMP-CENT-03,537,2.238,59.31,35.78,False
VPW-PUMP-CENT-03,538,2.116,59.38,44.68,False
VPW-PUMP-CENT-03,539,2.087,57.53,43.24,False
VPW-PUMP-CENT-03,540,2.342,57.46,34.18,False
VPW-PUMP-CENT-03,541,2.228,57.8,32.06,False
VPW-PUMP-CENT-03,542,2.224,57.82,29.31,False
VPW-PUMP-CENT-03,543,2.278,59.02,35.42,False
VPW-PUMP-CENT-03,544,2.169,58.56,18.81,False
VPW-PUMP-CENT-03,545,2.306,57.14,35.54,False
VPW-PUMP-CENT-03,546,2.267,57.68,35.8,False
VPW-PUMP-CENT-03,547,2.367,58.13,45.25,False
VPW-PUMP-CENT-03,548,2.134,58.42,22.96,False
VPW-PUMP-CENT-03,549,2.249,57.53,38.51,False
VPW-PUMP-CENT-03,550,2.277,57.57,29.5,False
VPW-PUMP-CENT-03,551,2.192,56.56,37.02,False
VPW-PUMP-CENT-03,552,2.296,57.06,30.25,False
VPW-PUMP-CENT-03,553,2.136,56.75,35.65,False
VPW-PUMP-CENT-03,554,2.127,57.77,34.01,False
VPW-PUMP-CENT-03,555,1.951,57.42,32.02,False
VPW-PUMP-CENT-03,556,2.192,59.02,25.71,False
VPW-PUMP-CENT-03,557,2.182,56.39,26.96,False
VPW-PUMP-CENT-03,558,2.08,58.31,40.94,False
VPW-PUMP-CENT-03,559,2.072,56.99,42.91,False
VPW-PUMP-CENT-03,560,2.146,57.64,31.53,False
VPW-PUMP-CENT-03,561,2.157,57.28,38.4,False
VPW-PUMP-CENT-03,562,2.135,56.12,22.14,False
VPW-PUMP-CENT-03,563,1.972,56.28,31.7,False
VPW-PUMP-CENT-03,564,2.1,56.74,39.87,False
VPW-PUMP-CENT-03,565,2.064,57.42,27.13,False
VPW-PUMP-CENT-03,566,2.077,56.97,26.06,False
VPW-PUMP-CENT-03,567,1.994,58.64,42.22,False
VPW-PUMP-CENT-03,568,1.98,57.31,18.48,False
VPW-PUMP-CENT-03,569,1.838,57.32,39.74,False
VPW-PUMP-CENT-03,570,1.987,57.29,28.51,False
VPW-PUMP-CENT-03,571,2.003,57.5,41.59,False
VPW-PUMP-CENT-03,572,1.96,56.45,33.39,False
VPW-PUMP-CENT-03,573,2.013,56.76,25.65,False
VPW-PUMP-CENT-03,574,1.788,56.97,33.88,False
VPW-PUMP-CENT-03,575,1.836,57.11,29.73,False
VPW-PUMP-CENT-03,576,1.779,57.82,44.05,False
VPW-PUMP-CENT-03,577,1.834,58.17,43.87,False
VPW-PUMP-CENT-03,578,1.712,57.67,29.18,False
VPW-PUMP-CENT-03,579,1.956,57.35,32.13,False
VPW-PUMP-CENT-03,580,2.02,57.87,41.99,False
VPW-PUMP-CENT-03,581,1.819,58.48,24.52,False
VPW-PUMP-CENT-03,582,1.772,57.75,27.8,False
VPW-PUMP-CENT-03,583,1.918,58.08,42.66,False
VPW-PUMP-CENT-03,584,1.703,58.12,40.01,False
VPW-PUMP-CENT-03,585,1.717,58.53,39.23,False
VPW-PUMP-CENT-03,586,1.844,56.42,44.92,False
VPW-PUMP-CENT-03,587,1.727,57.64,37.45,False
VPW-PUMP-CENT-03,588,1.791,57.87,28.17,False
VPW-PUMP-CENT-03,589,1.94,57.81,34.81,False
VPW-PUMP-CENT-03,590,1.756,58.6,21.17,False
VPW-PUMP-CENT-03,591,1.925,58.09,32.94,False
VPW-PUMP-CENT-03,592,1.912,58.19,17.64,False
VPW-PUMP-CENT-03,593,1.772,57.92,23.67,False
VPW-PUMP-CENT-03,594,1.83,58.04,22.13,False
VPW-PUMP-CENT-03,595,1.97,58.83,32.6,False
VPW-PUMP-CENT-03,596,1.912,58.13,29.33,False
VPW-PUMP-CENT-03,597,1.866,58.59,30.36,False
VPW-PUMP-CENT-03,598,1.793,57.34,29.97,False
VPW-PUMP-CENT-03,599,2.025,58.16,29.88,False
VPW-PUMP-CENT-03,600,1.844,58.19,28.92,False
VPW-PUMP-CENT-03,601,2.149,58.18,35.32,False
VPW-PUMP-CENT-03,602,2.086,57.7,26.6,False
VPW-PUMP-CENT-03,603,1.994,57.13,36.44,False
VPW-PUMP-CENT-03,604,1.994,58.68,21.77,False
VPW-PUMP-CENT-03,605,2.01,59.68,32.38,False
VPW-PUMP-CENT-03,606,2.211,58.79,33.7,False
VPW-PUMP-CENT-03,607,2.11,59.52,31.16,False
VPW-PUMP-CENT-03,608,2.151,58.2,43.06,False
VPW-PUMP-CENT-03,609,2.128,58.59,24.54,False
VPW-PUMP-CENT-03,610,1.985,58.86,36.37,False
VPW-PUMP-CENT-03,611,2.456,59.64,20.22,False
VPW-PUMP-CENT-03,612,2.116,59.79,22.84,False
VPW-PUMP-CENT-03,613,2.214,60.63,19.91,False
VPW-PUMP-CENT-03,614,2.184,61.27,33.5,False
VPW-PUMP-CENT-03,615,2.209,59.87,39.56,False
VPW-PUMP-CENT-03,616,2.055,59.82,43.33,False
VPW-PUMP-CENT-03,617,2.352,60.38,20.66,False
VPW-PUMP-CENT-03,618,2.184,61.02,37.96,False
VPW-PUMP-CENT-03,619,2.109,60.12,26.61,False
VPW-PUMP-CENT-03,620,2.435,60.49,30.93,False
VPW-PUMP-CENT-03,621,2.284,58.98,38.96,False
VPW-PUMP-CENT-03,622,2.214,60.7,23.22,False
VPW-PUMP-CENT-03,623,2.136,60.56,43.69,False
VPW-PUMP-CENT-03,624,2.329,61.54,45.34,False
VPW-PUMP-CENT-03,625,2.436,60.04,25.06,False
VPW-PUMP-CENT-03,626,2.157,59.66,25.41,False
VPW-PUMP-CENT-03,627,2.17,60.16,38.16,False
VPW-PUMP-CENT-03,628,2.17,60.89,24.14,False
VPW-PUMP-CENT-03,629,2.109,61.65,37.1,False
VPW-PUMP-CENT-03,630,2.176,59.98,46.26,False
VPW-PUMP-CENT-03,631,2.239,60.96,31.57,False
VPW-PUMP-CENT-03,632,2.134,61.36,19.64,False
VPW-PUMP-CENT-03,633,2.057,59.83,39.58,False
VPW-PUMP-CENT-03,634,2.179,60.54,24.87,False
VPW-PUMP-CENT-03,635,2.342,61.43,20.1,False
VPW-PUMP-CENT-03,636,2.255,60.34,38.44,False
VPW-PUMP-CENT-03,637,2.088,60.64,40.69,False
VPW-PUMP-CENT-03,638,2.087,60.12,25.69,False
VPW-PUMP-CENT-03,639,2.136,61.46,19.29,False
VPW-PUMP-CENT-03,640,2.11,61.0,35.82,False
VPW-PUMP-CENT-03,641,2.114,60.73,26.61,False
VPW-PUMP-CENT-03,642,2.109,60.28,20.18,False
VPW-PUMP-CENT-03,643,2.264,59.51,45.09,False
VPW-PUMP-CENT-03,644,1.973,61.18,32.44,False
VPW-PUMP-CENT-03,645,2.017,60.07,20.69,False
VPW-PUMP-CENT-03,646,2.007,61.87,33.86,False
VPW-PUMP-CENT-03,647,2.035,60.78,19.54,False
VPW-PUMP-CENT-03,648,1.851,60.45,44.87,False
VPW-PUMP-CENT-03,649,1.973,59.59,32.98,False
VPW-PUMP-CENT-03,650,1.809,59.46,29.99,False
VPW-PUMP-CENT-03,651,1.823,60.79,26.2,False
VPW-PUMP-CENT-03,652,2.031,59.2,24.01,False
VPW-PUMP-CENT-03,653,1.831,62.03,30.04,False
VPW-PUMP-CENT-03,654,1.795,60.61,42.99,False
VPW-PUMP-CENT-03,655,1.795,59.52,29.1,False
VPW-PUMP-CENT-03,656,1.758,61.03,38.58,False
VPW-PUMP-CENT-03,657,1.973,59.01,18.72,False
VPW-PUMP-CENT-03,658,1.905,60.74,28.23,False
VPW-PUMP-CENT-03,659,1.789,60.51,24.03,False
VPW-PUMP-CENT-03,660,1.849,60.62,43.1,False
VPW-PUMP-CENT-03,661,1.879,58.68,37.93,False
VPW-PUMP-CENT-03,662,1.893,59.29,18.05,False
VPW-PUMP-CENT-03,663,1.87,60.96,25.28,False
VPW-PUMP-CENT-03,664,1.788,60.39,20.19,False
VPW-PUMP-CENT-03,665,1.805,61.06,22.32,False
VPW-PUMP-CENT-03,666,1.923,60.04,45.63,False
VPW-PUMP-CENT-03,667,1.974,59.55,32.31,False
VPW-PUMP-CENT-03,668,1.941,60.34,28.06,False
VPW-PUMP-CENT-03,669,1.821,59.39,25.17,False
VPW-PUMP-CENT-03,670,2.017,59.32,24.23,False
VPW-PUMP-CENT-03,671,2.163,59.69,31.83,False
VPW-PUMP-CENT-03,672,2.015,58.55,21.03,False
VPW-PUMP-CENT-03,673,1.986,60.33,32.72,False
VPW-PUMP-CENT-03,674,2.147,58.77,34.37,False
VPW-PUMP-CENT-03,675,2.13,59.14,29.83,False
VPW-PUMP-CENT-03,676,1.987,59.34,24.2,False
VPW-PUMP-CENT-03,677,2.048,59.29,44.54,False
VPW-PUMP-CENT-03,678,2.192,58.31,28.89,False
VPW-PUMP-CENT-03,679,1.925,59.3,33.26,False
VPW-PUMP-CENT-03,680,2.145,58.99,32.83,False
VPW-PUMP-CENT-03,681,2.117,60.19,34.32,False
VPW-PUMP-CENT-03,682,2.139,57.25,39.64,False
VPW-PUMP-CENT-03,683,2.114,59.73,32.78,False
VPW-PUMP-CENT-03,684,2.2,58.89,42.71,False
VPW-PUMP-CENT-03,685,2.258,58.46,29.98,False
VPW-PUMP-CENT-03,686,2.233,57.38,27.18,False
VPW-PUMP-CENT-03,687,2.302,59.41,23.47,False
VPW-PUMP-CENT-03,688,2.172,58.91,25.57,False
VPW-PUMP-CENT-03,689,2.188,60.23,30.87,False
VPW-PUMP-CENT-03,690,2.211,58.47,24.67,False
VPW-PUMP-CENT-03,691,2.19,59.59,29.77,False
VPW-PUMP-CENT-03,692,2.405,58.11,30.46,False
VPW-PUMP-CENT-03,693,2.356,60.54,27.11,False
VPW-PUMP-CENT-03,694,2.307,58.66,32.64,False
VPW-PUMP-CENT-03,695,2.303,58.24,20.01,False
VPW-PUMP-CENT-03,696,2.226,57.69,32.99,False
VPW-PUMP-CENT-03,697,2.256,57.6,32.46,False
VPW-PUMP-CENT-03,698,2.232,57.8,35.96,False
VPW-PUMP-CENT-03,699,2.268,57.19,44.62,False
VPW-PUMP-CENT-03,700,2.355,57.7,35.59,False
VPW-PUMP-CENT-03,701,2.36,58.17,41.92,False
VPW-PUMP-CENT-03,702,2.257,57.29,40.94,False
VPW-PUMP-CENT-03,703,2.156,57.51,23.8,False
VPW-PUMP-CENT-03,704,2.312,57.18,32.38,False
VPW-PUMP-CENT-03,705,2.204,58.89,35.26,False
VPW-PUMP-CENT-03,706,2.351,57.5,32.74,False
VPW-PUMP-CENT-03,707,2.374,56.84,41.13,False
VPW-PUMP-CENT-03,708,2.234,57.62,36.61,False
VPW-PUMP-CENT-03,709,2.105,57.33,43.29,False
VPW-PUMP-CENT-03,710,2.177,58.17,19.25,False
VPW-PUMP-CENT-03,711,2.16,57.13,33.83,False
VPW-PUMP-CENT-03,712,2.248,56.24,23.53,False
VPW-PUMP-CENT-03,713,2.286,58.31,35.68,False
VPW-PUMP-CENT-03,714,2.182,57.2,27.38,False
VPW-PUMP-CENT-03,715,2.151,58.02,39.58,False
VPW-PUMP-CENT-03,716,2.06,56.78,24.91,False
VPW-PUMP-CENT-03,717,2.01,59.15,41.41,False
VPW-PUMP-CENT-03,718,2.077,57.25,23.63,False
VPW-PUMP-CENT-03,719,1.914,57.88,38.3,False
VPW-ROBOT-WELD-01,0,2.637,58.91,31.85,False
VPW-ROBOT-WELD-01,1,2.557,58.93,36.57,False
VPW-ROBOT-WELD-01,2,2.599,60.2,39.65,False
VPW-ROBOT-WELD-01,3,2.594,60.22,20.24,False
VPW-ROBOT-WELD-01,4,2.716,59.06,31.0,False
VPW-ROBOT-WELD-01,5,2.712,59.74,31.96,False
VPW-ROBOT-WELD-01,6,2.742,59.55,31.76,False
VPW-ROBOT-WELD-01,7,2.735,60.66,30.99,False
VPW-ROBOT-WELD-01,8,2.678,60.03,28.51,False
VPW-ROBOT-WELD-01,9,2.807,60.39,25.15,False
VPW-ROBOT-WELD-01,10,2.604,59.11,44.96,False
VPW-ROBOT-WELD-01,11,2.879,61.07,45.64,False
VPW-ROBOT-WELD-01,12,2.801,59.44,33.37,False
VPW-ROBOT-WELD-01,13,2.72,58.99,32.63,False
VPW-ROBOT-WELD-01,14,2.736,60.23,43.97,False
VPW-ROBOT-WELD-01,15,2.738,60.38,31.49,False
VPW-ROBOT-WELD-01,16,2.748,60.33,40.16,False
VPW-ROBOT-WELD-01,17,2.757,60.97,32.16,False
VPW-ROBOT-WELD-01,18,2.732,59.76,23.48,False
VPW-ROBOT-WELD-01,19,2.917,61.57,42.16,False
VPW-ROBOT-WELD-01,20,2.934,60.23,40.71,False
VPW-ROBOT-WELD-01,21,2.775,61.76,24.98,False
VPW-ROBOT-WELD-01,22,2.758,59.8,27.6,False
VPW-ROBOT-WELD-01,23,2.883,60.48,27.31,False
VPW-ROBOT-WELD-01,24,2.625,60.83,23.47,False
VPW-ROBOT-WELD-01,25,2.847,61.6,37.79,False
VPW-ROBOT-WELD-01,26,2.605,59.43,41.56,False
VPW-ROBOT-WELD-01,27,2.73,60.53,29.0,False
VPW-ROBOT-WELD-01,28,2.757,60.91,37.33,False
VPW-ROBOT-WELD-01,29,2.615,59.93,27.56,False
VPW-ROBOT-WELD-01,30,2.729,61.35,38.56,False
VPW-ROBOT-WELD-01,31,2.876,60.48,21.93,False
VPW-ROBOT-WELD-01,32,2.666,61.61,21.54,False
VPW-ROBOT-WELD-01,33,2.796,61.42,22.42,False
VPW-ROBOT-WELD-01,34,2.611,61.1,43.5,False
VPW-ROBOT-WELD-01,35,2.502,60.5,37.28,False
VPW-ROBOT-WELD-01,36,2.515,61.69,38.66,False
VPW-ROBOT-WELD-01,37,2.431,60.53,25.2,False
VPW-ROBOT-WELD-01,38,2.415,60.89,43.22,False
VPW-ROBOT-WELD-01,39,2.664,60.88,22.96,False
VPW-ROBOT-WELD-01,40,2.544,61.71,18.67,False
VPW-ROBOT-WELD-01,41,2.449,60.18,34.86,False
VPW-ROBOT-WELD-01,42,2.473,62.81,46.34,False
VPW-ROBOT-WELD-01,43,2.454,60.73,24.93,False
VPW-ROBOT-WELD-01,44,2.673,59.43,40.69,False
VPW-ROBOT-WELD-01,45,2.522,61.85,35.36,False
VPW-ROBOT-WELD-01,46,2.355,61.57,43.03,False
VPW-ROBOT-WELD-01,47,2.342,61.04,39.26,False
VPW-ROBOT-WELD-01,48,2.51,60.71,44.44,False
VPW-ROBOT-WELD-01,49,2.531,61.0,24.82,False
VPW-ROBOT-WELD-01,50,2.405,60.52,45.14,False
VPW-ROBOT-WELD-01,51,2.51,60.04,20.57,False
VPW-ROBOT-WELD-01,52,2.238,60.79,37.66,False
VPW-ROBOT-WELD-01,53,2.263,60.83,38.34,False
VPW-ROBOT-WELD-01,54,2.496,59.46,17.67,False
VPW-ROBOT-WELD-01,55,2.402,60.78,32.77,False
VPW-ROBOT-WELD-01,56,2.347,61.94,39.3,False
VPW-ROBOT-WELD-01,57,2.465,59.84,40.98,False
VPW-ROBOT-WELD-01,58,2.246,58.76,33.67,False
VPW-ROBOT-WELD-01,59,2.383,60.05,40.22,False
VPW-ROBOT-WELD-01,60,2.379,61.69,39.81,False
VPW-ROBOT-WELD-01,61,2.441,60.65,38.64,False
VPW-ROBOT-WELD-01,62,2.473,60.38,38.33,False
VPW-ROBOT-WELD-01,63,2.399,59.17,26.66,False
VPW-ROBOT-WELD-01,64,2.363,61.31,21.99,False
VPW-ROBOT-WELD-01,65,2.378,61.79,43.47,False
VPW-ROBOT-WELD-01,66,2.373,61.16,23.09,False
VPW-ROBOT-WELD-01,67,2.524,59.16,19.49,False
VPW-ROBOT-WELD-01,68,2.65,58.97,30.88,False
VPW-ROBOT-WELD-01,69,2.631,61.97,25.29,False
VPW-ROBOT-WELD-01,70,2.476,58.77,43.87,False
VPW-ROBOT-WELD-01,71,2.547,59.96,33.28,False
VPW-ROBOT-WELD-01,72,2.304,59.1,41.85,False
VPW-ROBOT-WELD-01,73,2.616,59.87,20.9,False
VPW-ROBOT-WELD-01,74,2.726,59.23,44.11,False
VPW-ROBOT-WELD-01,75,2.611,59.18,43.52,False
VPW-ROBOT-WELD-01,76,2.498,59.12,24.42,False
VPW-ROBOT-WELD-01,77,2.626,58.39,18.91,False
VPW-ROBOT-WELD-01,78,2.522,60.04,45.0,False
VPW-ROBOT-WELD-01,79,2.723,59.29,41.1,False
VPW-ROBOT-WELD-01,80,2.711,57.99,43.16,False
VPW-ROBOT-WELD-01,81,2.673,58.23,41.74,False
VPW-ROBOT-WELD-01,82,2.724,61.03,37.84,False
VPW-ROBOT-WELD-01,83,2.785,60.38,39.41,False
VPW-ROBOT-WELD-01,84,2.728,58.0,24.39,False
VPW-ROBOT-WELD-01,85,2.79,59.39,18.76,False
VPW-ROBOT-WELD-01,86,2.851,56.9,22.17,False
VPW-ROBOT-WELD-01,87,2.715,60.54,20.8,False
VPW-ROBOT-WELD-01,88,2.805,58.85,19.79,False
VPW-ROBOT-WELD-01,89,2.752,58.11,26.92,False
VPW-ROBOT-WELD-01,90,2.632,58.54,42.77,False
VPW-ROBOT-WELD-01,91,2.685,58.49,18.82,False
VPW-ROBOT-WELD-01,92,2.825,58.68,43.83,False
VPW-ROBOT-WELD-01,93,2.918,58.16,28.74,False
VPW-ROBOT-WELD-01,94,2.879,59.28,28.78,False
VPW-ROBOT-WELD-01,95,2.917,58.56,24.42,False
VPW-ROBOT-WELD-01,96,2.809,58.55,19.02,False
VPW-ROBOT-WELD-01,97,2.828,58.71,30.09,False
VPW-ROBOT-WELD-01,98,2.773,58.37,21.41,False
VPW-ROBOT-WELD-01,99,3.025,59.21,26.18,False
VPW-ROBOT-WELD-01,100,2.795,57.64,40.63,False
VPW-ROBOT-WELD-01,101,2.658,58.92,37.57,False
VPW-ROBOT-WELD-01,102,2.801,57.32,40.08,False
VPW-ROBOT-WELD-01,103,2.822,56.71,26.04,False
VPW-ROBOT-WELD-01,104,2.794,58.83,45.27,False
VPW-ROBOT-WELD-01,105,2.736,59.1,21.76,False
VPW-ROBOT-WELD-01,106,2.583,57.74,27.71,False
VPW-ROBOT-WELD-01,107,2.881,58.61,27.47,False
VPW-ROBOT-WELD-01,108,2.713,59.51,44.78,False
VPW-ROBOT-WELD-01,109,2.76,57.28,18.83,False
VPW-ROBOT-WELD-01,110,2.517,57.43,37.31,False
VPW-ROBOT-WELD-01,111,2.575,58.57,36.45,False
VPW-ROBOT-WELD-01,112,2.67,58.44,31.32,False
VPW-ROBOT-WELD-01,113,2.508,58.46,39.65,False
VPW-ROBOT-WELD-01,114,2.565,58.21,33.52,False
VPW-ROBOT-WELD-01,115,2.558,58.88,22.49,False
VPW-ROBOT-WELD-01,116,2.431,58.02,27.8,False
VPW-ROBOT-WELD-01,117,2.457,58.57,37.77,False
VPW-ROBOT-WELD-01,118,2.534,56.55,28.99,False
VPW-ROBOT-WELD-01,119,2.572,59.27,26.71,False
VPW-ROBOT-WELD-01,120,2.366,56.81,35.25,False
VPW-ROBOT-WELD-01,121,2.475,56.24,41.51,False
VPW-ROBOT-WELD-01,122,2.378,58.46,19.96,False
VPW-ROBOT-WELD-01,123,2.387,59.42,24.83,False
VPW-ROBOT-WELD-01,124,2.476,59.29,33.78,False
VPW-ROBOT-WELD-01,125,2.58,58.75,42.55,False
VPW-ROBOT-WELD-01,126,2.138,58.6,33.63,False
VPW-ROBOT-WELD-01,127,2.415,59.28,22.71,False
VPW-ROBOT-WELD-01,128,2.498,59.51,27.33,False
VPW-ROBOT-WELD-01,129,2.373,59.16,18.32,False
VPW-ROBOT-WELD-01,130,2.549,60.54,19.8,False
VPW-ROBOT-WELD-01,131,2.495,59.22,25.11,False
VPW-ROBOT-WELD-01,132,2.437,57.62,35.16,False
VPW-ROBOT-WELD-01,133,2.273,57.03,27.6,False
VPW-ROBOT-WELD-01,134,2.599,58.68,39.14,False
VPW-ROBOT-WELD-01,135,2.535,58.42,20.95,False
VPW-ROBOT-WELD-01,136,2.343,58.88,32.33,False
VPW-ROBOT-WELD-01,137,2.386,59.05,40.54,False
VPW-ROBOT-WELD-01,138,2.442,58.16,34.84,False
VPW-ROBOT-WELD-01,139,2.279,58.71,24.16,False
VPW-ROBOT-WELD-01,140,2.411,60.27,40.39,False
VPW-ROBOT-WELD-01,141,2.431,59.28,39.63,False
VPW-ROBOT-WELD-01,142,2.565,60.21,40.87,False
VPW-ROBOT-WELD-01,143,2.25,59.59,23.91,False
VPW-ROBOT-WELD-01,144,2.574,58.31,24.24,False
VPW-ROBOT-WELD-01,145,2.507,58.78,31.6,False
VPW-ROBOT-WELD-01,146,2.52,59.41,37.08,False
VPW-ROBOT-WELD-01,147,2.601,59.8,38.11,False
VPW-ROBOT-WELD-01,148,2.76,60.05,25.54,False
VPW-ROBOT-WELD-01,149,2.646,59.83,41.56,False
VPW-ROBOT-WELD-01,150,2.663,59.23,40.78,False
VPW-ROBOT-WELD-01,151,2.701,59.53,34.08,False
VPW-ROBOT-WELD-01,152,2.588,58.6,28.96,False
VPW-ROBOT-WELD-01,153,2.618,59.47,38.69,False
VPW-ROBOT-WELD-01,154,2.578,60.83,40.85,False
VPW-ROBOT-WELD-01,155,2.685,60.82,20.69,False
VPW-ROBOT-WELD-01,156,2.835,59.77,38.09,False
VPW-ROBOT-WELD-01,157,2.77,60.51,28.28,False
VPW-ROBOT-WELD-01,158,2.665,58.61,39.73,False
VPW-ROBOT-WELD-01,159,2.913,60.22,22.64,False
VPW-ROBOT-WELD-01,160,2.733,60.28,34.5,False
VPW-ROBOT-WELD-01,161,2.68,61.15,34.35,False
VPW-ROBOT-WELD-01,162,2.67,60.47,27.59,False
VPW-ROBOT-WELD-01,163,2.882,62.17,39.19,False
VPW-ROBOT-WELD-01,164,2.877,62.23,31.64,False
VPW-ROBOT-WELD-01,165,2.921,59.22,35.25,False
VPW-ROBOT-WELD-01,166,2.769,62.33,41.28,False
VPW-ROBOT-WELD-01,167,2.737,59.66,37.09,False
VPW-ROBOT-WELD-01,168,2.944,59.95,23.8,False
VPW-ROBOT-WELD-01,169,2.824,61.45,21.23,False
VPW-ROBOT-WELD-01,170,2.787,62.25,20.9,False
VPW-ROBOT-WELD-01,171,2.711,61.08,25.61,False
VPW-ROBOT-WELD-01,172,2.799,62.2,28.0,False
VPW-ROBOT-WELD-01,173,2.802,61.73,31.35,False
VPW-ROBOT-WELD-01,174,2.75,62.15,22.9,False
VPW-ROBOT-WELD-01,175,2.689,62.78,23.07,False
VPW-ROBOT-WELD-01,176,2.772,60.59,35.76,False
VPW-ROBOT-WELD-01,177,2.685,61.22,27.98,False
VPW-ROBOT-WELD-01,178,2.691,62.14,18.18,False
VPW-ROBOT-WELD-01,179,2.537,60.04,29.61,False
VPW-ROBOT-WELD-01,180,2.742,62.04,46.03,False
VPW-ROBOT-WELD-01,181,2.61,63.37,24.07,False
VPW-ROBOT-WELD-01,182,2.585,61.7,44.12,False
VPW-ROBOT-WELD-01,183,2.701,62.93,37.83,False
VPW-ROBOT-WELD-01,184,2.657,61.17,33.55,False
VPW-ROBOT-WELD-01,185,2.597,61.44,36.34,False
VPW-ROBOT-WELD-01,186,2.836,63.18,42.0,False
VPW-ROBOT-WELD-01,187,2.701,63.24,44.21,False
VPW-ROBOT-WELD-01,188,2.723,63.22,21.97,False
VPW-ROBOT-WELD-01,189,2.529,61.94,25.3,False
VPW-ROBOT-WELD-01,190,2.593,62.08,26.6,False
VPW-ROBOT-WELD-01,191,2.574,60.08,34.74,False
VPW-ROBOT-WELD-01,192,2.611,61.42,23.81,False
VPW-ROBOT-WELD-01,193,2.493,62.2,40.17,False
VPW-ROBOT-WELD-01,194,2.587,60.59,27.08,False
VPW-ROBOT-WELD-01,195,2.382,61.75,41.05,False
VPW-ROBOT-WELD-01,196,2.46,61.3,34.97,False
VPW-ROBOT-WELD-01,197,2.419,60.37,43.51,False
VPW-ROBOT-WELD-01,198,2.537,61.92,34.37,False
VPW-ROBOT-WELD-01,199,2.507,62.32,32.81,False
VPW-ROBOT-WELD-01,200,2.413,60.96,22.14,False
VPW-ROBOT-WELD-01,201,2.216,61.61,21.06,False
VPW-ROBOT-WELD-01,202,2.398,61.87,33.66,False
VPW-ROBOT-WELD-01,203,2.647,62.45,26.52,False
VPW-ROBOT-WELD-01,204,2.262,61.3,40.92,False
VPW-ROBOT-WELD-01,205,2.383,60.16,35.74,False
VPW-ROBOT-WELD-01,206,2.423,62.17,27.53,False
VPW-ROBOT-WELD-01,207,2.514,60.9,31.42,False
VPW-ROBOT-WELD-01,208,2.418,61.35,30.53,False
VPW-ROBOT-WELD-01,209,2.45,61.15,33.64,False
VPW-ROBOT-WELD-01,210,2.375,62.0,41.65,False
VPW-ROBOT-WELD-01,211,2.235,62.31,35.38,False
VPW-ROBOT-WELD-01,212,2.52,61.67,27.23,False
VPW-ROBOT-WELD-01,213,2.397,61.06,38.2,False
VPW-ROBOT-WELD-01,214,2.405,61.0,23.8,False
VPW-ROBOT-WELD-01,215,2.515,60.63,28.86,False
VPW-ROBOT-WELD-01,216,2.539,59.84,31.23,False
VPW-ROBOT-WELD-01,217,2.529,60.31,34.51,False
VPW-ROBOT-WELD-01,218,2.546,61.84,31.35,False
VPW-ROBOT-WELD-01,219,2.502,60.51,25.59,False
VPW-ROBOT-WELD-01,220,2.574,59.73,45.78,False
VPW-ROBOT-WELD-01,221,2.524,59.53,34.81,False
VPW-ROBOT-WELD-01,222,2.695,61.6,22.34,False
VPW-ROBOT-WELD-01,223,2.48,59.97,43.59,False
VPW-ROBOT-WELD-01,224,2.667,59.16,35.0,False
VPW-ROBOT-WELD-01,225,2.562,59.18,26.65,False
VPW-ROBOT-WELD-01,226,2.599,60.73,31.81,False
VPW-ROBOT-WELD-01,227,2.65,60.84,40.42,False
VPW-ROBOT-WELD-01,228,2.718,60.91,27.05,False
VPW-ROBOT-WELD-01,229,2.609,59.77,26.01,False
VPW-ROBOT-WELD-01,230,2.799,59.31,38.45,False
VPW-ROBOT-WELD-01,231,2.636,59.89,41.1,False
VPW-ROBOT-WELD-01,232,2.703,60.57,38.06,False
VPW-ROBOT-WELD-01,233,2.793,59.26,34.53,False
VPW-ROBOT-WELD-01,234,2.812,60.27,17.22,False
VPW-ROBOT-WELD-01,235,2.794,58.09,27.04,False
VPW-ROBOT-WELD-01,236,2.878,59.97,40.04,False
VPW-ROBOT-WELD-01,237,2.808,59.39,33.37,False
VPW-ROBOT-WELD-01,238,2.986,58.82,37.56,False
VPW-ROBOT-WELD-01,239,2.716,59.82,39.39,False
VPW-ROBOT-WELD-01,240,2.87,57.67,28.4,False
VPW-ROBOT-WELD-01,241,2.838,60.1,19.78,False
VPW-ROBOT-WELD-01,242,3.014,58.61,20.23,False
VPW-ROBOT-WELD-01,243,2.852,57.97,29.34,False
VPW-ROBOT-WELD-01,244,2.933,58.66,21.59,False
VPW-ROBOT-WELD-01,245,2.742,59.25,20.31,False
VPW-ROBOT-WELD-01,246,2.869,57.62,38.03,False
VPW-ROBOT-WELD-01,247,3.006,59.46,24.48,False
VPW-ROBOT-WELD-01,248,2.779,60.35,23.81,False
VPW-ROBOT-WELD-01,249,2.978,59.63,26.23,False
VPW-ROBOT-WELD-01,250,2.917,56.25,41.11,False
VPW-ROBOT-WELD-01,251,2.658,58.19,37.94,False
VPW-ROBOT-WELD-01,252,2.663,58.33,21.27,False
VPW-ROBOT-WELD-01,253,2.807,59.24,33.71,False
VPW-ROBOT-WELD-01,254,2.771,59.15,42.26,False
VPW-ROBOT-WELD-01,255,2.676,57.89,40.37,False
VPW-ROBOT-WELD-01,256,2.83,58.61,27.08,False
VPW-ROBOT-WELD-01,257,2.902,58.2,27.61,False
VPW-ROBOT-WELD-01,258,2.856,58.78,44.38,False
VPW-ROBOT-WELD-01,259,2.666,58.63,43.41,False
VPW-ROBOT-WELD-01,260,2.778,56.86,29.74,False
VPW-ROBOT-WELD-01,261,2.741,58.46,36.65,False
VPW-ROBOT-WELD-01,262,2.833,59.61,27.24,False
VPW-ROBOT-WELD-01,263,2.683,57.79,18.02,False
VPW-ROBOT-WELD-01,264,2.55,59.18,38.91,False
VPW-ROBOT-WELD-01,265,2.63,58.17,26.77,False
VPW-ROBOT-WELD-01,266,2.582,58.03,42.18,False
VPW-ROBOT-WELD-01,267,2.551,58.58,38.81,False
VPW-ROBOT-WELD-01,268,2.469,58.07,29.55,False
VPW-ROBOT-WELD-01,269,2.618,58.51,34.19,False
VPW-ROBOT-WELD-01,270,2.53,59.15,34.28,False
VPW-ROBOT-WELD-01,271,2.671,59.15,24.67,False
VPW-ROBOT-WELD-01,272,2.582,58.39,41.73,False
VPW-ROBOT-WELD-01,273,2.508,58.83,42.07,False
VPW-ROBOT-WELD-01,274,2.606,59.89,24.84,False
VPW-ROBOT-WELD-01,275,2.576,58.24,36.64,False
VPW-ROBOT-WELD-01,276,2.448,58.64,40.29,False
VPW-ROBOT-WELD-01,277,2.33,59.56,31.86,False
VPW-ROBOT-WELD-01,278,2.456,59.48,42.42,False
VPW-ROBOT-WELD-01,279,2.502,58.78,19.03,False
VPW-ROBOT-WELD-01,280,2.336,60.36,43.94,False
VPW-ROBOT-WELD-01,281,2.446,59.3,31.47,False
VPW-ROBOT-WELD-01,282,2.328,60.01,20.96,False
VPW-ROBOT-WELD-01,283,2.418,59.34,33.12,False
VPW-ROBOT-WELD-01,284,2.521,59.98,40.67,False
VPW-ROBOT-WELD-01,285,2.557,59.3,38.78,False
VPW-ROBOT-WELD-01,286,2.596,59.96,38.51,False
VPW-ROBOT-WELD-01,287,2.501,59.93,31.99,False
VPW-ROBOT-WELD-01,288,2.384,59.62,19.36,False
VPW-ROBOT-WELD-01,289,2.601,58.89,25.26,False
VPW-ROBOT-WELD-01,290,2.546,59.35,30.84,False
VPW-ROBOT-WELD-01,291,2.602,60.22,23.62,False
VPW-ROBOT-WELD-01,292,2.765,60.63,31.65,False
VPW-ROBOT-WELD-01,293,2.472,61.27,38.27,False
VPW-ROBOT-WELD-01,294,2.447,59.56,34.46,False
VPW-ROBOT-WELD-01,295,2.608,60.18,21.36,False
VPW-ROBOT-WELD-01,296,2.555,59.0,43.67,False
VPW-ROBOT-WELD-01,297,2.638,60.35,31.29,False
VPW-ROBOT-WELD-01,298,2.582,60.87,37.4,False
VPW-ROBOT-WELD-01,299,2.678,60.26,37.21,False
VPW-ROBOT-WELD-01,300,2.528,59.94,36.9,False
VPW-ROBOT-WELD-01,301,2.714,61.02,27.69,False
VPW-ROBOT-WELD-01,302,2.686,60.76,23.56,False
VPW-ROBOT-WELD-01,303,2.679,60.68,37.43,False
VPW-ROBOT-WELD-01,304,2.914,60.65,21.52,False
VPW-ROBOT-WELD-01,305,2.849,60.63,20.94,False
VPW-ROBOT-WELD-01,306,2.835,61.11,38.51,False
VPW-ROBOT-WELD-01,307,2.606,61.03,26.96,False
VPW-ROBOT-WELD-01,308,2.801,61.0,27.35,False
VPW-ROBOT-WELD-01,309,2.853,61.57,30.46,False
VPW-ROBOT-WELD-01,310,2.697,60.83,42.19,False
VPW-ROBOT-WELD-01,311,2.714,60.7,17.71,False
VPW-ROBOT-WELD-01,312,2.804,61.07,24.91,False
VPW-ROBOT-WELD-01,313,2.94,58.49,24.74,False
VPW-ROBOT-WELD-01,314,2.863,61.07,37.17,False
VPW-ROBOT-WELD-01,315,2.964,61.02,33.02,False
VPW-ROBOT-WELD-01,316,2.995,60.69,22.12,False
VPW-ROBOT-WELD-01,317,2.81,62.7,39.3,False
VPW-ROBOT-WELD-01,318,2.912,60.68,33.71,False
VPW-ROBOT-WELD-01,319,2.955,61.82,36.79,False
VPW-ROBOT-WELD-01,320,2.977,62.29,25.47,False
VPW-ROBOT-WELD-01,321,2.895,63.2,35.03,False
VPW-ROBOT-WELD-01,322,2.831,61.73,29.71,False
VPW-ROBOT-WELD-01,323,2.909,62.35,20.62,False
VPW-ROBOT-WELD-01,324,2.836,61.9,39.18,False
VPW-ROBOT-WELD-01,325,2.874,61.57,26.58,False
VPW-ROBOT-WELD-01,326,2.818,61.86,23.77,False
VPW-ROBOT-WELD-01,327,2.866,60.76,18.9,False
VPW-ROBOT-WELD-01,328,2.761,62.06,27.21,False
VPW-ROBOT-WELD-01,329,2.897,62.11,18.59,False
VPW-ROBOT-WELD-01,330,2.765,62.63,44.75,False
VPW-ROBOT-WELD-01,331,2.8,63.04,39.42,False
VPW-ROBOT-WELD-01,332,2.873,62.8,46.26,False
VPW-ROBOT-WELD-01,333,2.74,61.17,33.28,False
VPW-ROBOT-WELD-01,334,2.942,62.54,31.26,False
VPW-ROBOT-WELD-01,335,2.814,62.67,45.05,False
VPW-ROBOT-WELD-01,336,2.782,61.7,44.83,False
VPW-ROBOT-WELD-01,337,2.77,61.99,27.98,False
VPW-ROBOT-WELD-01,338,2.772,60.52,35.01,False
VPW-ROBOT-WELD-01,339,2.724,61.96,22.33,False
VPW-ROBOT-WELD-01,340,2.707,61.48,35.11,False
VPW-ROBOT-WELD-01,341,2.757,62.26,24.93,False
VPW-ROBOT-WELD-01,342,2.635,61.62,32.95,False
VPW-ROBOT-WELD-01,343,2.497,63.13,42.81,False
VPW-ROBOT-WELD-01,344,2.504,63.09,18.44,False
VPW-ROBOT-WELD-01,345,2.622,62.43,38.01,False
VPW-ROBOT-WELD-01,346,2.499,61.7,16.48,False
VPW-ROBOT-WELD-01,347,2.419,61.84,36.37,False
VPW-ROBOT-WELD-01,348,2.73,61.28,25.83,False
VPW-ROBOT-WELD-01,349,2.531,62.87,28.89,False
VPW-ROBOT-WELD-01,350,2.357,60.83,34.77,False
VPW-ROBOT-WELD-01,351,2.552,60.46,42.72,False
VPW-ROBOT-WELD-01,352,2.427,61.44,25.49,False
VPW-ROBOT-WELD-01,353,2.591,61.38,31.12,False
VPW-ROBOT-WELD-01,354,2.477,60.15,34.23,False
VPW-ROBOT-WELD-01,355,2.36,60.87,40.85,False
VPW-ROBOT-WELD-01,356,2.482,62.22,24.22,False
VPW-ROBOT-WELD-01,357,2.411,61.3,44.58,False
VPW-ROBOT-WELD-01,358,2.394,60.87,27.5,False
VPW-ROBOT-WELD-01,359,2.501,61.2,40.61,False
VPW-ROBOT-WELD-01,360,2.554,61.01,33.66,False
VPW-ROBOT-WELD-01,361,2.371,60.61,33.22,False
VPW-ROBOT-WELD-01,362,2.426,60.24,43.43,False
VPW-ROBOT-WELD-01,363,2.544,61.78,45.28,False
VPW-ROBOT-WELD-01,364,2.556,61.93,30.19,False
VPW-ROBOT-WELD-01,365,2.633,62.15,21.92,False
VPW-ROBOT-WELD-01,366,2.378,60.9,22.98,False
VPW-ROBOT-WELD-01,367,2.475,60.72,20.47,False
VPW-ROBOT-WELD-01,368,2.642,61.68,32.2,False
VPW-ROBOT-WELD-01,369,2.56,61.36,33.05,False
VPW-ROBOT-WELD-01,370,2.659,60.62,22.25,False
VPW-ROBOT-WELD-01,371,2.598,60.31,24.35,False
VPW-ROBOT-WELD-01,372,2.746,61.17,22.7,False
VPW-ROBOT-WELD-01,373,2.662,59.66,34.94,False
VPW-ROBOT-WELD-01,374,2.511,59.87,40.58,False
VPW-ROBOT-WELD-01,375,2.726,61.76,40.95,False
VPW-ROBOT-WELD-01,376,2.828,60.25,34.51,False
VPW-ROBOT-WELD-01,377,2.556,60.53,44.6,False
VPW-ROBOT-WELD-01,378,2.481,60.95,44.62,False
VPW-ROBOT-WELD-01,379,2.725,59.09,42.74,False
VPW-ROBOT-WELD-01,380,2.969,60.31,31.59,False
VPW-ROBOT-WELD-01,381,2.795,58.81,18.24,False
VPW-ROBOT-WELD-01,382,2.705,59.8,34.5,False
VPW-ROBOT-WELD-01,383,2.936,60.15,31.9,False
VPW-ROBOT-WELD-01,384,2.793,59.64,32.11,False
VPW-ROBOT-WELD-01,385,2.83,60.39,37.46,False
VPW-ROBOT-WELD-01,386,2.791,60.88,23.46,False
VPW-ROBOT-WELD-01,387,2.848,59.85,36.93,False
VPW-ROBOT-WELD-01,388,2.815,60.69,37.87,False
VPW-ROBOT-WELD-01,389,3.067,60.94,19.39,False
VPW-ROBOT-WELD-01,390,2.856,59.11,39.61,False
VPW-ROBOT-WELD-01,391,2.81,59.68,27.84,False
VPW-ROBOT-WELD-01,392,2.831,59.84,39.19,False
VPW-ROBOT-WELD-01,393,2.971,58.98,39.72,False
VPW-ROBOT-WELD-01,394,2.965,59.16,22.37,False
VPW-ROBOT-WELD-01,395,2.974,59.13,36.64,False
VPW-ROBOT-WELD-01,396,2.988,58.48,25.16,False
VPW-ROBOT-WELD-01,397,2.894,58.16,30.25,False
VPW-ROBOT-WELD-01,398,2.994,58.84,43.46,False
VPW-ROBOT-WELD-01,399,2.945,57.68,30.8,False
VPW-ROBOT-WELD-01,400,3.059,57.46,32.75,False
VPW-ROBOT-WELD-01,401,2.832,58.62,39.97,False
VPW-ROBOT-WELD-01,402,2.893,58.38,30.47,False
VPW-ROBOT-WELD-01,403,2.993,57.77,42.86,False
VPW-ROBOT-WELD-01,404,2.887,59.8,23.33,False
VPW-ROBOT-WELD-01,405,2.744,60.38,22.46,False
VPW-ROBOT-WELD-01,406,3.053,57.95,31.69,False
VPW-ROBOT-WELD-01,407,2.768,59.22,41.83,False
VPW-ROBOT-WELD-01,408,2.709,58.98,40.5,False
VPW-ROBOT-WELD-01,409,2.929,58.24,33.65,False
VPW-ROBOT-WELD-01,410,2.776,58.58,38.93,False
VPW-ROBOT-WELD-01,411,2.758,58.71,45.0,False
VPW-ROBOT-WELD-01,412,2.742,59.14,20.07,False
VPW-ROBOT-WELD-01,413,2.882,58.11,34.14,False
VPW-ROBOT-WELD-01,414,2.732,59.61,26.03,False
VPW-ROBOT-WELD-01,415,2.623,58.99,36.68,False
VPW-ROBOT-WELD-01,416,2.768,57.86,23.54,False
VPW-ROBOT-WELD-01,417,2.737,57.72,44.35,False
VPW-ROBOT-WELD-01,418,2.736,60.2,32.27,False
VPW-ROBOT-WELD-01,419,2.668,58.87,33.63,False
VPW-ROBOT-WELD-01,420,2.473,60.3,44.49,False
VPW-ROBOT-WELD-01,421,2.413,59.07,41.68,False
VPW-ROBOT-WELD-01,422,2.635,59.92,43.06,False
VPW-ROBOT-WELD-01,423,2.528,60.61,36.51,False
VPW-ROBOT-WELD-01,424,2.571,59.13,24.42,False
VPW-ROBOT-WELD-01,425,2.669,58.06,40.83,False
VPW-ROBOT-WELD-01,426,2.602,59.12,40.58,False
VPW-ROBOT-WELD-01,427,2.604,59.31,21.79,False
VPW-ROBOT-WELD-01,428,2.414,58.14,30.22,False
VPW-ROBOT-WELD-01,429,2.554,58.61,26.12,False
VPW-ROBOT-WELD-01,430,2.521,59.97,43.62,False
VPW-ROBOT-WELD-01,431,2.519,59.43,25.86,False
VPW-ROBOT-WELD-01,432,2.599,59.25,44.39,False
VPW-ROBOT-WELD-01,433,2.459,58.35,43.02,False
VPW-ROBOT-WELD-01,434,2.389,60.2,27.75,False
VPW-ROBOT-WELD-01,435,2.442,60.12,36.98,False
VPW-ROBOT-WELD-01,436,2.643,59.75,33.35,False
VPW-ROBOT-WELD-01,437,2.531,58.71,43.13,False
VPW-ROBOT-WELD-01,438,2.483,60.73,43.05,False
VPW-ROBOT-WELD-01,439,2.587,58.7,32.02,False
VPW-ROBOT-WELD-01,440,2.478,60.21,41.91,False
VPW-ROBOT-WELD-01,441,2.564,59.8,35.41,False
VPW-ROBOT-WELD-01,442,2.456,59.32,33.57,False
VPW-ROBOT-WELD-01,443,2.528,61.09,46.52,False
VPW-ROBOT-WELD-01,444,2.588,62.08,41.34,False
VPW-ROBOT-WELD-01,445,2.696,61.72,28.57,False
VPW-ROBOT-WELD-01,446,2.57,61.06,22.04,False
VPW-ROBOT-WELD-01,447,2.57,59.23,31.8,False
VPW-ROBOT-WELD-01,448,2.849,59.93,22.1,False
VPW-ROBOT-WELD-01,449,2.645,59.93,39.46,False
VPW-ROBOT-WELD-01,450,2.851,60.64,22.57,False
VPW-ROBOT-WELD-01,451,2.859,59.98,19.13,False
VPW-ROBOT-WELD-01,452,2.716,62.01,31.01,False
VPW-ROBOT-WELD-01,453,2.711,60.27,34.6,False
VPW-ROBOT-WELD-01,454,2.922,61.05,19.1,False
VPW-ROBOT-WELD-01,455,2.66,61.38,43.35,False
VPW-ROBOT-WELD-01,456,2.613,62.11,21.22,False
VPW-ROBOT-WELD-01,457,2.746,60.65,29.31,False
VPW-ROBOT-WELD-01,458,2.705,60.68,31.07,False
VPW-ROBOT-WELD-01,459,2.858,61.13,30.9,False
VPW-ROBOT-WELD-01,460,2.922,61.96,36.65,False
VPW-ROBOT-WELD-01,461,2.817,61.56,38.07,False
VPW-ROBOT-WELD-01,462,2.886,60.72,24.59,False
VPW-ROBOT-WELD-01,463,2.978,61.34,38.33,False
VPW-ROBOT-WELD-01,464,3.034,59.97,23.96,False
VPW-ROBOT-WELD-01,465,2.942,60.98,34.53,False
VPW-ROBOT-WELD-01,466,2.84,61.47,22.79,False
VPW-ROBOT-WELD-01,467,3.009,62.0,39.97,False
VPW-ROBOT-WELD-01,468,2.938,62.42,19.72,False
VPW-ROBOT-WELD-01,469,3.16,61.91,27.87,False
VPW-ROBOT-WELD-01,470,2.901,61.78,32.93,False
VPW-ROBOT-WELD-01,471,2.88,60.41,26.42,False
VPW-ROBOT-WELD-01,472,3.042,63.1,40.47,False
VPW-ROBOT-WELD-01,473,2.897,60.53,44.45,False
VPW-ROBOT-WELD-01,474,3.041,62.7,43.17,False
VPW-ROBOT-WELD-01,475,2.911,61.59,31.34,False
VPW-ROBOT-WELD-01,476,2.92,62.12,21.91,False
VPW-ROBOT-WELD-01,477,2.935,62.21,35.04,False
VPW-ROBOT-WELD-01,478,2.968,62.05,36.31,False
VPW-ROBOT-WELD-01,479,2.81,61.42,30.09,False
VPW-ROBOT-WELD-01,480,2.805,62.25,30.63,False
VPW-ROBOT-WELD-01,481,2.898,61.66,28.98,False
VPW-ROBOT-WELD-01,482,2.997,62.41,38.16,False
VPW-ROBOT-WELD-01,483,2.765,61.81,21.39,False
VPW-ROBOT-WELD-01,484,2.937,63.49,33.37,False
VPW-ROBOT-WELD-01,485,2.82,61.88,23.22,False
VPW-ROBOT-WELD-01,486,2.839,62.47,44.78,False
VPW-ROBOT-WELD-01,487,2.855,62.63,34.61,False
VPW-ROBOT-WELD-01,488,2.941,61.01,29.42,False
VPW-ROBOT-WELD-01,489,2.698,61.89,20.24,False
VPW-ROBOT-WELD-01,490,2.657,62.6,32.26,False
VPW-ROBOT-WELD-01,491,2.585,62.76,34.14,False
VPW-ROBOT-WELD-01,492,2.711,61.83,39.89,False
VPW-ROBOT-WELD-01,493,2.758,62.11,17.84,False
VPW-ROBOT-WELD-01,494,2.725,62.91,44.53,False
VPW-ROBOT-WELD-01,495,2.854,63.63,40.49,False
VPW-ROBOT-WELD-01,496,2.583,62.58,32.51,False
VPW-ROBOT-WELD-01,497,2.676,61.72,40.01,False
VPW-ROBOT-WELD-01,498,2.665,61.71,23.75,False
VPW-ROBOT-WELD-01,499,2.559,62.04,20.8,False
VPW-ROBOT-WELD-01,500,2.474,62.44,21.57,False
VPW-ROBOT-WELD-01,501,2.506,62.58,41.16,False
VPW-ROBOT-WELD-01,502,2.52,62.02,44.85,False
VPW-ROBOT-WELD-01,503,2.531,60.88,42.44,False
VPW-ROBOT-WELD-01,504,2.65,61.7,33.18,False
VPW-ROBOT-WELD-01,505,2.608,61.73,33.92,False
VPW-ROBOT-WELD-01,506,2.345,62.05,26.4,False
VPW-ROBOT-WELD-01,507,2.54,62.45,42.41,False
VPW-ROBOT-WELD-01,508,2.475,61.46,43.14,False
VPW-ROBOT-WELD-01,509,2.588,61.65,18.36,False
VPW-ROBOT-WELD-01,510,2.63,62.59,31.32,False
VPW-ROBOT-WELD-01,511,2.332,61.95,34.95,False
VPW-ROBOT-WELD-01,512,2.645,61.01,37.85,False
VPW-ROBOT-WELD-01,513,2.551,61.04,45.65,False
VPW-ROBOT-WELD-01,514,2.68,60.92,25.04,False
VPW-ROBOT-WELD-01,515,2.579,62.05,40.47,False
VPW-ROBOT-WELD-01,516,2.595,62.49,36.38,False
VPW-ROBOT-WELD-01,517,2.417,61.67,34.27,False
VPW-ROBOT-WELD-01,518,2.647,62.4,20.77,False
VPW-ROBOT-WELD-01,519,2.519,61.02,28.87,False
VPW-ROBOT-WELD-01,520,2.66,60.75,34.51,False
VPW-ROBOT-WELD-01,521,2.668,61.03,32.23,False
VPW-ROBOT-WELD-01,522,2.676,61.82,30.64,False
VPW-ROBOT-WELD-01,523,2.492,61.05,33.33,False
VPW-ROBOT-WELD-01,524,2.681,61.74,18.83,False
VPW-ROBOT-WELD-01,525,2.763,60.09,27.66,False
VPW-ROBOT-WELD-01,526,2.818,59.53,36.63,False
VPW-ROBOT-WELD-01,527,2.665,60.94,43.54,False
VPW-ROBOT-WELD-01,528,2.75,61.67,22.03,False
VPW-ROBOT-WELD-01,529,2.867,60.83,37.8,False
VPW-ROBOT-WELD-01,530,2.819,60.13,31.88,False
VPW-ROBOT-WELD-01,531,2.839,61.11,42.82,False
VPW-ROBOT-WELD-01,532,2.979,61.13,33.61,False
VPW-ROBOT-WELD-01,533,2.817,60.11,38.98,False
VPW-ROBOT-WELD-01,534,2.884,61.41,38.52,False
VPW-ROBOT-WELD-01,535,2.918,62.04,21.19,False
VPW-ROBOT-WELD-01,536,3.014,60.72,19.18,False
VPW-ROBOT-WELD-01,537,2.884,61.29,32.63,False
VPW-ROBOT-WELD-01,538,2.935,61.53,35.91,False
VPW-ROBOT-WELD-01,539,2.89,60.65,43.23,False
VPW-ROBOT-WELD-01,540,2.948,60.0,28.15,False
VPW-ROBOT-WELD-01,541,3.011,60.31,38.05,False
VPW-ROBOT-WELD-01,542,2.993,58.71,17.88,False
VPW-ROBOT-WELD-01,543,2.927,59.15,28.66,False
VPW-ROBOT-WELD-01,544,3.02,59.33,40.4,False
VPW-ROBOT-WELD-01,545,2.923,59.73,18.9,False
VPW-ROBOT-WELD-01,546,2.915,60.58,38.39,False
VPW-ROBOT-WELD-01,547,2.962,60.16,40.4,False
VPW-ROBOT-WELD-01,548,2.869,60.23,43.65,False
VPW-ROBOT-WELD-01,549,2.946,59.13,31.56,False
VPW-ROBOT-WELD-01,550,2.913,58.95,22.55,False
VPW-ROBOT-WELD-01,551,2.809,59.85,19.97,False
VPW-ROBOT-WELD-01,552,2.875,58.73,21.73,False
VPW-ROBOT-WELD-01,553,2.793,59.74,29.79,False
VPW-ROBOT-WELD-01,554,2.687,60.02,28.02,False
VPW-ROBOT-WELD-01,555,2.929,58.59,44.38,False
VPW-ROBOT-WELD-01,556,2.904,58.87,43.82,False
VPW-ROBOT-WELD-01,557,2.77,58.57,18.56,False
VPW-ROBOT-WELD-01,558,2.955,58.67,28.19,False
VPW-ROBOT-WELD-01,559,2.814,59.04,40.31,False
VPW-ROBOT-WELD-01,560,2.771,59.07,26.21,False
VPW-ROBOT-WELD-01,561,2.791,59.78,46.07,False
VPW-ROBOT-WELD-01,562,2.688,59.79,21.42,False
VPW-ROBOT-WELD-01,563,2.673,59.77,26.48,False
VPW-ROBOT-WELD-01,564,2.74,59.99,18.16,False
VPW-ROBOT-WELD-01,565,2.614,58.72,31.35,False
VPW-ROBOT-WELD-01,566,2.753,59.74,22.19,False
VPW-ROBOT-WELD-01,567,2.802,59.6,38.49,False
VPW-ROBOT-WELD-01,568,2.662,58.73,21.75,False
VPW-ROBOT-WELD-01,569,2.85,58.28,41.76,False
VPW-ROBOT-WELD-01,570,2.824,58.97,43.83,False
VPW-ROBOT-WELD-01,571,2.679,60.69,30.45,False
VPW-ROBOT-WELD-01,572,2.578,59.21,32.02,False
VPW-ROBOT-WELD-01,573,2.512,59.81,33.0,False
VPW-ROBOT-WELD-01,574,2.544,59.1,24.51,False
VPW-ROBOT-WELD-01,575,2.501,60.21,31.55,False
VPW-ROBOT-WELD-01,576,2.563,59.52,22.92,False
VPW-ROBOT-WELD-01,577,2.544,57.95,20.09,False
VPW-ROBOT-WELD-01,578,2.522,59.51,43.4,False
VPW-ROBOT-WELD-01,579,2.688,59.35,25.17,False
VPW-ROBOT-WELD-01,580,2.265,58.99,34.49,False
VPW-ROBOT-WELD-01,581,2.645,59.23,42.6,False
VPW-ROBOT-WELD-01,582,2.488,59.25,33.4,False
VPW-ROBOT-WELD-01,583,2.547,59.48,35.63,False
VPW-ROBOT-WELD-01,584,2.56,59.13,20.37,False
VPW-ROBOT-WELD-01,585,2.617,60.55,20.0,False
VPW-ROBOT-WELD-01,586,2.606,59.64,36.16,False
VPW-ROBOT-WELD-01,587,2.68,60.28,34.01,False
VPW-ROBOT-WELD-01,588,2.554,59.25,20.98,False
VPW-ROBOT-WELD-01,589,2.626,59.59,45.12,False
VPW-ROBOT-WELD-01,590,2.68,60.22,30.53,False
VPW-ROBOT-WELD-01,591,2.513,60.5,23.19,False
VPW-ROBOT-WELD-01,592,2.513,60.46,32.34,False
VPW-ROBOT-WELD-01,593,2.657,60.08,29.24,False
VPW-ROBOT-WELD-01,594,2.519,60.17,24.69,False
VPW-ROBOT-WELD-01,595,2.601,59.81,37.9,False
VPW-ROBOT-WELD-01,596,2.686,60.47,26.73,False
VPW-ROBOT-WELD-01,597,2.612,59.91,42.5,False
VPW-ROBOT-WELD-01,598,2.851,60.34,46.19,False
VPW-ROBOT-WELD-01,599,2.718,61.42,43.25,False
VPW-ROBOT-WELD-01,600,2.805,59.68,18.31,False
VPW-ROBOT-WELD-01,601,2.712,60.98,32.1,False
VPW-ROBOT-WELD-01,602,2.744,60.67,33.82,False
VPW-ROBOT-WELD-01,603,2.839,61.41,45.64,False
VPW-ROBOT-WELD-01,604,2.707,60.53,26.7,False
VPW-ROBOT-WELD-01,605,2.78,61.53,38.66,False
VPW-ROBOT-WELD-01,606,2.936,61.55,19.57,False
VPW-ROBOT-WELD-01,607,2.816,62.57,40.64,False
VPW-ROBOT-WELD-01,608,2.893,62.67,34.84,False
VPW-ROBOT-WELD-01,609,2.787,62.2,41.06,False
VPW-ROBOT-WELD-01,610,2.934,61.29,45.33,False
VPW-ROBOT-WELD-01,611,2.994,62.17,22.83,False
VPW-ROBOT-WELD-01,612,2.966,61.24,42.03,False
VPW-ROBOT-WELD-01,613,2.859,62.58,31.14,False
VPW-ROBOT-WELD-01,614,3.037,61.02,39.05,False
VPW-ROBOT-WELD-01,615,2.979,60.36,34.83,False
VPW-ROBOT-WELD-01,616,3.005,61.36,21.83,False
VPW-ROBOT-WELD-01,617,2.936,62.09,22.51,False
VPW-ROBOT-WELD-01,618,3.077,61.06,19.05,False
VPW-ROBOT-WELD-01,619,3.181,62.19,29.02,False
VPW-ROBOT-WELD-01,620,3.053,60.85,21.61,False
VPW-ROBOT-WELD-01,621,3.13,60.82,35.29,False
VPW-ROBOT-WELD-01,622,3.015,63.15,27.97,False
VPW-ROBOT-WELD-01,623,2.986,61.23,20.08,False
VPW-ROBOT-WELD-01,624,3.156,62.1,29.13,False
VPW-ROBOT-WELD-01,625,3.047,60.95,27.66,False
VPW-ROBOT-WELD-01,626,3.005,62.4,40.35,False
VPW-ROBOT-WELD-01,627,2.866,61.85,36.88,False
VPW-ROBOT-WELD-01,628,2.886,61.53,35.29,False
VPW-ROBOT-WELD-01,629,2.981,62.51,45.45,False
VPW-ROBOT-WELD-01,630,3.073,62.54,21.23,False
VPW-ROBOT-WELD-01,631,3.18,62.59,21.12,False
VPW-ROBOT-WELD-01,632,2.894,60.76,19.17,False
VPW-ROBOT-WELD-01,633,3.087,63.24,18.96,False
VPW-ROBOT-WELD-01,634,2.861,64.16,40.24,False
VPW-ROBOT-WELD-01,635,2.862,63.39,33.61,False
VPW-ROBOT-WELD-01,636,2.814,62.1,32.34,False
VPW-ROBOT-WELD-01,637,2.936,61.27,20.98,False
VPW-ROBOT-WELD-01,638,2.914,60.82,22.69,False
VPW-ROBOT-WELD-01,639,2.811,62.73,26.46,False
VPW-ROBOT-WELD-01,640,2.863,63.76,27.59,False
VPW-ROBOT-WELD-01,641,2.704,62.44,29.22,False
VPW-ROBOT-WELD-01,642,2.663,61.83,42.26,False
VPW-ROBOT-WELD-01,643,2.618,63.0,34.77,False
VPW-ROBOT-WELD-01,644,2.775,62.85,45.27,False
VPW-ROBOT-WELD-01,645,2.677,62.57,35.64,False
VPW-ROBOT-WELD-01,646,2.756,63.4,41.32,False
VPW-ROBOT-WELD-01,647,2.539,62.56,33.84,False
VPW-ROBOT-WELD-01,648,2.599,62.74,37.02,False
VPW-ROBOT-WELD-01,649,2.569,63.7,32.94,False
VPW-ROBOT-WELD-01,650,2.725,62.48,36.73,False
VPW-ROBOT-WELD-01,651,2.739,62.31,36.93,False
VPW-ROBOT-WELD-01,652,2.679,62.58,34.11,False
VPW-ROBOT-WELD-01,653,2.532,62.79,38.17,False
VPW-ROBOT-WELD-01,654,2.604,62.52,20.54,False
VPW-ROBOT-WELD-01,655,2.615,63.51,28.61,False
VPW-ROBOT-WELD-01,656,2.61,63.21,25.42,False
VPW-ROBOT-WELD-01,657,2.481,61.93,34.45,False
VPW-ROBOT-WELD-01,658,2.581,62.37,20.12,False
VPW-ROBOT-WELD-01,659,2.644,62.87,38.09,False
VPW-ROBOT-WELD-01,660,2.654,63.26,45.91,False
VPW-ROBOT-WELD-01,661,2.574,61.91,45.95,False
VPW-ROBOT-WELD-01,662,2.575,60.49,42.53,False
VPW-ROBOT-WELD-01,663,2.369,61.22,44.58,False
VPW-ROBOT-WELD-01,664,2.588,62.95,23.67,False
VPW-ROBOT-WELD-01,665,2.605,63.7,30.41,False
VPW-ROBOT-WELD-01,666,2.437,61.95,30.23,False
VPW-ROBOT-WELD-01,667,2.629,62.74,37.41,False
VPW-ROBOT-WELD-01,668,2.632,62.21,33.41,False
VPW-ROBOT-WELD-01,669,2.506,62.49,21.15,False
VPW-ROBOT-WELD-01,670,2.559,62.31,41.95,False
VPW-ROBOT-WELD-01,671,2.615,60.5,27.88,False
VPW-ROBOT-WELD-01,672,2.628,61.34,38.87,False
VPW-ROBOT-WELD-01,673,2.802,60.9,35.48,False
VPW-ROBOT-WELD-01,674,2.685,61.58,45.2,False
VPW-ROBOT-WELD-01,675,2.691,61.89,37.85,False
VPW-ROBOT-WELD-01,676,2.754,61.66,24.15,False
VPW-ROBOT-WELD-01,677,2.76,60.54,42.89,False
VPW-ROBOT-WELD-01,678,2.732,61.05,36.59,False
VPW-ROBOT-WELD-01,679,2.778,62.8,30.96,False
VPW-ROBOT-WELD-01,680,2.856,60.88,40.06,False
VPW-ROBOT-WELD-01,681,2.898,61.9,37.6,False
VPW-ROBOT-WELD-01,682,3.173,60.64,25.14,False
VPW-ROBOT-WELD-01,683,2.976,59.93,33.51,False
VPW-ROBOT-WELD-01,684,2.868,60.89,30.96,False
VPW-ROBOT-WELD-01,685,3.067,60.66,24.7,False
VPW-ROBOT-WELD-01,686,2.698,60.93,32.42,False
VPW-ROBOT-WELD-01,687,2.941,58.63,37.13,False
VPW-ROBOT-WELD-01,688,2.975,60.59,44.97,False
VPW-ROBOT-WELD-01,689,3.028,61.31,29.5,False
VPW-ROBOT-WELD-01,690,2.761,60.63,35.73,False
VPW-ROBOT-WELD-01,691,2.989,61.3,44.44,False
VPW-ROBOT-WELD-01,692,3.151,62.65,44.62,False
VPW-ROBOT-WELD-01,693,3.09,60.09,43.39,False
VPW-ROBOT-WELD-01,694,3.054,59.56,39.82,False
VPW-ROBOT-WELD-01,695,2.946,59.7,37.79,False
VPW-ROBOT-WELD-01,696,3.123,58.78,43.85,False
VPW-ROBOT-WELD-01,697,3.137,60.18,41.95,False
VPW-ROBOT-WELD-01,698,3.082,61.04,27.46,False
VPW-ROBOT-WELD-01,699,3.097,60.3,29.0,False
VPW-ROBOT-WELD-01,700,3.097,61.38,22.28,False
VPW-ROBOT-WELD-01,701,3.068,61.08,23.43,False
VPW-ROBOT-WELD-01,702,3.161,60.64,36.86,False
VPW-ROBOT-WELD-01,703,2.989,59.0,28.07,False
VPW-ROBOT-WELD-01,704,3.016,60.16,43.51,False
VPW-ROBOT-WELD-01,705,2.931,59.64,22.69,False
VPW-ROBOT-WELD-01,706,2.983,59.21,39.18,False
VPW-ROBOT-WELD-01,707,2.976,58.69,38.7,False
VPW-ROBOT-WELD-01,708,2.85,57.45,23.27,False
VPW-ROBOT-WELD-01,709,2.893,59.36,40.51,False
VPW-ROBOT-WELD-01,710,2.996,61.37,21.04,False
VPW-ROBOT-WELD-01,711,2.843,60.22,42.68,False
VPW-ROBOT-WELD-01,712,2.954,58.79,25.7,False
VPW-ROBOT-WELD-01,713,2.917,60.45,24.2,False
VPW-ROBOT-WELD-01,714,2.745,58.66,17.82,False
VPW-ROBOT-WELD-01,715,2.742,59.49,34.3,False
VPW-ROBOT-WELD-01,716,2.795,59.81,43.29,False
VPW-ROBOT-WELD-01,717,2.67,59.54,35.41,False
VPW-ROBOT-WELD-01,718,2.88,59.44,33.62,False
VPW-ROBOT-WELD-01,719,2.794,58.22,23.33,False
VPW-ROBOT-WELD-02,0,1.412,41.5,30.45,False
VPW-ROBOT-WELD-02,1,1.717,42.28,28.09,False
VPW-ROBOT-WELD-02,2,1.533,42.91,43.87,False
VPW-ROBOT-WELD-02,3,1.517,41.9,41.18,False
VPW-ROBOT-WELD-02,4,1.676,42.91,31.72,False
VPW-ROBOT-WELD-02,5,1.707,43.27,28.84,False
VPW-ROBOT-WELD-02,6,1.597,43.56,46.38,False
VPW-ROBOT-WELD-02,7,1.824,43.91,26.08,False
VPW-ROBOT-WELD-02,8,1.697,44.11,30.36,False
VPW-ROBOT-WELD-02,9,1.782,43.32,42.47,False
VPW-ROBOT-WELD-02,10,1.85,43.19,23.97,False
VPW-ROBOT-WELD-02,11,1.911,43.73,37.71,False
VPW-ROBOT-WELD-02,12,1.836,43.84,43.95,False
VPW-ROBOT-WELD-02,13,1.903,42.99,21.24,False
VPW-ROBOT-WELD-02,14,1.831,43.91,22.66,False
VPW-ROBOT-WELD-02,15,1.808,42.45,34.82,False
VPW-ROBOT-WELD-02,16,1.763,43.73,34.96,False
VPW-ROBOT-WELD-02,17,1.764,44.99,40.89,False
VPW-ROBOT-WELD-02,18,1.884,43.29,32.52,False
VPW-ROBOT-WELD-02,19,1.865,44.54,32.71,False
VPW-ROBOT-WELD-02,20,1.821,44.68,44.72,False
VPW-ROBOT-WELD-02,21,1.734,43.36,44.77,False
VPW-ROBOT-WELD-02,22,1.753,44.49,38.59,False
VPW-ROBOT-WELD-02,23,1.765,42.94,18.63,False
VPW-ROBOT-WELD-02,24,1.856,44.43,29.99,False
VPW-ROBOT-WELD-02,25,1.732,43.95,37.22,False
VPW-ROBOT-WELD-02,26,1.733,45.91,36.49,False
VPW-ROBOT-WELD-02,27,1.778,42.41,21.31,False
VPW-ROBOT-WELD-02,28,1.756,44.69,39.08,False
VPW-ROBOT-WELD-02,29,1.554,44.67,37.98,False
VPW-ROBOT-WELD-02,30,1.712,44.17,39.42,False
VPW-ROBOT-WELD-02,31,1.746,44.52,18.71,False
VPW-ROBOT-WELD-02,32,1.6,43.43,28.43,False
VPW-ROBOT-WELD-02,33,1.529,44.66,37.15,False
VPW-ROBOT-WELD-02,34,1.613,42.87,42.61,False
VPW-ROBOT-WELD-02,35,1.621,45.22,21.23,False
VPW-ROBOT-WELD-02,36,1.681,45.13,37.51,False
VPW-ROBOT-WELD-02,37,1.611,45.92,42.38,False
VPW-ROBOT-WELD-02,38,1.586,44.84,40.26,False
VPW-ROBOT-WELD-02,39,1.562,43.55,42.95,False
VPW-ROBOT-WELD-02,40,1.383,43.38,30.69,False
VPW-ROBOT-WELD-02,41,1.506,42.69,27.05,False
VPW-ROBOT-WELD-02,42,1.639,42.84,29.72,False
VPW-ROBOT-WELD-02,43,1.604,43.08,35.14,False
VPW-ROBOT-WELD-02,44,1.452,45.14,34.02,False
VPW-ROBOT-WELD-02,45,1.477,44.91,19.58,False
VPW-ROBOT-WELD-02,46,1.705,43.63,20.04,False
VPW-ROBOT-WELD-02,47,1.447,44.26,35.32,False
VPW-ROBOT-WELD-02,48,1.449,43.9,46.55,False
VPW-ROBOT-WELD-02,49,1.227,43.58,34.99,False
VPW-ROBOT-WELD-02,50,1.497,44.44,41.8,False
VPW-ROBOT-WELD-02,51,1.279,43.79,44.22,False
VPW-ROBOT-WELD-02,52,1.325,44.76,19.74,False
VPW-ROBOT-WELD-02,53,1.399,43.01,38.28,False
VPW-ROBOT-WELD-02,54,1.431,43.15,26.45,False
VPW-ROBOT-WELD-02,55,1.452,44.68,44.35,False
VPW-ROBOT-WELD-02,56,1.099,44.67,39.94,False
VPW-ROBOT-WELD-02,57,1.408,43.43,36.99,False
VPW-ROBOT-WELD-02,58,1.436,43.74,24.44,False
VPW-ROBOT-WELD-02,59,1.273,43.84,33.12,False
VPW-ROBOT-WELD-02,60,1.425,43.99,25.08,False
VPW-ROBOT-WELD-02,61,1.286,43.02,19.6,False
VPW-ROBOT-WELD-02,62,1.375,42.7,22.65,False
VPW-ROBOT-WELD-02,63,1.308,41.71,18.07,False
VPW-ROBOT-WELD-02,64,1.55,42.54,23.69,False
VPW-ROBOT-WELD-02,65,1.442,43.16,38.48,False
VPW-ROBOT-WELD-02,66,1.444,42.66,31.37,False
VPW-ROBOT-WELD-02,67,1.364,43.89,28.46,False
VPW-ROBOT-WELD-02,68,1.287,42.38,18.73,False
VPW-ROBOT-WELD-02,69,1.353,42.8,31.63,False
VPW-ROBOT-WELD-02,70,1.471,45.18,36.21,False
VPW-ROBOT-WELD-02,71,1.476,43.48,25.79,False
VPW-ROBOT-WELD-02,72,1.371,43.6,30.28,False
VPW-ROBOT-WELD-02,73,1.512,42.83,40.1,False
VPW-ROBOT-WELD-02,74,1.533,44.04,31.42,False
VPW-ROBOT-WELD-02,75,1.505,42.55,32.15,False
VPW-ROBOT-WELD-02,76,1.702,43.72,18.73,False
VPW-ROBOT-WELD-02,77,1.462,42.81,28.37,False
VPW-ROBOT-WELD-02,78,1.725,41.51,38.24,False
VPW-ROBOT-WELD-02,79,1.691,42.49,28.32,False
VPW-ROBOT-WELD-02,80,1.62,42.53,41.59,False
VPW-ROBOT-WELD-02,81,1.625,43.56,42.44,False
VPW-ROBOT-WELD-02,82,1.721,43.95,38.28,False
VPW-ROBOT-WELD-02,83,1.63,41.45,24.42,False
VPW-ROBOT-WELD-02,84,1.701,43.52,21.67,False
VPW-ROBOT-WELD-02,85,1.628,42.29,37.77,False
VPW-ROBOT-WELD-02,86,1.775,41.42,34.42,False
VPW-ROBOT-WELD-02,87,1.755,41.98,27.38,False
VPW-ROBOT-WELD-02,88,1.708,40.58,21.13,False
VPW-ROBOT-WELD-02,89,1.879,41.2,27.65,False
VPW-ROBOT-WELD-02,90,1.798,41.86,43.98,False
VPW-ROBOT-WELD-02,91,1.821,41.13,43.14,False
VPW-ROBOT-WELD-02,92,1.827,41.0,42.85,False
VPW-ROBOT-WELD-02,93,1.859,41.34,43.66,False
VPW-ROBOT-WELD-02,94,1.745,42.47,21.54,False
VPW-ROBOT-WELD-02,95,1.792,41.05,34.61,False
VPW-ROBOT-WELD-02,96,1.859,40.2,32.93,False
VPW-ROBOT-WELD-02,97,1.75,40.6,35.53,False
VPW-ROBOT-WELD-02,98,1.734,41.42,23.17,False
VPW-ROBOT-WELD-02,99,1.746,41.33,23.65,False
VPW-ROBOT-WELD-02,100,1.858,41.65,32.13,False
VPW-ROBOT-WELD-02,101,1.779,41.69,35.37,False
VPW-ROBOT-WELD-02,102,1.658,41.49,37.35,False
VPW-ROBOT-WELD-02,103,1.758,41.19,28.02,False
VPW-ROBOT-WELD-02,104,1.736,41.36,18.12,False
VPW-ROBOT-WELD-02,105,1.615,40.67,25.95,False
VPW-ROBOT-WELD-02,106,1.649,41.46,38.75,False
VPW-ROBOT-WELD-02,107,1.666,40.82,27.01,False
VPW-ROBOT-WELD-02,108,1.743,40.61,27.41,False
VPW-ROBOT-WELD-02,109,1.799,42.24,18.53,False
VPW-ROBOT-WELD-02,110,1.564,42.19,43.74,False
VPW-ROBOT-WELD-02,111,1.633,41.52,30.83,False
VPW-ROBOT-WELD-02,112,1.552,41.41,41.88,False
VPW-ROBOT-WELD-02,113,1.818,41.24,38.81,False
VPW-ROBOT-WELD-02,114,1.572,41.32,44.39,False
VPW-ROBOT-WELD-02,115,1.598,41.17,22.43,False
VPW-ROBOT-WELD-02,116,1.566,40.99,19.02,False
VPW-ROBOT-WELD-02,117,1.57,40.6,36.8,False
VPW-ROBOT-WELD-02,118,1.613,41.67,19.54,False
VPW-ROBOT-WELD-02,119,1.45,41.18,34.92,False
VPW-ROBOT-WELD-02,120,1.585,40.68,38.9,False
VPW-ROBOT-WELD-02,121,1.606,41.03,22.86,False
VPW-ROBOT-WELD-02,122,1.454,40.75,26.13,False
VPW-ROBOT-WELD-02,123,1.529,40.54,27.28,False
VPW-ROBOT-WELD-02,124,1.454,39.66,28.63,False
VPW-ROBOT-WELD-02,125,1.393,42.16,38.09,False
VPW-ROBOT-WELD-02,126,1.443,42.59,34.43,False
VPW-ROBOT-WELD-02,127,1.439,42.0,26.94,False
VPW-ROBOT-WELD-02,128,1.302,41.17,30.87,False
VPW-ROBOT-WELD-02,129,1.246,42.28,45.6,False
VPW-ROBOT-WELD-02,130,1.331,40.49,43.07,False
VPW-ROBOT-WELD-02,131,1.451,41.66,24.6,False
VPW-ROBOT-WELD-02,132,1.355,40.73,40.05,False
VPW-ROBOT-WELD-02,133,1.424,41.26,20.77,False
VPW-ROBOT-WELD-02,134,1.527,42.77,23.46,False
VPW-ROBOT-WELD-02,135,1.359,42.83,34.98,False
VPW-ROBOT-WELD-02,136,1.56,43.04,43.97,False
VPW-ROBOT-WELD-02,137,1.393,42.04,42.55,False
VPW-ROBOT-WELD-02,138,1.418,43.08,43.69,False
VPW-ROBOT-WELD-02,139,1.429,42.16,33.39,False
VPW-ROBOT-WELD-02,140,1.497,42.02,19.63,False
VPW-ROBOT-WELD-02,141,1.407,42.55,45.6,False
VPW-ROBOT-WELD-02,142,1.6,42.46,20.17,False
VPW-ROBOT-WELD-02,143,1.614,40.41,31.71,False
VPW-ROBOT-WELD-02,144,1.568,41.67,44.83,False
VPW-ROBOT-WELD-02,145,1.473,42.38,28.13,False
VPW-ROBOT-WELD-02,146,1.617,43.52,29.27,False
VPW-ROBOT-WELD-02,147,1.549,41.26,39.36,False
VPW-ROBOT-WELD-02,148,1.607,43.49,33.95,False
VPW-ROBOT-WELD-02,149,1.463,41.7,45.27,False
VPW-ROBOT-WELD-02,150,1.661,43.47,36.32,False
VPW-ROBOT-WELD-02,151,1.473,43.55,21.59,False
VPW-ROBOT-WELD-02,152,1.554,42.63,43.58,False
VPW-ROBOT-WELD-02,153,1.822,42.83,39.76,False
VPW-ROBOT-WELD-02,154,1.769,42.54,39.0,False
VPW-ROBOT-WELD-02,155,1.675,42.46,37.26,False
VPW-ROBOT-WELD-02,156,1.686,43.34,29.77,False
VPW-ROBOT-WELD-02,157,1.586,43.73,37.66,False
VPW-ROBOT-WELD-02,158,1.814,44.41,18.92,False
VPW-ROBOT-WELD-02,159,1.806,42.41,20.82,False
VPW-ROBOT-WELD-02,160,1.613,41.73,46.69,False
VPW-ROBOT-WELD-02,161,1.921,43.32,18.66,False
VPW-ROBOT-WELD-02,162,1.84,44.54,30.65,False
VPW-ROBOT-WELD-02,163,1.881,43.02,22.26,False
VPW-ROBOT-WELD-02,164,1.927,43.37,28.55,False
VPW-ROBOT-WELD-02,165,1.832,44.73,35.66,False
VPW-ROBOT-WELD-02,166,1.696,44.55,36.11,False
VPW-ROBOT-WELD-02,167,1.894,43.81,24.98,False
VPW-ROBOT-WELD-02,168,1.907,44.07,31.3,False
VPW-ROBOT-WELD-02,169,1.764,43.08,39.95,False
VPW-ROBOT-WELD-02,170,1.801,45.15,41.64,False
VPW-ROBOT-WELD-02,171,1.913,45.18,19.65,False
VPW-ROBOT-WELD-02,172,1.793,43.97,32.69,False
VPW-ROBOT-WELD-02,173,1.823,43.5,41.99,False
VPW-ROBOT-WELD-02,174,1.693,45.09,38.72,False
VPW-ROBOT-WELD-02,175,1.824,43.35,40.87,False
VPW-ROBOT-WELD-02,176,1.845,43.82,44.44,False
VPW-ROBOT-WELD-02,177,1.852,45.62,25.71,False
VPW-ROBOT-WELD-02,178,1.803,44.16,38.81,False
VPW-ROBOT-WELD-02,179,1.712,42.74,39.53,False
VPW-ROBOT-WELD-02,180,1.763,43.4,43.34,False
VPW-ROBOT-WELD-02,181,1.749,44.67,21.25,False
VPW-ROBOT-WELD-02,182,1.682,43.35,24.08,False
VPW-ROBOT-WELD-02,183,1.726,44.97,34.75,False
VPW-ROBOT-WELD-02,184,1.739,44.0,38.05,False
VPW-ROBOT-WELD-02,185,1.719,44.45,25.33,False
VPW-ROBOT-WELD-02,186,1.746,44.87,19.63,False
VPW-ROBOT-WELD-02,187,1.618,42.73,28.62,False
VPW-ROBOT-WELD-02,188,1.631,45.2,30.22,False
VPW-ROBOT-WELD-02,189,1.624,45.21,45.06,False
VPW-ROBOT-WELD-02,190,1.669,45.5,29.42,False
VPW-ROBOT-WELD-02,191,1.485,44.5,33.81,False
VPW-ROBOT-WELD-02,192,1.62,43.66,41.92,False
VPW-ROBOT-WELD-02,193,1.422,44.81,39.38,False
VPW-ROBOT-WELD-02,194,1.449,44.76,29.24,False
VPW-ROBOT-WELD-02,195,1.478,44.81,37.43,False
VPW-ROBOT-WELD-02,196,1.559,44.37,25.32,False
VPW-ROBOT-WELD-02,197,1.508,44.47,38.14,False
VPW-ROBOT-WELD-02,198,1.488,43.68,18.81,False
VPW-ROBOT-WELD-02,199,1.479,45.24,44.88,False
VPW-ROBOT-WELD-02,200,1.58,45.61,23.4,False
VPW-ROBOT-WELD-02,201,1.319,45.17,26.68,False
VPW-ROBOT-WELD-02,202,1.475,44.94,45.72,False
VPW-ROBOT-WELD-02,203,1.245,43.48,27.89,False
VPW-ROBOT-WELD-02,204,1.332,44.67,41.74,False
VPW-ROBOT-WELD-02,205,1.461,43.94,42.32,False
VPW-ROBOT-WELD-02,206,1.591,42.61,35.34,False
VPW-ROBOT-WELD-02,207,1.431,43.85,20.53,False
VPW-ROBOT-WELD-02,208,1.412,43.54,39.55,False
VPW-ROBOT-WELD-02,209,1.188,44.21,44.07,False
VPW-ROBOT-WELD-02,210,1.398,44.71,36.92,False
VPW-ROBOT-WELD-02,211,1.409,43.8,20.97,False
VPW-ROBOT-WELD-02,212,1.389,43.33,26.47,False
VPW-ROBOT-WELD-02,213,1.509,44.83,26.77,False
VPW-ROBOT-WELD-02,214,1.411,44.14,36.11,False
VPW-ROBOT-WELD-02,215,1.512,44.01,18.34,False
VPW-ROBOT-WELD-02,216,1.522,44.18,30.33,False
VPW-ROBOT-WELD-02,217,1.427,41.56,24.84,False
VPW-ROBOT-WELD-02,218,1.518,43.68,31.93,False
VPW-ROBOT-WELD-02,219,1.431,42.44,30.11,False
VPW-ROBOT-WELD-02,220,1.728,44.51,30.95,False
VPW-ROBOT-WELD-02,221,1.593,43.89,38.84,False
VPW-ROBOT-WELD-02,222,1.667,43.41,35.65,False
VPW-ROBOT-WELD-02,223,1.566,43.51,36.98,False
VPW-ROBOT-WELD-02,224,1.789,41.97,20.47,False
VPW-ROBOT-WELD-02,225,1.605,42.43,35.36,False
VPW-ROBOT-WELD-02,226,1.686,42.68,42.96,False
VPW-ROBOT-WELD-02,227,1.565,42.42,21.9,False
VPW-ROBOT-WELD-02,228,1.735,43.32,35.53,False
VPW-ROBOT-WELD-02,229,1.747,42.44,22.33,False
VPW-ROBOT-WELD-02,230,1.612,43.6,27.78,False
VPW-ROBOT-WELD-02,231,1.9,42.22,45.74,False
VPW-ROBOT-WELD-02,232,1.614,43.22,42.44,False
VPW-ROBOT-WELD-02,233,1.683,42.97,37.03,False
VPW-ROBOT-WELD-02,234,1.763,41.57,33.0,False
VPW-ROBOT-WELD-02,235,1.769,42.04,23.39,False
VPW-ROBOT-WELD-02,236,1.887,44.13,34.25,False
VPW-ROBOT-WELD-02,237,1.781,42.45,41.6,False
VPW-ROBOT-WELD-02,238,1.944,42.44,35.38,False
VPW-ROBOT-WELD-02,239,1.753,43.0,33.12,False
VPW-ROBOT-WELD-02,240,1.893,41.98,45.38,False
VPW-ROBOT-WELD-02,241,1.892,41.36,45.92,False
VPW-ROBOT-WELD-02,242,1.992,42.05,31.16,False
VPW-ROBOT-WELD-02,243,1.795,40.32,26.7,False
VPW-ROBOT-WELD-02,244,1.992,41.88,37.25,False
VPW-ROBOT-WELD-02,245,1.959,41.65,20.35,False
VPW-ROBOT-WELD-02,246,1.833,43.03,31.12,False
VPW-ROBOT-WELD-02,247,1.718,41.51,37.17,False
VPW-ROBOT-WELD-02,248,1.82,42.2,29.61,False
VPW-ROBOT-WELD-02,249,1.92,41.25,44.87,False
VPW-ROBOT-WELD-02,250,1.897,41.63,29.72,False
VPW-ROBOT-WELD-02,251,1.835,42.0,30.06,False
VPW-ROBOT-WELD-02,252,1.68,41.1,25.08,False
VPW-ROBOT-WELD-02,253,1.783,41.31,38.24,False
VPW-ROBOT-WELD-02,254,1.879,43.24,42.41,False
VPW-ROBOT-WELD-02,255,1.767,42.25,44.47,False
VPW-ROBOT-WELD-02,256,1.877,40.64,28.27,False
VPW-ROBOT-WELD-02,257,1.858,40.29,33.5,False
VPW-ROBOT-WELD-02,258,1.678,40.45,46.34,False
VPW-ROBOT-WELD-02,259,1.833,43.01,31.7,False
VPW-ROBOT-WELD-02,260,1.698,42.4,21.73,False
VPW-ROBOT-WELD-02,261,1.67,40.19,31.94,False
VPW-ROBOT-WELD-02,262,1.97,42.05,23.82,False
VPW-ROBOT-WELD-02,263,1.611,41.17,31.4,False
VPW-ROBOT-WELD-02,264,1.537,40.73,28.37,False
VPW-ROBOT-WELD-02,265,1.73,41.58,42.06,False
VPW-ROBOT-WELD-02,266,1.741,41.37,34.22,False
VPW-ROBOT-WELD-02,267,1.66,42.02,28.47,False
VPW-ROBOT-WELD-02,268,1.539,41.66,36.64,False
VPW-ROBOT-WELD-02,269,1.793,40.76,38.51,False
VPW-ROBOT-WELD-02,270,1.403,42.17,18.96,False
VPW-ROBOT-WELD-02,271,1.529,41.53,19.37,False
VPW-ROBOT-WELD-02,272,1.391,42.15,19.75,False
VPW-ROBOT-WELD-02,273,1.552,41.36,23.31,False
VPW-ROBOT-WELD-02,274,1.612,41.84,41.89,False
VPW-ROBOT-WELD-02,275,1.605,42.98,19.04,False
VPW-ROBOT-WELD-02,276,1.599,42.47,43.31,False
VPW-ROBOT-WELD-02,277,1.372,42.36,19.72,False
VPW-ROBOT-WELD-02,278,1.655,41.7,44.22,False
VPW-ROBOT-WELD-02,279,1.456,43.04,38.68,False
VPW-ROBOT-WELD-02,280,1.383,41.87,29.1,False
VPW-ROBOT-WELD-02,281,1.425,43.31,32.67,False
VPW-ROBOT-WELD-02,282,1.507,41.57,40.92,False
VPW-ROBOT-WELD-02,283,1.39,41.78,45.03,False
VPW-ROBOT-WELD-02,284,1.537,42.91,38.79,False
VPW-ROBOT-WELD-02,285,1.432,43.68,45.18,False
VPW-ROBOT-WELD-02,286,1.663,41.01,33.19,False
VPW-ROBOT-WELD-02,287,1.46,42.18,40.31,False
VPW-ROBOT-WELD-02,288,1.41,42.06,20.6,False
VPW-ROBOT-WELD-02,289,1.52,41.81,37.6,False
VPW-ROBOT-WELD-02,290,1.419,42.68,22.78,False
VPW-ROBOT-WELD-02,291,1.371,43.4,38.05,False
VPW-ROBOT-WELD-02,292,1.55,42.89,28.41,False
VPW-ROBOT-WELD-02,293,1.491,43.05,36.86,False
VPW-ROBOT-WELD-02,294,1.498,41.66,30.92,False
VPW-ROBOT-WELD-02,295,1.624,42.14,26.84,False
VPW-ROBOT-WELD-02,296,1.555,44.59,23.25,False
VPW-ROBOT-WELD-02,297,1.687,42.39,19.5,False
VPW-ROBOT-WELD-02,298,1.713,44.09,21.47,False
VPW-ROBOT-WELD-02,299,1.743,43.59,37.05,False
VPW-ROBOT-WELD-02,300,1.527,43.4,20.47,False
VPW-ROBOT-WELD-02,301,1.676,42.99,19.76,False
VPW-ROBOT-WELD-02,302,1.675,42.95,40.31,False
VPW-ROBOT-WELD-02,303,1.828,42.2,28.79,False
VPW-ROBOT-WELD-02,304,1.558,42.59,20.41,False
VPW-ROBOT-WELD-02,305,1.667,43.95,42.25,False
VPW-ROBOT-WELD-02,306,1.736,43.11,35.51,False
VPW-ROBOT-WELD-02,307,1.744,43.61,21.96,False
VPW-ROBOT-WELD-02,308,1.919,43.96,33.55,False
VPW-ROBOT-WELD-02,309,1.819,43.95,30.71,False
VPW-ROBOT-WELD-02,310,1.853,42.41,31.6,False
VPW-ROBOT-WELD-02,311,1.831,44.14,29.15,False
VPW-ROBOT-WELD-02,312,1.729,44.41,19.08,False
VPW-ROBOT-WELD-02,313,1.906,42.43,21.42,False
VPW-ROBOT-WELD-02,314,2.005,43.55,24.75,False
VPW-ROBOT-WELD-02,315,1.754,42.27,45.26,False
VPW-ROBOT-WELD-02,316,1.797,44.07,22.4,False
VPW-ROBOT-WELD-02,317,1.778,43.71,22.03,False
VPW-ROBOT-WELD-02,318,1.89,43.6,21.39,False
VPW-ROBOT-WELD-02,319,1.738,43.35,19.93,False
VPW-ROBOT-WELD-02,320,1.96,44.4,40.55,False
VPW-ROBOT-WELD-02,321,1.944,45.07,33.93,False
VPW-ROBOT-WELD-02,322,1.861,44.98,31.7,False
VPW-ROBOT-WELD-02,323,1.908,44.98,36.93,False
VPW-ROBOT-WELD-02,324,1.9,45.08,19.6,False
VPW-ROBOT-WELD-02,325,1.861,45.19,36.38,False
VPW-ROBOT-WELD-02,326,2.1,44.9,29.58,False
VPW-ROBOT-WELD-02,327,1.746,45.84,31.78,False
VPW-ROBOT-WELD-02,328,1.814,46.31,38.62,False
VPW-ROBOT-WELD-02,329,1.875,44.55,44.34,False
VPW-ROBOT-WELD-02,330,1.672,44.1,35.25,False
VPW-ROBOT-WELD-02,331,1.729,43.49,36.54,False
VPW-ROBOT-WELD-02,332,1.825,45.33,37.97,False
VPW-ROBOT-WELD-02,333,1.755,43.65,30.21,False
VPW-ROBOT-WELD-02,334,1.898,43.3,34.87,False
VPW-ROBOT-WELD-02,335,1.805,45.1,37.53,False
VPW-ROBOT-WELD-02,336,1.796,44.43,33.99,False
VPW-ROBOT-WELD-02,337,1.706,45.13,23.84,False
VPW-ROBOT-WELD-02,338,1.725,44.92,32.6,False
VPW-ROBOT-WELD-02,339,1.784,45.07,44.3,False
VPW-ROBOT-WELD-02,340,1.642,45.18,39.08,False
VPW-ROBOT-WELD-02,341,1.563,45.24,37.2,False
VPW-ROBOT-WELD-02,342,1.63,45.19,39.71,False
VPW-ROBOT-WELD-02,343,1.63,44.38,28.87,False
VPW-ROBOT-WELD-02,344,1.557,45.85,43.83,False
VPW-ROBOT-WELD-02,345,1.757,46.27,40.12,False
VPW-ROBOT-WELD-02,346,1.483,44.47,19.32,False
VPW-ROBOT-WELD-02,347,1.772,45.54,32.33,False
VPW-ROBOT-WELD-02,348,1.413,44.95,35.77,False
VPW-ROBOT-WELD-02,349,1.438,43.75,42.08,False
VPW-ROBOT-WELD-02,350,1.595,44.99,31.76,False
VPW-ROBOT-WELD-02,351,1.456,43.98,37.81,False
VPW-ROBOT-WELD-02,352,1.506,43.09,44.65,False
VPW-ROBOT-WELD-02,353,1.362,44.82,27.73,False
VPW-ROBOT-WELD-02,354,1.331,44.24,38.85,False
VPW-ROBOT-WELD-02,355,1.368,44.53,40.33,False
VPW-ROBOT-WELD-02,356,1.411,44.68,38.96,False
VPW-ROBOT-WELD-02,357,1.316,45.38,28.36,False
VPW-ROBOT-WELD-02,358,1.396,43.96,44.41,False
VPW-ROBOT-WELD-02,359,1.515,45.34,39.24,False
VPW-ROBOT-WELD-02,360,1.349,43.34,23.21,False
VPW-ROBOT-WELD-02,361,1.535,43.89,22.01,False
VPW-ROBOT-WELD-02,362,1.454,43.67,29.16,False
VPW-ROBOT-WELD-02,363,1.427,44.07,36.46,False
VPW-ROBOT-WELD-02,364,1.381,43.82,26.69,False
VPW-ROBOT-WELD-02,365,1.454,45.83,29.81,False
VPW-ROBOT-WELD-02,366,1.547,43.65,35.05,False
VPW-ROBOT-WELD-02,367,1.369,44.28,39.57,False
VPW-ROBOT-WELD-02,368,1.546,44.96,44.8,False
VPW-ROBOT-WELD-02,369,1.599,43.59,38.66,False
VPW-ROBOT-WELD-02,370,1.536,43.77,24.89,False
VPW-ROBOT-WELD-02,371,1.375,43.2,24.11,False
VPW-ROBOT-WELD-02,372,1.722,45.08,41.13,False
VPW-ROBOT-WELD-02,373,1.634,43.66,43.13,False
VPW-ROBOT-WELD-02,374,1.693,43.24,39.74,False
VPW-ROBOT-WELD-02,375,1.638,43.45,32.1,False
VPW-ROBOT-WELD-02,376,1.63,42.43,42.93,False
VPW-ROBOT-WELD-02,377,1.751,45.03,45.39,False
VPW-ROBOT-WELD-02,378,1.732,44.65,19.75,False
VPW-ROBOT-WELD-02,379,1.82,44.02,31.45,False
VPW-ROBOT-WELD-02,380,1.739,43.76,34.26,False
VPW-ROBOT-WELD-02,381,1.643,43.82,42.25,False
VPW-ROBOT-WELD-02,382,1.645,43.35,20.11,False
VPW-ROBOT-WELD-02,383,1.852,42.18,21.26,False
VPW-ROBOT-WELD-02,384,1.602,43.58,30.52,False
VPW-ROBOT-WELD-02,385,1.984,44.86,27.85,False
VPW-ROBOT-WELD-02,386,1.789,42.21,22.32,False
VPW-ROBOT-WELD-02,387,1.823,42.73,27.58,False
VPW-ROBOT-WELD-02,388,1.992,42.18,22.06,False
VPW-ROBOT-WELD-02,389,1.818,42.15,35.0,False
VPW-ROBOT-WELD-02,390,1.964,42.37,30.34,False
VPW-ROBOT-WELD-02,391,1.989,42.92,22.02,False
VPW-ROBOT-WELD-02,392,1.961,42.54,32.82,False
VPW-ROBOT-WELD-02,393,1.852,42.8,26.13,False
VPW-ROBOT-WELD-02,394,1.977,42.42,28.08,False
VPW-ROBOT-WELD-02,395,2.092,43.18,28.95,False
VPW-ROBOT-WELD-02,396,2.039,42.7,36.21,False
VPW-ROBOT-WELD-02,397,1.81,43.48,31.67,False
VPW-ROBOT-WELD-02,398,1.852,42.92,37.46,False
VPW-ROBOT-WELD-02,399,1.863,42.13,29.55,False
VPW-ROBOT-WELD-02,400,1.815,43.52,43.22,False
VPW-ROBOT-WELD-02,401,2.004,43.2,31.44,False
VPW-ROBOT-WELD-02,402,1.752,43.6,32.62,False
VPW-ROBOT-WELD-02,403,1.894,42.23,28.09,False
VPW-ROBOT-WELD-02,404,1.88,41.79,26.86,False
VPW-ROBOT-WELD-02,405,1.824,41.92,44.58,False
VPW-ROBOT-WELD-02,406,1.803,43.45,25.81,False
VPW-ROBOT-WELD-02,407,1.895,41.6,31.31,False
VPW-ROBOT-WELD-02,408,2.024,43.16,18.59,False
VPW-ROBOT-WELD-02,409,1.935,42.23,43.26,False
VPW-ROBOT-WELD-02,410,1.856,41.41,39.1,False
VPW-ROBOT-WELD-02,411,1.825,41.09,24.66,False
VPW-ROBOT-WELD-02,412,1.848,41.14,24.72,False
VPW-ROBOT-WELD-02,413,1.593,41.61,18.42,False
VPW-ROBOT-WELD-02,414,1.754,41.3,43.26,False
VPW-ROBOT-WELD-02,415,1.801,42.22,22.8,False
VPW-ROBOT-WELD-02,416,1.639,40.96,41.08,False
VPW-ROBOT-WELD-02,417,1.707,42.95,31.13,False
VPW-ROBOT-WELD-02,418,1.667,42.74,25.28,False
VPW-ROBOT-WELD-02,419,1.586,42.28,30.51,False
VPW-ROBOT-WELD-02,420,1.847,41.82,34.94,False
VPW-ROBOT-WELD-02,421,1.607,40.07,41.8,False
VPW-ROBOT-WELD-02,422,1.605,40.47,27.14,False
VPW-ROBOT-WELD-02,423,1.508,40.15,43.31,False
VPW-ROBOT-WELD-02,424,1.502,42.17,42.64,False
VPW-ROBOT-WELD-02,425,1.61,41.92,24.06,False
VPW-ROBOT-WELD-02,426,1.632,42.16,20.52,False
VPW-ROBOT-WELD-02,427,1.543,41.77,39.99,False
VPW-ROBOT-WELD-02,428,1.418,43.0,45.15,False
VPW-ROBOT-WELD-02,429,1.313,41.93,45.17,False
VPW-ROBOT-WELD-02,430,1.599,42.89,23.97,False
VPW-ROBOT-WELD-02,431,1.585,42.76,26.27,False
VPW-ROBOT-WELD-02,432,1.505,43.5,25.06,False
VPW-ROBOT-WELD-02,433,1.552,44.0,26.24,False
VPW-ROBOT-WELD-02,434,1.581,43.03,45.63,False
VPW-ROBOT-WELD-02,435,1.376,43.51,39.41,False
VPW-ROBOT-WELD-02,436,1.479,41.67,19.92,False
VPW-ROBOT-WELD-02,437,1.531,43.27,31.38,False
VPW-ROBOT-WELD-02,438,1.619,43.7,38.49,False
VPW-ROBOT-WELD-02,439,1.495,42.35,27.12,False
VPW-ROBOT-WELD-02,440,1.509,42.24,29.33,False
VPW-ROBOT-WELD-02,441,1.477,42.93,39.14,False
VPW-ROBOT-WELD-02,442,1.587,42.86,39.82,False
VPW-ROBOT-WELD-02,443,1.741,43.22,38.8,False
VPW-ROBOT-WELD-02,444,1.602,43.59,35.22,False
VPW-ROBOT-WELD-02,445,1.599,42.82,36.05,False
VPW-ROBOT-WELD-02,446,1.651,42.81,30.95,False
VPW-ROBOT-WELD-02,447,1.625,42.69,29.87,False
VPW-ROBOT-WELD-02,448,1.519,43.34,45.14,False
VPW-ROBOT-WELD-02,449,1.675,43.59,30.56,False
VPW-ROBOT-WELD-02,450,1.871,43.09,40.99,False
VPW-ROBOT-WELD-02,451,1.703,43.14,39.87,False
VPW-ROBOT-WELD-02,452,1.724,44.52,23.99,False
VPW-ROBOT-WELD-02,453,1.712,42.63,24.38,False
VPW-ROBOT-WELD-02,454,1.626,42.21,26.48,False
VPW-ROBOT-WELD-02,455,1.811,42.94,28.0,False
VPW-ROBOT-WELD-02,456,1.868,44.53,33.45,False
VPW-ROBOT-WELD-02,457,1.843,45.37,18.3,False
VPW-ROBOT-WELD-02,458,1.834,43.54,23.51,False
VPW-ROBOT-WELD-02,459,1.669,44.33,27.75,False
VPW-ROBOT-WELD-02,460,1.837,43.29,31.2,False
VPW-ROBOT-WELD-02,461,1.781,44.36,30.76,False
VPW-ROBOT-WELD-02,462,2.034,44.36,33.27,False
VPW-ROBOT-WELD-02,463,1.876,43.71,18.42,False
VPW-ROBOT-WELD-02,464,2.062,44.62,25.39,False
VPW-ROBOT-WELD-02,465,1.897,43.85,22.04,False
VPW-ROBOT-WELD-02,466,1.998,45.13,19.2,False
VPW-ROBOT-WELD-02,467,1.789,43.45,26.23,False
VPW-ROBOT-WELD-02,468,1.94,44.62,35.99,False
VPW-ROBOT-WELD-02,469,2.2,45.39,25.5,False
VPW-ROBOT-WELD-02,470,1.805,45.12,42.82,False
VPW-ROBOT-WELD-02,471,2.014,44.77,20.42,False
VPW-ROBOT-WELD-02,472,2.051,43.83,40.94,False
VPW-ROBOT-WELD-02,473,1.78,42.81,32.83,False
VPW-ROBOT-WELD-02,474,1.853,44.8,31.24,False
VPW-ROBOT-WELD-02,475,1.977,44.28,25.45,False
VPW-ROBOT-WELD-02,476,2.074,45.85,27.27,False
VPW-ROBOT-WELD-02,477,1.862,44.85,46.93,False
VPW-ROBOT-WELD-02,478,1.889,47.02,24.41,False
VPW-ROBOT-WELD-02,479,1.954,44.88,28.0,False
VPW-ROBOT-WELD-02,480,1.916,45.4,33.34,False
VPW-ROBOT-WELD-02,481,1.941,45.25,28.47,False
VPW-ROBOT-WELD-02,482,1.874,47.16,29.98,False
VPW-ROBOT-WELD-02,483,1.841,47.03,26.99,False
VPW-ROBOT-WELD-02,484,1.776,44.86,34.62,False
VPW-ROBOT-WELD-02,485,1.694,45.13,20.91,False
VPW-ROBOT-WELD-02,486,1.849,44.94,41.72,False
VPW-ROBOT-WELD-02,487,1.773,47.09,32.7,False
VPW-ROBOT-WELD-02,488,1.704,45.69,24.41,False
VPW-ROBOT-WELD-02,489,1.801,45.39,21.83,False
VPW-ROBOT-WELD-02,490,1.645,45.29,19.57,False
VPW-ROBOT-WELD-02,491,1.792,45.24,41.11,False
VPW-ROBOT-WELD-02,492,1.741,46.25,44.81,False
VPW-ROBOT-WELD-02,493,1.426,45.08,44.77,False
VPW-ROBOT-WELD-02,494,1.602,47.19,44.81,False
VPW-ROBOT-WELD-02,495,1.607,44.76,38.27,False
VPW-ROBOT-WELD-02,496,1.657,44.63,34.91,False
VPW-ROBOT-WELD-02,497,1.455,46.38,32.38,False
VPW-ROBOT-WELD-02,498,1.613,46.11,33.89,False
VPW-ROBOT-WELD-02,499,1.706,45.71,18.74,False
VPW-ROBOT-WELD-02,500,1.461,44.94,20.47,False
VPW-ROBOT-WELD-02,501,1.652,47.38,33.64,False
VPW-ROBOT-WELD-02,502,1.548,44.87,43.1,False
VPW-ROBOT-WELD-02,503,1.511,45.58,19.84,False
VPW-ROBOT-WELD-02,504,1.501,43.89,42.9,False
VPW-ROBOT-WELD-02,505,1.538,47.14,26.95,False
VPW-ROBOT-WELD-02,506,1.598,45.37,17.31,False
VPW-ROBOT-WELD-02,507,1.532,45.27,18.5,False
VPW-ROBOT-WELD-02,508,1.534,44.37,27.99,False
VPW-ROBOT-WELD-02,509,1.4,44.88,40.62,False
VPW-ROBOT-WELD-02,510,1.5,45.59,39.21,False
VPW-ROBOT-WELD-02,511,1.483,43.62,34.4,False
VPW-ROBOT-WELD-02,512,1.613,44.31,25.33,False
VPW-ROBOT-WELD-02,513,1.424,44.69,41.72,False
VPW-ROBOT-WELD-02,514,1.435,44.56,19.18,False
VPW-ROBOT-WELD-02,515,1.562,44.48,45.6,False
VPW-ROBOT-WELD-02,516,1.613,44.22,34.99,False
VPW-ROBOT-WELD-02,517,1.451,44.66,36.14,False
VPW-ROBOT-WELD-02,518,1.67,43.87,34.95,False
VPW-ROBOT-WELD-02,519,1.486,45.42,20.36,False
VPW-ROBOT-WELD-02,520,1.567,45.27,42.58,False
VPW-ROBOT-WELD-02,521,1.513,44.66,18.44,False
VPW-ROBOT-WELD-02,522,1.683,44.69,37.05,False
VPW-ROBOT-WELD-02,523,1.74,44.33,45.25,False
VPW-ROBOT-WELD-02,524,1.754,43.45,44.74,False
VPW-ROBOT-WELD-02,525,1.6,44.61,45.21,False
VPW-ROBOT-WELD-02,526,1.795,43.0,37.68,False
VPW-ROBOT-WELD-02,527,1.69,43.8,29.43,False
VPW-ROBOT-WELD-02,528,1.83,43.84,34.34,False
VPW-ROBOT-WELD-02,529,1.791,44.77,39.7,False
VPW-ROBOT-WELD-02,530,1.778,44.27,25.28,False
VPW-ROBOT-WELD-02,531,1.739,43.13,39.8,False
VPW-ROBOT-WELD-02,532,1.703,43.41,27.61,False
VPW-ROBOT-WELD-02,533,1.989,44.18,37.2,False
VPW-ROBOT-WELD-02,534,2.026,44.64,24.87,False
VPW-ROBOT-WELD-02,535,1.813,44.64,35.96,False
VPW-ROBOT-WELD-02,536,1.949,44.33,42.08,False
VPW-ROBOT-WELD-02,537,1.909,43.43,30.76,False
VPW-ROBOT-WELD-02,538,1.849,42.54,23.19,False
VPW-ROBOT-WELD-02,539,2.033,44.58,24.21,False
VPW-ROBOT-WELD-02,540,2.055,43.49,23.63,False
VPW-ROBOT-WELD-02,541,1.863,43.54,29.19,False
VPW-ROBOT-WELD-02,542,2.025,43.48,25.86,False
VPW-ROBOT-WELD-02,543,1.865,43.67,21.56,False
VPW-ROBOT-WELD-02,544,1.908,42.78,31.78,False
VPW-ROBOT-WELD-02,545,1.994,44.42,29.95,False
VPW-ROBOT-WELD-02,546,1.956,43.41,33.88,False
VPW-ROBOT-WELD-02,547,1.961,43.09,43.61,False
VPW-ROBOT-WELD-02,548,2.057,42.36,30.46,False
VPW-ROBOT-WELD-02,549,2.046,43.2,23.58,False
VPW-ROBOT-WELD-02,550,1.859,42.74,34.35,False
VPW-ROBOT-WELD-02,551,2.007,42.75,42.22,False
VPW-ROBOT-WELD-02,552,1.866,43.93,33.75,False
VPW-ROBOT-WELD-02,553,1.818,42.75,35.3,False
VPW-ROBOT-WELD-02,554,2.046,41.91,44.98,False
VPW-ROBOT-WELD-02,555,2.0,41.53,24.98,False
VPW-ROBOT-WELD-02,556,1.818,41.45,27.53,False
VPW-ROBOT-WELD-02,557,1.899,43.75,24.52,False
VPW-ROBOT-WELD-02,558,1.863,42.8,41.43,False
VPW-ROBOT-WELD-02,559,1.887,42.34,31.13,False
VPW-ROBOT-WELD-02,560,1.846,43.26,44.17,False
VPW-ROBOT-WELD-02,561,1.737,43.29,34.46,False
VPW-ROBOT-WELD-02,562,1.803,42.22,41.51,False
VPW-ROBOT-WELD-02,563,1.842,42.82,24.73,False
VPW-ROBOT-WELD-02,564,1.666,42.37,39.27,False
VPW-ROBOT-WELD-02,565,1.739,41.63,34.57,False
VPW-ROBOT-WELD-02,566,1.548,41.87,35.65,False
VPW-ROBOT-WELD-02,567,1.795,42.78,19.96,False
VPW-ROBOT-WELD-02,568,1.599,41.93,34.95,False
VPW-ROBOT-WELD-02,569,1.739,41.78,37.99,False
VPW-ROBOT-WELD-02,570,1.821,42.93,38.28,False
VPW-ROBOT-WELD-02,571,1.66,43.04,36.57,False
VPW-ROBOT-WELD-02,572,1.625,42.15,40.52,False
VPW-ROBOT-WELD-02,573,1.535,41.61,24.56,False
VPW-ROBOT-WELD-02,574,1.769,42.48,38.0,False
VPW-ROBOT-WELD-02,575,1.588,42.18,35.94,False
VPW-ROBOT-WELD-02,576,1.566,44.19,36.1,False
VPW-ROBOT-WELD-02,577,1.525,43.9,19.98,False
VPW-ROBOT-WELD-02,578,1.51,42.21,41.88,False
VPW-ROBOT-WELD-02,579,1.579,44.53,40.99,False
VPW-ROBOT-WELD-02,580,1.562,42.55,41.88,False
VPW-ROBOT-WELD-02,581,1.57,42.25,30.73,False
VPW-ROBOT-WELD-02,582,1.389,43.44,40.79,False
VPW-ROBOT-WELD-02,583,1.407,41.87,23.88,False
VPW-ROBOT-WELD-02,584,1.554,42.16,42.83,False
VPW-ROBOT-WELD-02,585,1.488,42.15,23.21,False
VPW-ROBOT-WELD-02,586,1.411,44.07,37.34,False
VPW-ROBOT-WELD-02,587,1.673,43.74,30.75,False
VPW-ROBOT-WELD-02,588,1.582,44.6,35.21,False
VPW-ROBOT-WELD-02,589,1.74,43.24,29.68,False
VPW-ROBOT-WELD-02,590,1.651,43.31,19.03,False
VPW-ROBOT-WELD-02,591,1.415,43.28,20.6,False
VPW-ROBOT-WELD-02,592,1.708,44.26,39.27,False
VPW-ROBOT-WELD-02,593,1.721,43.28,23.13,False
VPW-ROBOT-WELD-02,594,1.609,43.13,29.41,False
VPW-ROBOT-WELD-02,595,1.629,43.23,22.08,False
VPW-ROBOT-WELD-02,596,1.462,44.22,20.51,False
VPW-ROBOT-WELD-02,597,1.824,43.15,44.64,False
VPW-ROBOT-WELD-02,598,1.757,43.0,20.37,False
VPW-ROBOT-WELD-02,599,1.74,41.97,27.61,False
VPW-ROBOT-WELD-02,600,1.643,44.05,34.33,False
VPW-ROBOT-WELD-02,601,1.854,43.57,29.42,False
VPW-ROBOT-WELD-02,602,1.619,43.82,34.74,False
VPW-ROBOT-WELD-02,603,1.824,42.32,25.96,False
VPW-ROBOT-WELD-02,604,1.702,44.65,20.47,False
VPW-ROBOT-WELD-02,605,1.911,44.74,35.38,False
VPW-ROBOT-WELD-02,606,1.794,44.45,32.56,False
VPW-ROBOT-WELD-02,607,1.83,43.56,32.98,False
VPW-ROBOT-WELD-02,608,1.787,44.78,39.32,False
VPW-ROBOT-WELD-02,609,1.917,44.83,37.0,False
VPW-ROBOT-WELD-02,610,1.881,45.12,45.76,False
VPW-ROBOT-WELD-02,611,1.929,45.86,21.91,False
VPW-ROBOT-WELD-02,612,1.988,44.96,35.88,False
VPW-ROBOT-WELD-02,613,1.881,44.35,43.92,False
VPW-ROBOT-WELD-02,614,1.942,44.87,26.99,False
VPW-ROBOT-WELD-02,615,1.8,46.04,31.72,False
VPW-ROBOT-WELD-02,616,1.883,44.33,19.97,False
VPW-ROBOT-WELD-02,617,1.975,43.97,23.46,False
VPW-ROBOT-WELD-02,618,2.151,46.3,38.51,False
VPW-ROBOT-WELD-02,619,1.945,45.26,23.53,False
VPW-ROBOT-WELD-02,620,1.958,44.86,31.99,False
VPW-ROBOT-WELD-02,621,1.979,44.64,20.53,False
VPW-ROBOT-WELD-02,622,1.934,45.5,44.49,False
VPW-ROBOT-WELD-02,623,1.891,46.41,34.82,False
VPW-ROBOT-WELD-02,624,1.948,44.87,22.77,False
VPW-ROBOT-WELD-02,625,2.061,45.79,21.65,False
VPW-ROBOT-WELD-02,626,2.016,45.86,30.93,False
VPW-ROBOT-WELD-02,627,2.061,45.7,46.0,False
VPW-ROBOT-WELD-02,628,1.895,45.9,28.27,False
VPW-ROBOT-WELD-02,629,1.961,45.95,41.45,False
VPW-ROBOT-WELD-02,630,2.013,48.09,22.2,False
VPW-ROBOT-WELD-02,631,1.952,47.23,31.87,False
VPW-ROBOT-WELD-02,632,1.821,44.65,26.49,False
VPW-ROBOT-WELD-02,633,2.009,45.53,37.3,False
VPW-ROBOT-WELD-02,634,1.907,45.85,23.27,False
VPW-ROBOT-WELD-02,635,2.116,45.52,32.72,False
VPW-ROBOT-WELD-02,636,2.021,45.69,27.71,False
VPW-ROBOT-WELD-02,637,1.847,45.5,29.2,False
VPW-ROBOT-WELD-02,638,1.742,46.07,32.9,False
VPW-ROBOT-WELD-02,639,1.699,45.42,23.21,False
VPW-ROBOT-WELD-02,640,1.767,45.47,31.24,False
VPW-ROBOT-WELD-02,641,1.735,46.21,38.22,False
VPW-ROBOT-WELD-02,642,1.735,45.91,40.99,False
VPW-ROBOT-WELD-02,643,1.712,44.82,39.75,False
VPW-ROBOT-WELD-02,644,1.69,45.6,25.85,False
VPW-ROBOT-WELD-02,645,1.783,46.52,43.35,False
VPW-ROBOT-WELD-02,646,1.741,47.17,18.24,False
VPW-ROBOT-WELD-02,647,1.582,45.45,38.47,False
VPW-ROBOT-WELD-02,648,1.582,44.84,45.67,False
VPW-ROBOT-WELD-02,649,1.669,46.93,25.44,False
VPW-ROBOT-WELD-02,650,1.709,46.49,39.29,False
VPW-ROBOT-WELD-02,651,1.646,45.81,45.11,False
VPW-ROBOT-WELD-02,652,1.677,45.4,39.1,False
VPW-ROBOT-WELD-02,653,1.608,45.38,31.63,False
VPW-ROBOT-WELD-02,654,1.664,46.34,21.45,False
VPW-ROBOT-WELD-02,655,1.529,44.9,43.97,False
VPW-ROBOT-WELD-02,656,1.435,44.74,21.92,False
VPW-ROBOT-WELD-02,657,1.579,45.75,45.03,False
VPW-ROBOT-WELD-02,658,1.529,46.99,35.05,False
VPW-ROBOT-WELD-02,659,1.545,45.46,27.12,False
VPW-ROBOT-WELD-02,660,1.578,45.44,25.95,False
VPW-ROBOT-WELD-02,661,1.619,45.96,40.39,False
VPW-ROBOT-WELD-02,662,1.659,45.97,29.9,False
VPW-ROBOT-WELD-02,663,1.656,47.09,34.95,False
VPW-ROBOT-WELD-02,664,1.691,45.89,42.45,False
VPW-ROBOT-WELD-02,665,1.601,44.97,32.49,False
VPW-ROBOT-WELD-02,666,1.567,45.65,45.13,False
VPW-ROBOT-WELD-02,667,1.497,45.12,35.74,False
VPW-ROBOT-WELD-02,668,1.614,45.43,38.61,False
VPW-ROBOT-WELD-02,669,1.599,44.54,27.39,False
VPW-ROBOT-WELD-02,670,1.738,43.53,41.82,False
VPW-ROBOT-WELD-02,671,1.711,44.05,37.52,False
VPW-ROBOT-WELD-02,672,1.766,45.41,28.01,False
VPW-ROBOT-WELD-02,673,1.578,45.21,35.35,False
VPW-ROBOT-WELD-02,674,1.796,44.52,43.79,False
VPW-ROBOT-WELD-02,675,1.776,45.53,39.57,False
VPW-ROBOT-WELD-02,676,1.664,43.5,33.82,False
VPW-ROBOT-WELD-02,677,1.824,43.97,33.55,False
VPW-ROBOT-WELD-02,678,1.987,45.33,18.56,False
VPW-ROBOT-WELD-02,679,1.776,44.63,29.37,False
VPW-ROBOT-WELD-02,680,1.693,44.16,37.77,False
VPW-ROBOT-WELD-02,681,1.774,44.74,33.45,False
VPW-ROBOT-WELD-02,682,1.887,45.01,37.98,False
VPW-ROBOT-WELD-02,683,1.873,43.82,27.75,False
VPW-ROBOT-WELD-02,684,1.935,44.43,32.39,False
VPW-ROBOT-WELD-02,685,1.98,44.64,28.9,False
VPW-ROBOT-WELD-02,686,1.904,42.69,37.99,False
VPW-ROBOT-WELD-02,687,2.057,43.07,25.08,False
VPW-ROBOT-WELD-02,688,1.993,42.51,28.64,False
VPW-ROBOT-WELD-02,689,2.05,41.99,34.19,False
VPW-ROBOT-WELD-02,690,1.926,42.81,35.69,False
VPW-ROBOT-WELD-02,691,2.006,44.8,42.03,False
VPW-ROBOT-WELD-02,692,2.052,43.63,40.13,False
VPW-ROBOT-WELD-02,693,2.226,42.97,30.68,False
VPW-ROBOT-WELD-02,694,2.033,44.97,34.54,False
VPW-ROBOT-WELD-02,695,2.117,42.31,24.37,False
VPW-ROBOT-WELD-02,696,2.053,43.22,42.39,False
VPW-ROBOT-WELD-02,697,2.033,42.83,31.8,False
VPW-ROBOT-WELD-02,698,1.928,44.41,42.81,False
VPW-ROBOT-WELD-02,699,2.099,43.34,45.84,False
VPW-ROBOT-WELD-02,700,1.893,41.38,25.96,False
VPW-ROBOT-WELD-02,701,1.958,43.73,43.42,False
VPW-ROBOT-WELD-02,702,2.099,42.12,28.3,False
VPW-ROBOT-WELD-02,703,2.033,43.22,31.71,False
VPW-ROBOT-WELD-02,704,1.995,42.91,18.54,False
VPW-ROBOT-WELD-02,705,1.892,40.87,24.12,False
VPW-ROBOT-WELD-02,706,1.984,43.78,30.22,False
VPW-ROBOT-WELD-02,707,2.061,44.0,25.52,False
VPW-ROBOT-WELD-02,708,1.984,42.25,41.8,False
VPW-ROBOT-WELD-02,709,2.01,43.1,39.08,False
VPW-ROBOT-WELD-02,710,1.772,44.83,26.86,False
VPW-ROBOT-WELD-02,711,1.816,43.63,23.81,False
VPW-ROBOT-WELD-02,712,1.774,41.35,36.72,False
VPW-ROBOT-WELD-02,713,1.8,41.31,40.69,False
VPW-ROBOT-WELD-02,714,1.978,42.12,27.38,False
VPW-ROBOT-WELD-02,715,1.783,42.79,24.29,False
VPW-ROBOT-WELD-02,716,1.853,42.28,43.44,False
VPW-ROBOT-WELD-02,717,1.747,42.56,31.87,False
VPW-ROBOT-WELD-02,718,1.771,43.12,22.07,False
VPW-ROBOT-WELD-02,719,1.688,42.31,28.48,False
VPW-ROBOT-WELD-03,0,2.499,39.25,21.69,False
VPW-ROBOT-WELD-03,1,2.659,38.22,42.57,False
VPW-ROBOT-WELD-03,2,2.761,38.62,34.49,False
VPW-ROBOT-WELD-03,3,2.587,38.59,43.85,False
VPW-ROBOT-WELD-03,4,2.614,38.15,28.14,False
VPW-ROBOT-WELD-03,5,2.677,36.99,43.73,False
VPW-ROBOT-WELD-03,6,2.672,37.47,22.4,False
VPW-ROBOT-WELD-03,7,2.742,37.73,45.31,False
VPW-ROBOT-WELD-03,8,2.752,39.33,29.8,False
VPW-ROBOT-WELD-03,9,2.583,40.34,27.52,False
VPW-ROBOT-WELD-03,10,2.746,40.99,24.97,False
VPW-ROBOT-WELD-03,11,2.75,37.29,29.54,False
VPW-ROBOT-WELD-03,12,2.799,39.34,39.37,False
VPW-ROBOT-WELD-03,13,2.835,40.6,34.23,False
VPW-ROBOT-WELD-03,14,2.638,39.02,43.21,False
VPW-ROBOT-WELD-03,15,2.742,39.58,31.44,False
VPW-ROBOT-WELD-03,16,2.619,39.57,35.53,False
VPW-ROBOT-WELD-03,17,2.871,39.61,41.2,False
VPW-ROBOT-WELD-03,18,2.715,39.61,24.19,False
VPW-ROBOT-WELD-03,19,2.774,37.72,33.69,False
VPW-ROBOT-WELD-03,20,2.84,39.5,24.12,False
VPW-ROBOT-WELD-03,21,2.806,40.18,43.4,False
VPW-ROBOT-WELD-03,22,2.837,39.66,30.68,False
VPW-ROBOT-WELD-03,23,2.665,39.56,22.47,False
VPW-ROBOT-WELD-03,24,2.782,39.68,25.1,False
VPW-ROBOT-WELD-03,25,2.84,39.85,17.67,False
VPW-ROBOT-WELD-03,26,2.864,38.39,22.43,False
VPW-ROBOT-WELD-03,27,2.727,39.46,30.78,False
VPW-ROBOT-WELD-03,28,2.865,40.38,27.43,False
VPW-ROBOT-WELD-03,29,2.616,39.77,20.88,False
VPW-ROBOT-WELD-03,30,2.74,41.21,27.3,False
VPW-ROBOT-WELD-03,31,2.506,39.17,29.44,False
VPW-ROBOT-WELD-03,32,2.734,39.56,42.0,False
VPW-ROBOT-WELD-03,33,2.796,40.27,28.93,False
VPW-ROBOT-WELD-03,34,2.628,39.56,30.13,False
VPW-ROBOT-WELD-03,35,2.554,39.37,44.64,False
VPW-ROBOT-WELD-03,36,2.565,39.45,22.52,False
VPW-ROBOT-WELD-03,37,2.655,39.86,34.14,False
VPW-ROBOT-WELD-03,38,2.492,39.3,20.05,False
VPW-ROBOT-WELD-03,39,2.531,41.07,20.23,False
VPW-ROBOT-WELD-03,40,2.384,37.71,43.17,False
VPW-ROBOT-WELD-03,41,2.66,39.48,34.99,False
VPW-ROBOT-WELD-03,42,2.541,39.65,46.68,False
VPW-ROBOT-WELD-03,43,2.312,40.5,24.1,False
VPW-ROBOT-WELD-03,44,2.462,40.43,26.09,False
VPW-ROBOT-WELD-03,45,2.544,40.3,33.59,False
VPW-ROBOT-WELD-03,46,2.39,39.16,30.74,False
VPW-ROBOT-WELD-03,47,2.41,38.67,38.53,False
VPW-ROBOT-WELD-03,48,2.279,40.67,22.87,False
VPW-ROBOT-WELD-03,49,2.296,38.74,20.85,False
VPW-ROBOT-WELD-03,50,2.37,41.13,24.18,False
VPW-ROBOT-WELD-03,51,2.57,39.56,33.97,False
VPW-ROBOT-WELD-03,52,2.345,40.71,36.71,False
VPW-ROBOT-WELD-03,53,2.491,39.98,18.36,False
VPW-ROBOT-WELD-03,54,2.265,39.56,43.29,False
VPW-ROBOT-WELD-03,55,2.444,39.35,22.39,False
VPW-ROBOT-WELD-03,56,2.4,39.75,29.46,False
VPW-ROBOT-WELD-03,57,2.242,40.36,26.95,False
VPW-ROBOT-WELD-03,58,2.331,39.14,25.91,False
VPW-ROBOT-WELD-03,59,2.323,39.32,20.77,False
VPW-ROBOT-WELD-03,60,2.376,39.34,23.96,False
VPW-ROBOT-WELD-03,61,2.264,39.8,35.7,False
VPW-ROBOT-WELD-03,62,2.404,38.81,44.31,False
VPW-ROBOT-WELD-03,63,2.305,39.37,37.9,False
VPW-ROBOT-WELD-03,64,2.417,39.78,28.73,False
VPW-ROBOT-WELD-03,65,2.524,40.45,41.43,False
VPW-ROBOT-WELD-03,66,2.51,37.68,23.32,False
VPW-ROBOT-WELD-03,67,2.538,38.25,19.7,False
VPW-ROBOT-WELD-03,68,2.495,39.74,26.48,False
VPW-ROBOT-WELD-03,69,2.393,40.7,40.15,False
VPW-ROBOT-WELD-03,70,2.486,39.47,30.8,False
VPW-ROBOT-WELD-03,71,2.481,38.75,32.05,False
VPW-ROBOT-WELD-03,72,2.613,40.15,22.11,False
VPW-ROBOT-WELD-03,73,2.647,38.17,29.29,False
VPW-ROBOT-WELD-03,74,2.405,38.35,39.28,False
VPW-ROBOT-WELD-03,75,2.77,38.4,35.21,False
VPW-ROBOT-WELD-03,76,2.496,38.2,23.12,False
VPW-ROBOT-WELD-03,77,2.632,38.23,29.74,False
VPW-ROBOT-WELD-03,78,2.459,38.88,44.31,False
VPW-ROBOT-WELD-03,79,2.692,37.62,27.8,False
VPW-ROBOT-WELD-03,80,2.725,37.9,21.14,False
VPW-ROBOT-WELD-03,81,2.692,38.12,40.03,False
VPW-ROBOT-WELD-03,82,2.544,37.15,33.51,False
VPW-ROBOT-WELD-03,83,2.48,37.71,35.42,False
VPW-ROBOT-WELD-03,84,2.791,37.26,27.1,False
VPW-ROBOT-WELD-03,85,2.689,38.63,39.56,False
VPW-ROBOT-WELD-03,86,2.939,37.56,43.51,False
VPW-ROBOT-WELD-03,87,2.813,38.52,23.28,False
VPW-ROBOT-WELD-03,88,2.777,37.37,26.91,False
VPW-ROBOT-WELD-03,89,2.913,37.54,24.97,False
VPW-ROBOT-WELD-03,90,2.76,38.23,29.11,False
VPW-ROBOT-WELD-03,91,2.923,38.25,24.97,False
VPW-ROBOT-WELD-03,92,2.744,38.36,29.19,False
VPW-ROBOT-WELD-03,93,2.877,37.63,25.52,False
VPW-ROBOT-WELD-03,94,2.799,37.51,18.93,False
VPW-ROBOT-WELD-03,95,2.818,38.5,28.98,False
VPW-ROBOT-WELD-03,96,2.755,36.86,36.24,False
VPW-ROBOT-WELD-03,97,2.75,37.67,31.55,False
VPW-ROBOT-WELD-03,98,2.675,38.13,33.74,False
VPW-ROBOT-WELD-03,99,2.677,36.13,45.19,False
VPW-ROBOT-WELD-03,100,2.735,36.76,21.53,False
VPW-ROBOT-WELD-03,101,2.724,35.8,24.61,False
VPW-ROBOT-WELD-03,102,2.937,36.55,37.15,False
VPW-ROBOT-WELD-03,103,2.629,36.61,43.03,False
VPW-ROBOT-WELD-03,104,2.681,37.24,26.4,False
VPW-ROBOT-WELD-03,105,2.746,35.47,42.65,False
VPW-ROBOT-WELD-03,106,2.785,37.14,31.81,False
VPW-ROBOT-WELD-03,107,2.705,35.44,23.96,False
VPW-ROBOT-WELD-03,108,2.442,36.43,37.85,False
VPW-ROBOT-WELD-03,109,2.619,36.96,39.03,False
VPW-ROBOT-WELD-03,110,2.826,37.73,42.09,False
VPW-ROBOT-WELD-03,111,2.632,36.23,34.16,False
VPW-ROBOT-WELD-03,112,2.607,36.91,26.81,False
VPW-ROBOT-WELD-03,113,2.524,37.19,42.07,False
VPW-ROBOT-WELD-03,114,2.653,36.41,41.7,False
VPW-ROBOT-WELD-03,115,2.591,36.73,34.92,False
VPW-ROBOT-WELD-03,116,2.62,36.87,26.24,False
VPW-ROBOT-WELD-03,117,2.488,37.95,28.15,False
VPW-ROBOT-WELD-03,118,2.502,37.87,29.05,False
VPW-ROBOT-WELD-03,119,2.518,37.16,27.26,False
VPW-ROBOT-WELD-03,120,2.513,36.54,27.73,False
VPW-ROBOT-WELD-03,121,2.411,38.12,44.91,False
VPW-ROBOT-WELD-03,122,2.455,37.35,39.2,False
VPW-ROBOT-WELD-03,123,2.179,35.41,24.65,False
VPW-ROBOT-WELD-03,124,2.447,36.49,23.92,False
VPW-ROBOT-WELD-03,125,2.566,37.58,19.7,False
VPW-ROBOT-WELD-03,126,2.384,38.18,30.48,False
VPW-ROBOT-WELD-03,127,2.365,37.0,39.31,False
VPW-ROBOT-WELD-03,128,2.384,36.74,32.59,False
VPW-ROBOT-WELD-03,129,2.503,37.41,34.27,False
VPW-ROBOT-WELD-03,130,2.297,37.7,23.31,False
VPW-ROBOT-WELD-03,131,2.325,38.89,33.09,False
VPW-ROBOT-WELD-03,132,2.475,37.2,21.55,False
VPW-ROBOT-WELD-03,133,2.385,36.71,20.17,False
VPW-ROBOT-WELD-03,134,2.262,37.55,36.93,False
VPW-ROBOT-WELD-03,135,2.407,36.76,33.97,False
VPW-ROBOT-WELD-03,136,2.338,37.25,40.9,False
VPW-ROBOT-WELD-03,137,2.365,39.09,36.12,False
VPW-ROBOT-WELD-03,138,2.357,37.46,37.9,False
VPW-ROBOT-WELD-03,139,2.328,37.74,19.06,False
VPW-ROBOT-WELD-03,140,2.393,37.33,18.32,False
VPW-ROBOT-WELD-03,141,2.311,37.82,41.88,False
VPW-ROBOT-WELD-03,142,2.388,37.64,27.91,False
VPW-ROBOT-WELD-03,143,2.384,37.78,31.88,False
VPW-ROBOT-WELD-03,144,2.461,39.25,39.36,False
VPW-ROBOT-WELD-03,145,2.589,39.44,38.37,False
VPW-ROBOT-WELD-03,146,2.365,38.45,37.23,False
VPW-ROBOT-WELD-03,147,2.668,39.15,22.6,False
VPW-ROBOT-WELD-03,148,2.746,38.36,29.02,False
VPW-ROBOT-WELD-03,149,2.597,39.44,22.85,False
VPW-ROBOT-WELD-03,150,2.489,37.96,36.15,False
VPW-ROBOT-WELD-03,151,2.652,39.15,34.77,False
VPW-ROBOT-WELD-03,152,2.586,37.9,30.07,False
VPW-ROBOT-WELD-03,153,2.6,38.27,24.21,False
VPW-ROBOT-WELD-03,154,2.65,38.9,22.53,False
VPW-ROBOT-WELD-03,155,2.665,37.8,29.29,False
VPW-ROBOT-WELD-03,156,2.631,39.51,19.96,False
VPW-ROBOT-WELD-03,157,2.799,39.85,36.29,False
VPW-ROBOT-WELD-03,158,2.696,38.13,34.03,False
VPW-ROBOT-WELD-03,159,2.803,39.78,23.92,False
VPW-ROBOT-WELD-03,160,2.771,39.26,24.49,False
VPW-ROBOT-WELD-03,161,2.767,39.99,34.65,False
VPW-ROBOT-WELD-03,162,2.883,39.94,31.22,False
VPW-ROBOT-WELD-03,163,2.831,40.22,17.93,False
VPW-ROBOT-WELD-03,164,2.971,39.17,22.95,False
VPW-ROBOT-WELD-03,165,2.857,40.02,27.75,False
VPW-ROBOT-WELD-03,166,2.773,39.55,25.17,False
VPW-ROBOT-WELD-03,167,3.041,40.59,38.3,False
VPW-ROBOT-WELD-03,168,2.833,39.08,40.48,False
VPW-ROBOT-WELD-03,169,2.847,38.55,21.8,False
VPW-ROBOT-WELD-03,170,2.912,40.15,19.61,False
VPW-ROBOT-WELD-03,171,2.891,40.41,23.09,False
VPW-ROBOT-WELD-03,172,2.926,40.0,39.82,False
VPW-ROBOT-WELD-03,173,2.815,40.78,29.57,False
VPW-ROBOT-WELD-03,174,2.843,40.04,34.02,False
VPW-ROBOT-WELD-03,175,2.734,39.37,30.04,False
VPW-ROBOT-WELD-03,176,2.754,39.26,22.81,False
VPW-ROBOT-WELD-03,177,2.704,40.13,21.07,False
VPW-ROBOT-WELD-03,178,2.879,40.83,25.63,False
VPW-ROBOT-WELD-03,179,2.804,40.92,35.15,False
VPW-ROBOT-WELD-03,180,2.736,40.28,29.57,False
VPW-ROBOT-WELD-03,181,2.801,38.89,41.68,False
VPW-ROBOT-WELD-03,182,2.832,38.99,23.74,False
VPW-ROBOT-WELD-03,183,2.752,39.06,19.39,False
VPW-ROBOT-WELD-03,184,2.722,41.58,26.84,False
VPW-ROBOT-WELD-03,185,2.713,40.29,27.33,False
VPW-ROBOT-WELD-03,186,2.456,39.8,43.49,False
VPW-ROBOT-WELD-03,187,2.725,40.73,23.42,False
VPW-ROBOT-WELD-03,188,2.523,40.31,23.99,False
VPW-ROBOT-WELD-03,189,2.671,40.48,23.95,False
VPW-ROBOT-WELD-03,190,2.528,40.28,32.78,False
VPW-ROBOT-WELD-03,191,2.673,41.01,22.59,False
VPW-ROBOT-WELD-03,192,2.491,41.25,22.35,False
VPW-ROBOT-WELD-03,193,2.544,40.64,32.51,False
VPW-ROBOT-WELD-03,194,2.738,40.56,38.32,False
VPW-ROBOT-WELD-03,195,2.55,41.25,21.44,False
VPW-ROBOT-WELD-03,196,2.649,39.74,33.02,False
VPW-ROBOT-WELD-03,197,2.458,38.6,37.55,False
VPW-ROBOT-WELD-03,198,2.416,40.43,27.07,False
VPW-ROBOT-WELD-03,199,2.534,39.33,35.39,False
VPW-ROBOT-WELD-03,200,2.439,40.19,19.32,False
VPW-ROBOT-WELD-03,201,2.522,40.2,34.48,False
VPW-ROBOT-WELD-03,202,2.253,40.76,26.51,False
VPW-ROBOT-WELD-03,203,2.412,40.13,31.11,False
VPW-ROBOT-WELD-03,204,2.4,40.44,27.49,False
VPW-ROBOT-WELD-03,205,2.474,38.43,25.33,False
VPW-ROBOT-WELD-03,206,2.429,41.05,36.22,False
VPW-ROBOT-WELD-03,207,2.459,39.19,34.74,False
VPW-ROBOT-WELD-03,208,2.269,39.81,21.57,False
VPW-ROBOT-WELD-03,209,2.381,40.5,20.79,False
VPW-ROBOT-WELD-03,210,2.472,39.61,35.53,False
VPW-ROBOT-WELD-03,211,2.348,38.84,46.1,False
VPW-ROBOT-WELD-03,212,2.559,40.01,34.11,False
VPW-ROBOT-WELD-03,213,2.452,39.48,40.12,False
VPW-ROBOT-WELD-03,214,2.369,39.73,45.33,False
VPW-ROBOT-WELD-03,215,2.563,40.97,39.31,False
VPW-ROBOT-WELD-03,216,2.486,39.46,19.51,False
VPW-ROBOT-WELD-03,217,2.556,40.2,36.88,False
VPW-ROBOT-WELD-03,218,2.468,39.11,39.89,False
VPW-ROBOT-WELD-03,219,2.437,39.34,44.64,False
VPW-ROBOT-WELD-03,220,2.486,38.96,23.09,False
VPW-ROBOT-WELD-03,221,2.524,37.96,20.88,False
VPW-ROBOT-WELD-03,222,2.73,38.3,27.3,False
VPW-ROBOT-WELD-03,223,2.635,40.02,31.04,False
VPW-ROBOT-WELD-03,224,2.534,37.69,34.31,False
VPW-ROBOT-WELD-03,225,2.583,39.76,22.87,False
VPW-ROBOT-WELD-03,226,2.668,38.82,32.99,False
VPW-ROBOT-WELD-03,227,2.77,39.72,22.99,False
VPW-ROBOT-WELD-03,228,2.577,38.65,44.87,False
VPW-ROBOT-WELD-03,229,2.808,38.3,34.81,False
VPW-ROBOT-WELD-03,230,2.778,36.26,20.51,False
VPW-ROBOT-WELD-03,231,2.787,38.36,41.08,False
VPW-ROBOT-WELD-03,232,2.757,38.11,39.68,False
VPW-ROBOT-WELD-03,233,2.859,38.26,39.12,False
VPW-ROBOT-WELD-03,234,2.883,37.47,19.92,False
VPW-ROBOT-WELD-03,235,2.781,37.98,29.11,False
VPW-ROBOT-WELD-03,236,2.773,38.2,22.51,False
VPW-ROBOT-WELD-03,237,2.746,37.27,34.9,False
VPW-ROBOT-WELD-03,238,2.88,38.73,23.49,False
VPW-ROBOT-WELD-03,239,2.884,36.94,31.48,False
VPW-ROBOT-WELD-03,240,2.858,39.46,35.13,False
VPW-ROBOT-WELD-03,241,2.958,38.02,42.5,False
VPW-ROBOT-WELD-03,242,2.905,37.15,44.18,False
VPW-ROBOT-WELD-03,243,2.774,38.12,44.75,False
VPW-ROBOT-WELD-03,244,2.91,38.53,25.05,False
VPW-ROBOT-WELD-03,245,2.846,37.85,44.82,False
VPW-ROBOT-WELD-03,246,2.722,36.74,30.19,False
VPW-ROBOT-WELD-03,247,2.799,37.47,33.33,False
VPW-ROBOT-WELD-03,248,2.868,36.01,26.66,False
VPW-ROBOT-WELD-03,249,2.76,37.73,28.07,False
VPW-ROBOT-WELD-03,250,2.944,37.78,25.46,False
VPW-ROBOT-WELD-03,251,2.789,38.55,35.4,False
VPW-ROBOT-WELD-03,252,2.761,37.93,38.06,False
VPW-ROBOT-WELD-03,253,2.715,37.4,26.88,False
VPW-ROBOT-WELD-03,254,2.828,37.45,23.56,False
VPW-ROBOT-WELD-03,255,2.771,36.56,20.56,False
VPW-ROBOT-WELD-03,256,2.701,37.15,19.08,False
VPW-ROBOT-WELD-03,257,2.678,36.64,17.75,False
VPW-ROBOT-WELD-03,258,2.768,37.52,28.19,False
VPW-ROBOT-WELD-03,259,2.759,38.66,21.66,False
VPW-ROBOT-WELD-03,260,2.771,36.2,33.87,False
VPW-ROBOT-WELD-03,261,2.662,37.61,29.74,False
VPW-ROBOT-WELD-03,262,2.789,36.8,19.55,False
VPW-ROBOT-WELD-03,263,2.649,37.95,25.91,False
VPW-ROBOT-WELD-03,264,2.65,37.71,36.02,False
VPW-ROBOT-WELD-03,265,2.664,37.67,33.91,False
VPW-ROBOT-WELD-03,266,2.547,37.3,42.39,False
VPW-ROBOT-WELD-03,267,2.582,38.16,35.22,False
VPW-ROBOT-WELD-03,268,2.592,38.68,41.24,False
VPW-ROBOT-WELD-03,269,2.565,36.93,34.09,False
VPW-ROBOT-WELD-03,270,2.513,38.27,39.4,False
VPW-ROBOT-WELD-03,271,2.558,36.35,21.99,False
VPW-ROBOT-WELD-03,272,2.632,36.89,28.86,False
VPW-ROBOT-WELD-03,273,2.49,36.84,43.34,False
VPW-ROBOT-WELD-03,274,2.4,35.98,25.57,False
VPW-ROBOT-WELD-03,275,2.424,38.5,22.14,False
VPW-ROBOT-WELD-03,276,2.397,37.75,36.29,False
VPW-ROBOT-WELD-03,277,2.518,38.21,20.42,False
VPW-ROBOT-WELD-03,278,2.423,37.42,19.05,False
VPW-ROBOT-WELD-03,279,2.512,36.32,43.08,False
VPW-ROBOT-WELD-03,280,2.411,38.29,22.43,False
VPW-ROBOT-WELD-03,281,2.533,38.46,21.74,False
VPW-ROBOT-WELD-03,282,2.467,37.91,44.91,False
VPW-ROBOT-WELD-03,283,2.486,38.1,34.43,False
VPW-ROBOT-WELD-03,284,2.536,35.37,32.52,False
VPW-ROBOT-WELD-03,285,2.445,36.93,33.45,False
VPW-ROBOT-WELD-03,286,2.485,40.16,29.15,False
VPW-ROBOT-WELD-03,287,2.478,38.07,41.03,False
VPW-ROBOT-WELD-03,288,2.477,37.92,30.1,False
VPW-ROBOT-WELD-03,289,2.697,38.01,45.17,False
VPW-ROBOT-WELD-03,290,2.42,39.01,23.31,False
VPW-ROBOT-WELD-03,291,2.741,38.04,24.99,False
VPW-ROBOT-WELD-03,292,2.557,38.53,18.51,False
VPW-ROBOT-WELD-03,293,2.453,39.19,29.07,False
VPW-ROBOT-WELD-03,294,2.578,38.75,45.49,False
VPW-ROBOT-WELD-03,295,2.714,40.38,36.93,False
VPW-ROBOT-WELD-03,296,2.548,38.07,24.45,False
VPW-ROBOT-WELD-03,297,2.597,40.67,26.33,False
VPW-ROBOT-WELD-03,298,2.768,38.55,41.65,False
VPW-ROBOT-WELD-03,299,2.339,39.49,25.03,False
VPW-ROBOT-WELD-03,300,2.655,38.09,26.63,False
VPW-ROBOT-WELD-03,301,2.688,38.63,28.99,False
VPW-ROBOT-WELD-03,302,2.788,37.98,29.86,False
VPW-ROBOT-WELD-03,303,2.71,39.02,40.24,False
VPW-ROBOT-WELD-03,304,2.745,38.98,45.33,False
VPW-ROBOT-WELD-03,305,2.706,39.68,20.17,False
VPW-ROBOT-WELD-03,306,2.804,41.11,25.8,False
VPW-ROBOT-WELD-03,307,2.76,37.91,17.06,False
VPW-ROBOT-WELD-03,308,2.868,39.7,34.35,False
VPW-ROBOT-WELD-03,309,2.788,41.02,21.89,False
VPW-ROBOT-WELD-03,310,2.649,38.05,46.25,False
VPW-ROBOT-WELD-03,311,2.924,38.72,23.15,False
VPW-ROBOT-WELD-03,312,2.823,39.1,26.74,False
VPW-ROBOT-WELD-03,313,2.848,39.89,45.2,False
VPW-ROBOT-WELD-03,314,2.935,40.22,36.28,False
VPW-ROBOT-WELD-03,315,2.92,40.75,20.96,False
VPW-ROBOT-WELD-03,316,2.808,40.99,30.87,False
VPW-ROBOT-WELD-03,317,2.782,37.79,45.72,False
VPW-ROBOT-WELD-03,318,2.814,40.36,20.48,False
VPW-ROBOT-WELD-03,319,2.898,41.18,18.78,False
VPW-ROBOT-WELD-03,320,2.857,40.56,29.17,False
VPW-ROBOT-WELD-03,321,2.897,39.49,40.01,False
VPW-ROBOT-WELD-03,322,3.055,41.2,28.85,False
VPW-ROBOT-WELD-03,323,3.074,40.48,40.69,False
VPW-ROBOT-WELD-03,324,2.889,41.17,45.15,False
VPW-ROBOT-WELD-03,325,2.941,40.34,23.6,False
VPW-ROBOT-WELD-03,326,2.752,40.54,25.58,False
VPW-ROBOT-WELD-03,327,2.904,40.52,38.0,False
VPW-ROBOT-WELD-03,328,2.775,38.58,23.54,False
VPW-ROBOT-WELD-03,329,2.848,41.68,27.12,False
VPW-ROBOT-WELD-03,330,2.776,40.79,42.42,False
VPW-ROBOT-WELD-03,331,2.921,41.17,35.44,False
VPW-ROBOT-WELD-03,332,2.89,41.55,40.53,False
VPW-ROBOT-WELD-03,333,2.768,40.78,37.08,False
VPW-ROBOT-WELD-03,334,2.935,39.72,38.96,False
VPW-ROBOT-WELD-03,335,2.788,40.84,39.65,False
VPW-ROBOT-WELD-03,336,2.638,41.53,27.74,False
VPW-ROBOT-WELD-03,337,2.821,40.94,42.9,False
VPW-ROBOT-WELD-03,338,2.745,43.37,30.0,False
VPW-ROBOT-WELD-03,339,2.535,41.8,39.19,False
VPW-ROBOT-WELD-03,340,2.603,41.72,39.76,False
VPW-ROBOT-WELD-03,341,2.585,40.89,28.29,False
VPW-ROBOT-WELD-03,342,2.644,41.23,22.18,False
VPW-ROBOT-WELD-03,343,2.604,40.66,39.43,False
VPW-ROBOT-WELD-03,344,2.57,40.51,31.15,False
VPW-ROBOT-WELD-03,345,2.761,41.42,42.95,False
VPW-ROBOT-WELD-03,346,2.648,41.85,22.43,False
VPW-ROBOT-WELD-03,347,2.794,41.17,24.51,False
VPW-ROBOT-WELD-03,348,2.523,40.79,40.52,False
VPW-ROBOT-WELD-03,349,2.524,41.24,19.59,False
VPW-ROBOT-WELD-03,350,2.454,41.27,36.45,False
VPW-ROBOT-WELD-03,351,2.418,41.8,44.9,False
VPW-ROBOT-WELD-03,352,2.459,40.52,40.01,False
VPW-ROBOT-WELD-03,353,2.56,40.7,20.97,False
VPW-ROBOT-WELD-03,354,2.513,41.36,25.91,False
VPW-ROBOT-WELD-03,355,2.573,40.24,28.59,False
VPW-ROBOT-WELD-03,356,2.402,40.07,32.99,False
VPW-ROBOT-WELD-03,357,2.374,40.98,42.05,False
VPW-ROBOT-WELD-03,358,2.549,40.75,31.84,False
VPW-ROBOT-WELD-03,359,2.356,39.45,22.97,False
VPW-ROBOT-WELD-03,360,2.475,40.74,33.4,False
VPW-ROBOT-WELD-03,361,2.654,39.35,33.29,False
VPW-ROBOT-WELD-03,362,2.605,39.42,40.03,False
VPW-ROBOT-WELD-03,363,2.602,38.72,40.12,False
VPW-ROBOT-WELD-03,364,2.449,40.3,24.47,False
VPW-ROBOT-WELD-03,365,2.438,39.81,39.82,False
VPW-ROBOT-WELD-03,366,2.427,38.58,34.42,False
VPW-ROBOT-WELD-03,367,2.619,39.98,28.4,False
VPW-ROBOT-WELD-03,368,2.536,39.58,35.43,False
VPW-ROBOT-WELD-03,369,2.514,40.82,35.2,False
VPW-ROBOT-WELD-03,370,2.625,40.58,33.91,False
VPW-ROBOT-WELD-03,371,2.613,40.15,29.93,False
VPW-ROBOT-WELD-03,372,2.904,37.82,18.98,False
VPW-ROBOT-WELD-03,373,2.64,39.76,28.25,False
VPW-ROBOT-WELD-03,374,2.754,39.6,25.02,False
VPW-ROBOT-WELD-03,375,2.51,39.38,38.38,False
VPW-ROBOT-WELD-03,376,2.607,39.37,28.35,False
VPW-ROBOT-WELD-03,377,2.641,40.03,21.12,False
VPW-ROBOT-WELD-03,378,2.697,38.2,21.37,False
VPW-ROBOT-WELD-03,379,2.729,39.35,32.97,False
VPW-ROBOT-WELD-03,380,2.648,38.82,25.31,False
VPW-ROBOT-WELD-03,381,2.722,37.78,37.17,False
VPW-ROBOT-WELD-03,382,2.748,39.06,38.82,True
VPW-ROBOT-WELD-03,383,2.763,37.92,21.93,True
VPW-ROBOT-WELD-03,384,2.776,38.41,39.44,True
VPW-ROBOT-WELD-03,385,2.757,39.0,38.68,True
VPW-ROBOT-WELD-03,386,2.758,38.47,42.88,True
VPW-ROBOT-WELD-03,387,2.833,39.11,39.06,True
VPW-ROBOT-WELD-03,388,2.912,39.18,39.67,True
VPW-ROBOT-WELD-03,389,2.936,38.62,24.4,True
VPW-ROBOT-WELD-03,390,3.019,37.63,45.36,True
VPW-ROBOT-WELD-03,391,2.82,38.58,23.3,True
VPW-ROBOT-WELD-03,392,2.88,38.97,32.86,True
VPW-ROBOT-WELD-03,393,3.043,38.08,35.68,True
VPW-ROBOT-WELD-03,394,2.995,38.32,36.21,True
VPW-ROBOT-WELD-03,395,2.94,38.82,32.29,True
VPW-ROBOT-WELD-03,396,2.888,39.08,20.26,True
VPW-ROBOT-WELD-03,397,3.097,38.84,35.47,True
VPW-ROBOT-WELD-03,398,3.071,38.23,33.02,True
VPW-ROBOT-WELD-03,399,2.84,39.46,32.83,True
VPW-ROBOT-WELD-03,400,2.996,41.05,21.34,True
VPW-ROBOT-WELD-03,401,2.957,38.28,35.23,True
VPW-ROBOT-WELD-03,402,3.006,39.39,39.68,True
VPW-ROBOT-WELD-03,403,3.063,37.37,26.13,True
VPW-ROBOT-WELD-03,404,2.999,38.48,24.64,True
VPW-ROBOT-WELD-03,405,2.98,39.88,30.88,True
VPW-ROBOT-WELD-03,406,2.927,40.15,31.65,True
VPW-ROBOT-WELD-03,407,2.943,38.17,45.12,True
VPW-ROBOT-WELD-03,408,3.02,39.3,33.59,True
VPW-ROBOT-WELD-03,409,2.798,38.19,40.26,True
VPW-ROBOT-WELD-03,410,2.951,38.7,33.59,True
VPW-ROBOT-WELD-03,411,2.631,39.75,25.82,True
VPW-ROBOT-WELD-03,412,2.718,39.47,37.39,True
VPW-ROBOT-WELD-03,413,2.86,38.13,27.0,True
VPW-ROBOT-WELD-03,414,2.873,38.13,28.79,True
VPW-ROBOT-WELD-03,415,2.829,39.35,28.39,True
VPW-ROBOT-WELD-03,416,2.726,38.95,39.83,True
VPW-ROBOT-WELD-03,417,2.867,38.9,36.91,True
VPW-ROBOT-WELD-03,418,2.787,39.55,26.69,True
VPW-ROBOT-WELD-03,419,2.881,39.89,21.11,True
VPW-ROBOT-WELD-03,420,2.756,37.07,44.35,True
VPW-ROBOT-WELD-03,421,2.915,39.18,42.03,True
VPW-ROBOT-WELD-03,422,2.713,39.73,31.74,True
VPW-ROBOT-WELD-03,423,2.755,39.56,21.62,True
VPW-ROBOT-WELD-03,424,2.845,38.49,34.06,True
VPW-ROBOT-WELD-03,425,2.753,38.28,34.05,True
VPW-ROBOT-WELD-03,426,2.701,39.71,45.35,True
VPW-ROBOT-WELD-03,427,2.687,38.76,30.85,True
VPW-ROBOT-WELD-03,428,2.701,39.44,35.91,True
VPW-ROBOT-WELD-03,429,2.783,40.96,36.04,True
VPW-ROBOT-WELD-03,430,2.654,41.88,35.41,True
VPW-ROBOT-WELD-03,431,2.71,40.57,45.39,True
VPW-ROBOT-WELD-03,432,2.621,40.87,45.16,True
VPW-ROBOT-WELD-03,433,2.635,39.72,28.31,True
VPW-ROBOT-WELD-03,434,2.768,40.86,38.53,True
VPW-ROBOT-WELD-03,435,2.884,39.14,26.65,True
VPW-ROBOT-WELD-03,436,2.668,40.5,26.27,True
VPW-ROBOT-WELD-03,437,2.768,41.22,44.7,True
VPW-ROBOT-WELD-03,438,2.512,40.19,29.62,True
VPW-ROBOT-WELD-03,439,2.679,41.26,35.32,True
VPW-ROBOT-WELD-03,440,2.596,41.32,25.98,True
VPW-ROBOT-WELD-03,441,2.975,42.55,23.99,True
VPW-ROBOT-WELD-03,442,2.771,40.97,40.43,True
VPW-ROBOT-WELD-03,443,2.961,40.25,42.25,True
VPW-ROBOT-WELD-03,444,2.812,42.7,33.46,True
VPW-ROBOT-WELD-03,445,3.015,41.91,44.09,True
VPW-ROBOT-WELD-03,446,2.773,42.48,28.74,True
VPW-ROBOT-WELD-03,447,3.018,41.93,38.11,True
VPW-ROBOT-WELD-03,448,3.07,42.51,40.02,True
VPW-ROBOT-WELD-03,449,3.008,43.08,43.9,True
VPW-ROBOT-WELD-03,450,3.031,42.48,20.55,True
VPW-ROBOT-WELD-03,451,3.051,42.02,28.16,True
VPW-ROBOT-WELD-03,452,2.994,41.75,33.23,True
VPW-ROBOT-WELD-03,453,2.952,44.44,47.21,True
VPW-ROBOT-WELD-03,454,3.014,42.35,35.0,True
VPW-ROBOT-WELD-03,455,2.892,44.4,28.51,True
VPW-ROBOT-WELD-03,456,3.119,43.49,46.31,True
VPW-ROBOT-WELD-03,457,3.072,44.3,47.2,True
VPW-ROBOT-WELD-03,458,3.22,42.93,24.73,True
VPW-ROBOT-WELD-03,459,3.241,43.95,43.33,True
VPW-ROBOT-WELD-03,460,3.25,43.86,20.64,True
VPW-ROBOT-WELD-03,461,3.13,44.43,30.53,True
VPW-ROBOT-WELD-03,462,3.203,44.23,22.42,True
VPW-ROBOT-WELD-03,463,3.143,44.11,45.48,True
VPW-ROBOT-WELD-03,464,3.318,43.95,38.24,True
VPW-ROBOT-WELD-03,465,3.141,42.81,38.24,True
VPW-ROBOT-WELD-03,466,3.138,44.64,27.35,True
VPW-ROBOT-WELD-03,467,3.398,43.97,37.62,True
VPW-ROBOT-WELD-03,468,3.332,44.98,39.51,True
VPW-ROBOT-WELD-03,469,3.338,45.86,24.62,True
VPW-ROBOT-WELD-03,470,3.277,44.66,37.93,True
VPW-ROBOT-WELD-03,471,3.122,45.14,42.61,True
VPW-ROBOT-WELD-03,472,3.548,46.03,37.65,True
VPW-ROBOT-WELD-03,473,3.305,44.04,39.47,True
VPW-ROBOT-WELD-03,474,3.229,45.15,32.28,True
VPW-ROBOT-WELD-03,475,3.236,45.18,36.07,True
VPW-ROBOT-WELD-03,476,3.451,46.4,36.27,True
VPW-ROBOT-WELD-03,477,3.405,45.88,32.67,True
VPW-ROBOT-WELD-03,478,3.531,46.45,28.71,True
VPW-ROBOT-WELD-03,479,3.27,46.91,29.0,True
VPW-ROBOT-WELD-03,480,3.378,46.89,23.64,True
VPW-ROBOT-WELD-03,481,3.338,46.47,23.49,True
VPW-ROBOT-WELD-03,482,3.273,46.03,43.89,True
VPW-ROBOT-WELD-03,483,3.377,45.62,40.27,True
VPW-ROBOT-WELD-03,484,3.164,45.47,32.94,True
VPW-ROBOT-WELD-03,485,3.315,45.25,46.56,True
VPW-ROBOT-WELD-03,486,3.104,43.77,47.48,True
VPW-ROBOT-WELD-03,487,3.151,47.3,43.49,True
VPW-ROBOT-WELD-03,488,3.286,47.98,34.91,True
VPW-ROBOT-WELD-03,489,3.258,47.68,39.81,True
VPW-ROBOT-WELD-03,490,3.325,47.13,26.46,True
VPW-ROBOT-WELD-03,491,3.087,46.59,26.1,True
VPW-ROBOT-WELD-03,492,3.286,47.48,22.68,True
VPW-ROBOT-WELD-03,493,3.204,47.4,20.08,True
VPW-ROBOT-WELD-03,494,3.111,46.93,21.27,True
VPW-ROBOT-WELD-03,495,3.241,45.81,27.85,True
VPW-ROBOT-WELD-03,496,3.055,47.0,38.52,True
VPW-ROBOT-WELD-03,497,3.048,47.71,38.07,True
VPW-ROBOT-WELD-03,498,3.237,47.59,34.49,True
VPW-ROBOT-WELD-03,499,3.233,47.6,35.72,True
VPW-ROBOT-WELD-03,500,3.16,47.97,41.04,True
VPW-ROBOT-WELD-03,501,3.055,47.68,46.43,True
VPW-ROBOT-WELD-03,502,3.222,47.23,38.33,True
VPW-ROBOT-WELD-03,503,3.154,47.56,39.17,True
VPW-ROBOT-WELD-03,504,3.139,46.5,29.21,True
VPW-ROBOT-WELD-03,505,3.149,47.06,40.44,True
VPW-ROBOT-WELD-03,506,3.161,46.08,20.15,True
VPW-ROBOT-WELD-03,507,3.117,47.4,44.72,True
VPW-ROBOT-WELD-03,508,3.277,47.83,45.72,True
VPW-ROBOT-WELD-03,509,3.336,48.87,42.9,True
VPW-ROBOT-WELD-03,510,3.229,49.33,21.12,True
VPW-ROBOT-WELD-03,511,3.048,47.49,25.73,True
VPW-ROBOT-WELD-03,512,3.216,49.38,39.61,True
VPW-ROBOT-WELD-03,513,3.329,48.59,23.36,True
VPW-ROBOT-WELD-03,514,3.213,47.66,27.12,True
VPW-ROBOT-WELD-03,515,3.252,47.62,34.62,True
VPW-ROBOT-WELD-03,516,3.358,46.1,42.6,True
VPW-ROBOT-WELD-03,517,3.213,47.33,25.46,True
VPW-ROBOT-WELD-03,518,3.216,47.65,37.83,True
VPW-ROBOT-WELD-03,519,3.32,47.76,32.93,True
VPW-ROBOT-WELD-03,520,3.245,47.55,35.17,True
VPW-ROBOT-WELD-03,521,3.257,48.59,38.93,True
VPW-ROBOT-WELD-03,522,3.259,49.04,31.89,True
VPW-ROBOT-WELD-03,523,3.547,47.29,21.6,True
VPW-ROBOT-WELD-03,524,3.548,48.79,32.44,True
VPW-ROBOT-WELD-03,525,3.498,48.65,40.35,True
VPW-ROBOT-WELD-03,526,3.376,46.62,36.9,True
VPW-ROBOT-WELD-03,527,3.375,49.45,40.74,True
VPW-ROBOT-WELD-03,528,3.618,47.17,43.69,True
VPW-ROBOT-WELD-03,529,3.699,48.46,23.76,True
VPW-ROBOT-WELD-03,530,3.484,50.16,34.13,True
VPW-ROBOT-WELD-03,531,3.473,48.16,40.59,True
VPW-ROBOT-WELD-03,532,3.542,49.0,44.58,True
VPW-ROBOT-WELD-03,533,3.669,49.01,43.07,True
VPW-ROBOT-WELD-03,534,3.849,46.62,34.74,True
VPW-ROBOT-WELD-03,535,3.558,47.43,43.69,True
VPW-ROBOT-WELD-03,536,3.87,48.47,28.86,True
VPW-ROBOT-WELD-03,537,3.921,46.18,44.38,True
VPW-ROBOT-WELD-03,538,3.698,47.76,22.05,True
VPW-ROBOT-WELD-03,539,3.823,48.22,43.76,True
VPW-ROBOT-WELD-03,540,3.732,49.11,47.33,True
VPW-ROBOT-WELD-03,541,3.914,48.18,27.28,True
VPW-ROBOT-WELD-03,542,3.799,48.92,47.23,True
VPW-ROBOT-WELD-03,543,3.836,48.45,37.07,True
VPW-ROBOT-WELD-03,544,3.891,47.76,24.16,True
VPW-ROBOT-WELD-03,545,3.883,48.22,46.91,True
VPW-ROBOT-WELD-03,546,3.946,47.87,41.85,True
VPW-ROBOT-WELD-03,547,3.684,47.89,37.18,True
VPW-ROBOT-WELD-03,548,3.962,47.96,27.11,True
VPW-ROBOT-WELD-03,549,4.001,48.76,36.21,True
VPW-ROBOT-WELD-03,550,3.819,47.87,30.3,True
VPW-ROBOT-WELD-03,551,3.762,48.2,27.06,True
VPW-ROBOT-WELD-03,552,3.985,48.59,41.82,True
VPW-ROBOT-WELD-03,553,3.933,49.45,42.09,True
VPW-ROBOT-WELD-03,554,3.905,48.5,36.69,True
VPW-ROBOT-WELD-03,555,3.926,49.4,45.59,True
VPW-ROBOT-WELD-03,556,3.873,48.74,29.73,True
VPW-ROBOT-WELD-03,557,3.877,48.14,47.81,True
VPW-ROBOT-WELD-03,558,3.879,49.78,39.51,True
VPW-ROBOT-WELD-03,559,3.892,50.54,21.22,True
VPW-ROBOT-WELD-03,560,3.65,49.19,24.97,True
VPW-ROBOT-WELD-03,561,3.83,50.88,28.88,True
VPW-ROBOT-WELD-03,562,3.765,47.59,26.28,True
VPW-ROBOT-WELD-03,563,3.706,48.75,48.06,True
VPW-ROBOT-WELD-03,564,3.822,49.23,25.98,True
VPW-ROBOT-WELD-03,565,3.854,49.51,25.21,True
VPW-ROBOT-WELD-03,566,3.755,48.69,32.6,True
VPW-ROBOT-WELD-03,567,3.803,50.03,32.66,True
VPW-ROBOT-WELD-03,568,3.781,49.87,34.89,True
VPW-ROBOT-WELD-03,569,3.812,50.17,32.85,True
VPW-ROBOT-WELD-03,570,3.831,50.68,34.67,True
VPW-ROBOT-WELD-03,571,3.659,50.34,31.87,True
VPW-ROBOT-WELD-03,572,3.611,49.99,39.23,True
VPW-ROBOT-WELD-03,573,3.714,50.17,31.72,True
VPW-ROBOT-WELD-03,574,3.832,50.37,49.23,True
VPW-ROBOT-WELD-03,575,3.611,48.74,36.16,True
VPW-ROBOT-WELD-03,576,3.726,50.79,35.94,True
VPW-ROBOT-WELD-03,577,3.679,49.71,42.85,True
VPW-ROBOT-WELD-03,578,3.543,51.27,26.98,True
VPW-ROBOT-WELD-03,579,3.731,52.06,43.66,True
VPW-ROBOT-WELD-03,580,3.684,52.63,28.32,True
VPW-ROBOT-WELD-03,581,3.609,50.92,39.86,True
VPW-ROBOT-WELD-03,582,3.817,49.88,23.82,True
VPW-ROBOT-WELD-03,583,3.698,51.19,47.17,True
VPW-ROBOT-WELD-03,584,3.642,51.26,35.01,True
VPW-ROBOT-WELD-03,585,3.676,52.81,30.43,True
VPW-ROBOT-WELD-03,586,3.661,51.14,32.96,True
VPW-ROBOT-WELD-03,587,3.842,52.36,45.04,True
VPW-ROBOT-WELD-03,588,3.849,52.01,35.93,True
VPW-ROBOT-WELD-03,589,3.854,53.12,25.12,True
VPW-ROBOT-WELD-03,590,3.843,52.16,22.13,True
VPW-ROBOT-WELD-03,591,3.917,52.93,29.99,True
VPW-ROBOT-WELD-03,592,3.772,54.44,27.34,True
VPW-ROBOT-WELD-03,593,3.762,54.48,41.72,True
VPW-ROBOT-WELD-03,594,3.899,52.22,33.24,True
VPW-ROBOT-WELD-03,595,3.86,55.26,43.24,True
VPW-ROBOT-WELD-03,596,3.8,53.75,30.69,True
VPW-ROBOT-WELD-03,597,3.958,54.64,26.5,True
VPW-ROBOT-WELD-03,598,3.883,54.94,24.5,True
VPW-ROBOT-WELD-03,599,4.009,53.03,48.22,True
VPW-ROBOT-WELD-03,600,4.075,54.07,42.49,True
VPW-ROBOT-WELD-03,601,4.07,54.48,24.71,True
VPW-ROBOT-WELD-03,602,3.895,55.17,45.11,True
VPW-ROBOT-WELD-03,603,4.142,54.82,47.48,True
VPW-ROBOT-WELD-03,604,4.062,53.98,25.88,True
VPW-ROBOT-WELD-03,605,4.076,54.97,39.47,True
VPW-ROBOT-WELD-03,606,4.171,55.81,37.21,True
VPW-ROBOT-WELD-03,607,4.13,54.65,25.2,True
VPW-ROBOT-WELD-03,608,4.293,54.93,42.11,True
VPW-ROBOT-WELD-03,609,4.185,55.18,45.97,True
VPW-ROBOT-WELD-03,610,4.363,54.43,34.3,True
VPW-ROBOT-WELD-03,611,4.398,55.88,32.35,True
VPW-ROBOT-WELD-03,612,4.314,55.3,33.11,True
VPW-ROBOT-WELD-03,613,4.301,57.55,47.61,True
VPW-ROBOT-WELD-03,614,4.36,57.23,25.2,True
VPW-ROBOT-WELD-03,615,4.409,55.9,38.71,True
VPW-ROBOT-WELD-03,616,4.413,55.33,25.16,True
VPW-ROBOT-WELD-03,617,4.272,54.8,29.26,True
VPW-ROBOT-WELD-03,618,4.339,57.91,49.61,True
VPW-ROBOT-WELD-03,619,4.365,56.9,35.59,True
VPW-ROBOT-WELD-03,620,4.28,57.59,36.07,True
VPW-ROBOT-WELD-03,621,4.435,57.62,37.25,True
VPW-ROBOT-WELD-03,622,4.493,57.16,41.34,True
VPW-ROBOT-WELD-03,623,4.555,57.79,35.71,True
VPW-ROBOT-WELD-03,624,4.628,57.47,27.13,True
VPW-ROBOT-WELD-03,625,4.539,57.7,26.91,True
VPW-ROBOT-WELD-03,626,4.545,57.5,36.41,True
VPW-ROBOT-WELD-03,627,4.412,57.21,38.47,True
VPW-ROBOT-WELD-03,628,4.53,57.86,25.31,True
VPW-ROBOT-WELD-03,629,4.489,57.95,47.83,True
VPW-ROBOT-WELD-03,630,4.516,58.33,44.59,True
VPW-ROBOT-WELD-03,631,4.487,59.81,37.19,True
VPW-ROBOT-WELD-03,632,4.477,58.05,33.92,True
VPW-ROBOT-WELD-03,633,4.423,59.23,45.38,True
VPW-ROBOT-WELD-03,634,4.458,58.49,46.61,True
VPW-ROBOT-WELD-03,635,4.648,58.69,48.73,True
VPW-ROBOT-WELD-03,636,4.599,58.63,25.68,True
VPW-ROBOT-WELD-03,637,4.565,59.73,50.26,True
VPW-ROBOT-WELD-03,638,4.554,59.68,32.68,True
VPW-ROBOT-WELD-03,639,4.358,60.31,32.06,True
VPW-ROBOT-WELD-03,640,4.509,59.53,46.16,True
VPW-ROBOT-WELD-03,641,4.235,61.03,44.38,True
VPW-ROBOT-WELD-03,642,4.429,59.21,29.82,True
VPW-ROBOT-WELD-03,643,4.397,59.27,46.34,True
VPW-ROBOT-WELD-03,644,4.346,59.49,39.43,True
VPW-ROBOT-WELD-03,645,4.469,60.66,41.98,True
VPW-ROBOT-WELD-03,646,4.434,59.83,24.29,True
VPW-ROBOT-WELD-03,647,4.537,61.06,44.64,True
VPW-ROBOT-WELD-03,648,4.367,59.63,33.53,True
VPW-ROBOT-WELD-03,649,4.415,61.17,29.43,True
VPW-ROBOT-WELD-03,650,4.38,60.11,34.33,True
VPW-ROBOT-WELD-03,651,4.253,59.97,45.89,True
VPW-ROBOT-WELD-03,652,4.297,60.62,26.71,True
VPW-ROBOT-WELD-03,653,4.525,60.31,28.18,True
VPW-ROBOT-WELD-03,654,4.452,60.47,47.02,True
VPW-ROBOT-WELD-03,655,4.315,60.39,35.07,True
VPW-ROBOT-WELD-03,656,4.346,60.52,24.27,True
VPW-ROBOT-WELD-03,657,4.305,60.96,44.07,True
VPW-ROBOT-WELD-03,658,4.41,60.4,29.95,True
VPW-ROBOT-WELD-03,659,4.326,60.38,25.26,True
VPW-ROBOT-WELD-03,660,4.251,59.9,45.21,True
VPW-ROBOT-WELD-03,661,4.464,60.9,35.96,True
VPW-ROBOT-WELD-03,662,4.55,61.62,28.09,True
VPW-ROBOT-WELD-03,663,4.461,63.84,24.44,True
VPW-ROBOT-WELD-03,664,4.452,61.97,45.76,True
VPW-ROBOT-WELD-03,665,4.485,61.69,40.27,True
VPW-ROBOT-WELD-03,666,4.315,62.05,31.97,True
VPW-ROBOT-WELD-03,667,4.524,60.86,51.38,True
VPW-ROBOT-WELD-03,668,4.371,62.31,36.51,True
VPW-ROBOT-WELD-03,669,4.442,61.95,39.6,True
VPW-ROBOT-WELD-03,670,4.548,61.05,34.54,True
VPW-ROBOT-WELD-03,671,4.488,62.66,33.03,True
VPW-ROBOT-WELD-03,672,4.675,62.11,35.11,True
VPW-ROBOT-WELD-03,673,4.73,61.26,51.61,True
VPW-ROBOT-WELD-03,674,4.591,62.73,41.38,True
VPW-ROBOT-WELD-03,675,4.687,61.12,26.11,True
VPW-ROBOT-WELD-03,676,4.631,61.34,48.7,True
VPW-ROBOT-WELD-03,677,4.548,61.83,46.21,True
VPW-ROBOT-WELD-03,678,4.835,60.86,42.93,True
VPW-ROBOT-WELD-03,679,4.839,61.48,30.04,True
VPW-ROBOT-WELD-03,680,4.675,62.03,45.4,True
VPW-ROBOT-WELD-03,681,4.974,61.77,46.38,True
VPW-ROBOT-WELD-03,682,4.825,63.17,47.57,True
VPW-ROBOT-WELD-03,683,4.964,61.99,32.35,True
VPW-ROBOT-WELD-03,684,4.854,62.03,33.26,True
VPW-ROBOT-WELD-03,685,4.859,62.89,31.14,True
VPW-ROBOT-WELD-03,686,5.008,62.17,49.84,True
VPW-ROBOT-WELD-03,687,4.936,62.15,47.43,True
VPW-ROBOT-WELD-03,688,5.012,62.09,32.98,True
VPW-ROBOT-WELD-03,689,4.923,59.7,48.16,True
VPW-ROBOT-WELD-03,690,5.112,61.96,43.06,True
VPW-ROBOT-WELD-03,691,5.14,61.78,50.36,True
VPW-ROBOT-WELD-03,692,5.229,62.71,30.11,True
VPW-ROBOT-WELD-03,693,4.91,62.84,39.74,True
VPW-ROBOT-WELD-03,694,5.203,62.09,28.01,True
VPW-ROBOT-WELD-03,695,5.161,62.4,38.68,True
VPW-ROBOT-WELD-03,696,4.981,61.9,43.33,True
VPW-ROBOT-WELD-03,697,5.211,62.49,35.25,True
VPW-ROBOT-WELD-03,698,5.091,62.24,27.97,True
VPW-ROBOT-WELD-03,699,5.216,62.29,41.35,True
VPW-ROBOT-WELD-03,700,5.182,62.82,47.21,True
VPW-ROBOT-WELD-03,701,5.148,63.51,47.85,True
VPW-ROBOT-WELD-03,702,5.099,63.23,47.94,True
VPW-ROBOT-WELD-03,703,5.08,64.13,32.72,True
VPW-ROBOT-WELD-03,704,5.325,62.49,40.69,True
VPW-ROBOT-WELD-03,705,5.134,63.58,40.4,True
VPW-ROBOT-WELD-03,706,5.18,63.91,34.72,True
VPW-ROBOT-WELD-03,707,5.202,63.59,35.91,True
VPW-ROBOT-WELD-03,708,5.143,62.62,25.17,True
VPW-ROBOT-WELD-03,709,5.192,63.96,39.73,True
VPW-ROBOT-WELD-03,710,5.268,62.59,27.83,True
VPW-ROBOT-WELD-03,711,5.169,63.6,31.76,True
VPW-ROBOT-WELD-03,712,5.241,63.22,34.84,True
VPW-ROBOT-WELD-03,713,5.09,63.94,50.09,True
VPW-ROBOT-WELD-03,714,5.058,63.61,36.11,True
VPW-ROBOT-WELD-03,715,5.071,63.78,44.86,True
VPW-ROBOT-WELD-03,716,5.222,63.41,46.12,True
VPW-ROBOT-WELD-03,717,5.19,62.5,44.8,True
VPW-ROBOT-WELD-03,718,5.259,63.3,47.61,True
VPW-ROBOT-WELD-03,719,5.175,65.24,33.39,True
VPW-ROBOT-WELD-04,0,2.926,45.34,27.65,False
VPW-ROBOT-WELD-04,1,2.985,44.85,35.48,False
VPW-ROBOT-WELD-04,2,2.874,46.54,39.43,False
VPW-ROBOT-WELD-04,3,3.006,45.85,20.92,False
VPW-ROBOT-WELD-04,4,3.145,43.81,27.39,False
VPW-ROBOT-WELD-04,5,2.93,45.56,34.57,False
VPW-ROBOT-WELD-04,6,3.07,46.43,37.53,False
VPW-ROBOT-WELD-04,7,2.976,45.69,28.8,False
VPW-ROBOT-WELD-04,8,3.23,45.6,23.45,False
VPW-ROBOT-WELD-04,9,3.048,45.47,18.66,False
VPW-ROBOT-WELD-04,10,3.324,46.11,25.83,False
VPW-ROBOT-WELD-04,11,3.218,46.09,32.59,False
VPW-ROBOT-WELD-04,12,3.118,47.37,42.4,False
VPW-ROBOT-WELD-04,13,3.099,45.59,42.87,False
VPW-ROBOT-WELD-04,14,3.179,47.53,25.55,False
VPW-ROBOT-WELD-04,15,2.983,45.26,27.1,False
VPW-ROBOT-WELD-04,16,3.178,47.49,34.87,False
VPW-ROBOT-WELD-04,17,3.241,48.13,36.4,False
VPW-ROBOT-WELD-04,18,3.163,45.19,35.05,False
VPW-ROBOT-WELD-04,19,3.079,44.77,45.8,False
VPW-ROBOT-WELD-04,20,3.117,46.79,44.8,False
VPW-ROBOT-WELD-04,21,3.109,45.37,34.43,False
VPW-ROBOT-WELD-04,22,3.251,46.83,33.15,False
VPW-ROBOT-WELD-04,23,3.224,45.09,42.26,False
VPW-ROBOT-WELD-04,24,3.219,47.31,42.29,False
VPW-ROBOT-WELD-04,25,3.216,47.33,44.35,False
VPW-ROBOT-WELD-04,26,3.061,47.74,21.35,False
VPW-ROBOT-WELD-04,27,3.151,46.81,45.81,False
VPW-ROBOT-WELD-04,28,3.113,46.12,27.74,False
VPW-ROBOT-WELD-04,29,3.111,46.73,45.16,False
VPW-ROBOT-WELD-04,30,3.203,47.59,36.87,False
VPW-ROBOT-WELD-04,31,3.051,46.58,45.11,False
VPW-ROBOT-WELD-04,32,3.047,48.15,42.08,False
VPW-ROBOT-WELD-04,33,2.902,47.01,25.3,False
VPW-ROBOT-WELD-04,34,2.956,46.62,19.96,False
VPW-ROBOT-WELD-04,35,2.997,46.5,41.34,False
VPW-ROBOT-WELD-04,36,2.924,47.22,44.9,False
VPW-ROBOT-WELD-04,37,3.09,47.09,42.69,False
VPW-ROBOT-WELD-04,38,2.817,46.58,40.24,False
VPW-ROBOT-WELD-04,39,2.903,47.29,18.16,False
VPW-ROBOT-WELD-04,40,2.999,46.98,30.96,False
VPW-ROBOT-WELD-04,41,2.792,47.87,38.89,False
VPW-ROBOT-WELD-04,42,2.879,46.02,25.58,False
VPW-ROBOT-WELD-04,43,2.901,47.6,32.19,False
VPW-ROBOT-WELD-04,44,2.819,46.92,26.31,False
VPW-ROBOT-WELD-04,45,2.762,47.23,43.6,False
VPW-ROBOT-WELD-04,46,2.789,45.72,36.87,False
VPW-ROBOT-WELD-04,47,2.761,47.21,44.03,False
VPW-ROBOT-WELD-04,48,2.885,47.35,40.93,False
VPW-ROBOT-WELD-04,49,2.802,45.09,20.72,False
VPW-ROBOT-WELD-04,50,2.859,46.9,45.69,False
VPW-ROBOT-WELD-04,51,2.87,46.38,39.25,False
VPW-ROBOT-WELD-04,52,2.86,46.06,24.2,False
VPW-ROBOT-WELD-04,53,2.8,46.46,33.32,False
VPW-ROBOT-WELD-04,54,2.728,46.73,42.16,False
VPW-ROBOT-WELD-04,55,2.668,47.21,43.95,False
VPW-ROBOT-WELD-04,56,2.793,45.96,30.42,False
VPW-ROBOT-WELD-04,57,2.591,47.22,18.75,False
VPW-ROBOT-WELD-04,58,2.729,45.76,19.59,False
VPW-ROBOT-WELD-04,59,2.761,46.57,44.29,False
VPW-ROBOT-WELD-04,60,2.603,45.83,19.87,False
VPW-ROBOT-WELD-04,61,2.703,45.8,34.44,False
VPW-ROBOT-WELD-04,62,2.819,45.96,19.98,False
VPW-ROBOT-WELD-04,63,2.877,45.99,25.13,False
VPW-ROBOT-WELD-04,64,2.78,45.89,42.39,False
VPW-ROBOT-WELD-04,65,3.004,45.16,24.41,False
VPW-ROBOT-WELD-04,66,2.68,47.67,36.51,False
VPW-ROBOT-WELD-04,67,2.985,45.73,30.41,False
VPW-ROBOT-WELD-04,68,2.892,44.74,33.86,False
VPW-ROBOT-WELD-04,69,3.001,47.04,41.71,False
VPW-ROBOT-WELD-04,70,2.939,46.08,40.98,False
VPW-ROBOT-WELD-04,71,3.031,45.91,42.26,False
VPW-ROBOT-WELD-04,72,2.819,45.06,27.19,False
VPW-ROBOT-WELD-04,73,3.008,44.94,21.85,False
VPW-ROBOT-WELD-04,74,2.964,45.36,43.79,False
VPW-ROBOT-WELD-04,75,2.982,45.05,23.3,False
VPW-ROBOT-WELD-04,76,3.111,46.4,29.43,False
VPW-ROBOT-WELD-04,77,3.032,45.36,29.54,False
VPW-ROBOT-WELD-04,78,2.942,45.42,30.44,False
VPW-ROBOT-WELD-04,79,3.302,46.08,40.88,False
VPW-ROBOT-WELD-04,80,2.973,44.98,24.75,False
VPW-ROBOT-WELD-04,81,3.186,43.71,29.83,False
VPW-ROBOT-WELD-04,82,3.081,46.18,37.94,False
VPW-ROBOT-WELD-04,83,3.138,45.69,30.27,False
VPW-ROBOT-WELD-04,84,3.117,45.11,31.4,False
VPW-ROBOT-WELD-04,85,3.165,44.54,42.1,False
VPW-ROBOT-WELD-04,86,3.192,45.65,33.54,False
VPW-ROBOT-WELD-04,87,3.111,43.66,32.79,False
VPW-ROBOT-WELD-04,88,3.117,44.79,42.91,False
VPW-ROBOT-WELD-04,89,3.206,44.27,23.64,False
VPW-ROBOT-WELD-04,90,3.182,45.18,34.02,False
VPW-ROBOT-WELD-04,91,3.131,44.15,37.0,False
VPW-ROBOT-WELD-04,92,3.369,45.24,18.84,False
VPW-ROBOT-WELD-04,93,3.359,44.97,27.13,False
VPW-ROBOT-WELD-04,94,3.135,42.63,39.83,False
VPW-ROBOT-WELD-04,95,3.117,43.84,21.02,False
VPW-ROBOT-WELD-04,96,3.248,43.97,31.41,False
VPW-ROBOT-WELD-04,97,3.297,44.15,24.0,False
VPW-ROBOT-WELD-04,98,3.078,42.76,41.57,False
VPW-ROBOT-WELD-04,99,3.073,44.19,39.82,False
VPW-ROBOT-WELD-04,100,3.175,43.97,30.19,False
VPW-ROBOT-WELD-04,101,3.051,44.23,29.03,False
VPW-ROBOT-WELD-04,102,3.147,44.04,41.22,False
VPW-ROBOT-WELD-04,103,3.136,44.38,40.9,False
VPW-ROBOT-WELD-04,104,3.249,43.94,42.19,False
VPW-ROBOT-WELD-04,105,3.102,44.31,24.13,False
VPW-ROBOT-WELD-04,106,3.272,44.27,19.12,False
VPW-ROBOT-WELD-04,107,3.05,43.91,29.78,False
VPW-ROBOT-WELD-04,108,3.119,44.72,44.09,False
VPW-ROBOT-WELD-04,109,3.017,45.65,37.57,False
VPW-ROBOT-WELD-04,110,2.947,42.84,30.88,False
VPW-ROBOT-WELD-04,111,3.146,43.46,32.4,False
VPW-ROBOT-WELD-04,112,3.069,42.88,33.56,False
VPW-ROBOT-WELD-04,113,3.031,44.27,42.27,False
VPW-ROBOT-WELD-04,114,2.956,45.43,23.28,False
VPW-ROBOT-WELD-04,115,2.858,43.08,36.55,False
VPW-ROBOT-WELD-04,116,3.0,43.1,43.41,False
VPW-ROBOT-WELD-04,117,2.922,43.61,45.61,False
VPW-ROBOT-WELD-04,118,3.029,43.97,30.52,False
VPW-ROBOT-WELD-04,119,2.778,43.34,36.51,False
VPW-ROBOT-WELD-04,120,2.911,42.68,35.17,False
VPW-ROBOT-WELD-04,121,2.89,44.77,21.23,False
VPW-ROBOT-WELD-04,122,2.812,44.52,32.8,False
VPW-ROBOT-WELD-04,123,2.79,43.78,26.46,False
VPW-ROBOT-WELD-04,124,2.884,44.72,31.02,False
VPW-ROBOT-WELD-04,125,2.664,42.73,44.48,False
VPW-ROBOT-WELD-04,126,2.787,43.23,27.94,False
VPW-ROBOT-WELD-04,127,2.79,43.44,18.36,False
VPW-ROBOT-WELD-04,128,2.911,44.77,32.88,False
VPW-ROBOT-WELD-04,129,2.854,43.18,34.45,False
VPW-ROBOT-WELD-04,130,2.703,42.94,44.86,False
VPW-ROBOT-WELD-04,131,2.771,45.74,19.69,False
VPW-ROBOT-WELD-04,132,2.768,43.17,41.37,False
VPW-ROBOT-WELD-04,133,2.874,43.91,25.97,False
VPW-ROBOT-WELD-04,134,2.845,44.95,24.42,False
VPW-ROBOT-WELD-04,135,2.727,45.32,40.52,False
VPW-ROBOT-WELD-04,136,3.006,45.47,18.79,False
VPW-ROBOT-WELD-04,137,2.76,46.08,43.46,False
VPW-ROBOT-WELD-04,138,2.867,44.64,32.07,False
VPW-ROBOT-WELD-04,139,2.76,44.67,40.93,False
VPW-ROBOT-WELD-04,140,2.732,44.38,37.24,False
VPW-ROBOT-WELD-04,141,2.762,44.24,32.22,False
VPW-ROBOT-WELD-04,142,2.923,45.21,18.14,False
VPW-ROBOT-WELD-04,143,2.95,45.53,30.76,False
VPW-ROBOT-WELD-04,144,2.883,44.24,35.36,False
VPW-ROBOT-WELD-04,145,2.804,45.33,42.78,False
VPW-ROBOT-WELD-04,146,2.94,44.49,39.8,False
VPW-ROBOT-WELD-04,147,2.938,46.42,28.78,False
VPW-ROBOT-WELD-04,148,2.83,44.55,26.73,False
VPW-ROBOT-WELD-04,149,2.922,44.9,24.97,False
VPW-ROBOT-WELD-04,150,3.02,45.6,34.25,False
VPW-ROBOT-WELD-04,151,2.755,46.73,24.91,False
VPW-ROBOT-WELD-04,152,3.066,47.08,32.47,False
VPW-ROBOT-WELD-04,153,3.008,46.65,43.53,False
VPW-ROBOT-WELD-04,154,3.135,43.38,39.11,False
VPW-ROBOT-WELD-04,155,3.061,45.16,24.34,False
VPW-ROBOT-WELD-04,156,3.171,46.14,18.08,False
VPW-ROBOT-WELD-04,157,3.096,45.49,31.17,False
VPW-ROBOT-WELD-04,158,3.153,45.71,43.38,False
VPW-ROBOT-WELD-04,159,3.228,45.06,43.49,False
VPW-ROBOT-WELD-04,160,3.137,45.91,21.55,False
VPW-ROBOT-WELD-04,161,3.178,47.34,32.3,False
VPW-ROBOT-WELD-04,162,3.485,47.24,38.7,False
VPW-ROBOT-WELD-04,163,3.242,45.75,24.01,False
VPW-ROBOT-WELD-04,164,3.414,46.19,25.84,False
VPW-ROBOT-WELD-04,165,3.134,44.75,31.57,False
VPW-ROBOT-WELD-04,166,3.245,46.2,23.88,False
VPW-ROBOT-WELD-04,167,3.151,47.46,41.92,False
VPW-ROBOT-WELD-04,168,3.122,46.38,28.39,False
VPW-ROBOT-WELD-04,169,3.212,47.1,31.8,False
VPW-ROBOT-WELD-04,170,3.215,46.74,40.29,False
VPW-ROBOT-WELD-04,171,3.304,47.62,25.12,False
VPW-ROBOT-WELD-04,172,3.316,48.05,30.28,False
VPW-ROBOT-WELD-04,173,3.276,48.1,40.37,False
VPW-ROBOT-WELD-04,174,3.197,46.56,43.71,False
VPW-ROBOT-WELD-04,175,3.164,47.9,31.02,False
VPW-ROBOT-WELD-04,176,3.153,46.76,18.7,False
VPW-ROBOT-WELD-04,177,3.195,48.26,42.05,False
VPW-ROBOT-WELD-04,178,3.2,47.42,44.21,False
VPW-ROBOT-WELD-04,179,3.087,47.6,32.23,False
VPW-ROBOT-WELD-04,180,3.089,47.32,18.74,False
VPW-ROBOT-WELD-04,181,3.069,46.72,45.25,False
VPW-ROBOT-WELD-04,182,3.172,48.09,45.15,False
VPW-ROBOT-WELD-04,183,3.227,46.77,34.75,False
VPW-ROBOT-WELD-04,184,2.965,48.19,27.05,False
VPW-ROBOT-WELD-04,185,3.033,44.78,40.08,False
VPW-ROBOT-WELD-04,186,3.24,47.7,21.16,False
VPW-ROBOT-WELD-04,187,3.043,47.82,36.47,False
VPW-ROBOT-WELD-04,188,3.073,47.34,39.21,False
VPW-ROBOT-WELD-04,189,3.1,46.46,37.22,False
VPW-ROBOT-WELD-04,190,3.027,47.32,18.99,False
VPW-ROBOT-WELD-04,191,3.085,47.57,19.45,False
VPW-ROBOT-WELD-04,192,2.945,46.71,36.28,False
VPW-ROBOT-WELD-04,193,2.616,46.52,40.69,False
VPW-ROBOT-WELD-04,194,3.084,47.15,38.21,False
VPW-ROBOT-WELD-04,195,2.992,46.46,43.92,False
VPW-ROBOT-WELD-04,196,2.929,46.64,22.05,False
VPW-ROBOT-WELD-04,197,2.828,47.7,41.9,False
VPW-ROBOT-WELD-04,198,2.82,47.41,33.83,False
VPW-ROBOT-WELD-04,199,2.844,47.64,38.5,False
VPW-ROBOT-WELD-04,200,3.005,48.21,25.94,False
VPW-ROBOT-WELD-04,201,2.886,47.26,33.94,False
VPW-ROBOT-WELD-04,202,2.681,47.54,33.11,False
VPW-ROBOT-WELD-04,203,2.688,46.77,30.89,False
VPW-ROBOT-WELD-04,204,2.783,46.57,25.54,False
VPW-ROBOT-WELD-04,205,2.812,47.09,31.35,False
VPW-ROBOT-WELD-04,206,2.897,46.13,29.43,False
VPW-ROBOT-WELD-04,207,2.749,46.89,21.04,False
VPW-ROBOT-WELD-04,208,2.753,47.12,25.28,False
VPW-ROBOT-WELD-04,209,2.82,48.14,39.09,False
VPW-ROBOT-WELD-04,210,2.819,46.77,36.76,False
VPW-ROBOT-WELD-04,211,2.794,46.44,18.79,False
VPW-ROBOT-WELD-04,212,2.85,46.82,44.13,False
VPW-ROBOT-WELD-04,213,2.829,47.14,27.22,False
VPW-ROBOT-WELD-04,214,2.923,46.63,35.72,False
VPW-ROBOT-WELD-04,215,2.776,47.12,44.8,False
VPW-ROBOT-WELD-04,216,2.666,47.25,36.31,False
VPW-ROBOT-WELD-04,217,2.981,46.26,30.31,False
VPW-ROBOT-WELD-04,218,2.839,46.66,42.41,False
VPW-ROBOT-WELD-04,219,3.078,46.13,35.56,False
VPW-ROBOT-WELD-04,220,2.996,47.76,30.64,False
VPW-ROBOT-WELD-04,221,3.04,46.7,41.78,False
VPW-ROBOT-WELD-04,222,3.014,44.68,42.25,False
VPW-ROBOT-WELD-04,223,2.921,47.28,26.06,False
VPW-ROBOT-WELD-04,224,3.126,44.9,29.56,False
VPW-ROBOT-WELD-04,225,3.113,46.39,29.24,False
VPW-ROBOT-WELD-04,226,3.031,46.58,19.44,False
VPW-ROBOT-WELD-04,227,3.348,46.0,32.48,False
VPW-ROBOT-WELD-04,228,3.037,46.15,38.56,False
VPW-ROBOT-WELD-04,229,3.035,46.11,42.22,False
VPW-ROBOT-WELD-04,230,3.193,45.27,28.73,False
VPW-ROBOT-WELD-04,231,3.123,44.26,25.47,False
VPW-ROBOT-WELD-04,232,3.297,44.36,20.53,False
VPW-ROBOT-WELD-04,233,3.165,44.84,20.92,False
VPW-ROBOT-WELD-04,234,3.216,46.25,39.52,False
VPW-ROBOT-WELD-04,235,3.122,45.53,36.58,False
VPW-ROBOT-WELD-04,236,3.184,44.68,37.29,False
VPW-ROBOT-WELD-04,237,3.222,46.24,29.53,False
VPW-ROBOT-WELD-04,238,3.155,45.71,19.28,False
VPW-ROBOT-WELD-04,239,3.094,44.67,30.55,False
VPW-ROBOT-WELD-04,240,3.176,44.88,30.96,False
VPW-ROBOT-WELD-04,241,3.235,44.84,24.66,False
VPW-ROBOT-WELD-04,242,3.248,44.87,44.53,False
VPW-ROBOT-WELD-04,243,3.132,44.95,22.1,False
VPW-ROBOT-WELD-04,244,3.269,45.6,34.17,False
VPW-ROBOT-WELD-04,245,3.24,45.35,33.36,False
VPW-ROBOT-WELD-04,246,3.174,44.58,30.33,False
VPW-ROBOT-WELD-04,247,3.286,45.0,33.54,False
VPW-ROBOT-WELD-04,248,3.223,45.95,23.55,False
VPW-ROBOT-WELD-04,249,3.357,44.22,30.01,False
VPW-ROBOT-WELD-04,250,3.084,45.39,39.62,False
VPW-ROBOT-WELD-04,251,3.28,44.75,38.07,False
VPW-ROBOT-WELD-04,252,3.29,44.49,47.01,False
VPW-ROBOT-WELD-04,253,3.154,43.85,42.72,False
VPW-ROBOT-WELD-04,254,3.201,43.51,29.27,False
VPW-ROBOT-WELD-04,255,3.055,44.43,24.54,False
VPW-ROBOT-WELD-04,256,3.264,44.45,20.29,False
VPW-ROBOT-WELD-04,257,3.247,44.49,20.26,False
VPW-ROBOT-WELD-04,258,3.12,44.4,40.59,False
VPW-ROBOT-WELD-04,259,3.064,44.85,32.5,False
VPW-ROBOT-WELD-04,260,2.986,45.01,42.01,False
VPW-ROBOT-WELD-04,261,3.102,44.15,17.61,False
VPW-ROBOT-WELD-04,262,3.155,45.83,45.26,False
VPW-ROBOT-WELD-04,263,2.992,44.08,33.36,False
VPW-ROBOT-WELD-04,264,3.194,43.59,39.69,False
VPW-ROBOT-WELD-04,265,3.073,44.89,29.92,False
VPW-ROBOT-WELD-04,266,2.948,43.17,21.51,False
VPW-ROBOT-WELD-04,267,2.888,45.45,28.88,False
VPW-ROBOT-WELD-04,268,2.824,44.24,25.12,False
VPW-ROBOT-WELD-04,269,2.856,43.79,40.72,False
VPW-ROBOT-WELD-04,270,2.972,44.86,42.28,False
VPW-ROBOT-WELD-04,271,2.936,43.84,30.32,False
VPW-ROBOT-WELD-04,272,2.712,45.79,26.4,False
VPW-ROBOT-WELD-04,273,2.923,44.57,29.39,False
VPW-ROBOT-WELD-04,274,2.987,44.51,34.5,False
VPW-ROBOT-WELD-04,275,2.997,44.09,19.57,False
VPW-ROBOT-WELD-04,276,2.863,44.65,38.49,False
VPW-ROBOT-WELD-04,277,3.023,43.81,32.57,False
VPW-ROBOT-WELD-04,278,2.853,46.03,39.93,False
VPW-ROBOT-WELD-04,279,2.847,44.69,19.04,False
VPW-ROBOT-WELD-04,280,2.822,44.59,30.23,False
VPW-ROBOT-WELD-04,281,2.784,44.44,36.82,False
VPW-ROBOT-WELD-04,282,2.882,43.84,33.51,False
VPW-ROBOT-WELD-04,283,2.775,44.71,22.19,False
VPW-ROBOT-WELD-04,284,2.844,43.7,40.86,False
VPW-ROBOT-WELD-04,285,2.846,45.22,18.23,False
VPW-ROBOT-WELD-04,286,2.867,44.28,20.12,False
VPW-ROBOT-WELD-04,287,2.897,45.57,30.57,False
VPW-ROBOT-WELD-04,288,2.77,45.69,22.77,False
VPW-ROBOT-WELD-04,289,2.931,44.99,42.88,False
VPW-ROBOT-WELD-04,290,2.773,44.01,19.34,False
VPW-ROBOT-WELD-04,291,2.99,45.16,40.81,False
VPW-ROBOT-WELD-04,292,2.933,45.44,32.9,False
VPW-ROBOT-WELD-04,293,2.862,46.25,44.49,False
VPW-ROBOT-WELD-04,294,2.906,45.19,22.52,False
VPW-ROBOT-WELD-04,295,2.971,45.83,39.67,False
VPW-ROBOT-WELD-04,296,2.986,44.9,21.95,False
VPW-ROBOT-WELD-04,297,3.034,44.3,24.21,False
VPW-ROBOT-WELD-04,298,3.009,46.05,35.7,False
VPW-ROBOT-WELD-04,299,2.832,45.2,43.17,False
VPW-ROBOT-WELD-04,300,2.953,46.04,25.27,False
VPW-ROBOT-WELD-04,301,3.017,46.33,23.56,False
VPW-ROBOT-WELD-04,302,3.115,46.22,30.23,False
VPW-ROBOT-WELD-04,303,3.063,45.18,30.91,False
VPW-ROBOT-WELD-04,304,2.975,45.21,22.53,False
VPW-ROBOT-WELD-04,305,3.206,45.49,42.79,False
VPW-ROBOT-WELD-04,306,2.913,47.55,27.9,False
VPW-ROBOT-WELD-04,307,3.22,46.51,17.41,False
VPW-ROBOT-WELD-04,308,3.191,46.9,21.88,False
VPW-ROBOT-WELD-04,309,3.012,46.11,33.12,False
VPW-ROBOT-WELD-04,310,3.239,47.59,21.76,False
VPW-ROBOT-WELD-04,311,3.378,47.32,31.75,False
VPW-ROBOT-WELD-04,312,3.379,47.69,22.29,False
VPW-ROBOT-WELD-04,313,3.066,46.89,36.06,False
VPW-ROBOT-WELD-04,314,3.299,46.4,36.73,False
VPW-ROBOT-WELD-04,315,3.157,46.97,28.22,False
VPW-ROBOT-WELD-04,316,3.188,47.65,22.79,False
VPW-ROBOT-WELD-04,317,3.461,47.11,21.98,False
VPW-ROBOT-WELD-04,318,3.452,47.67,40.77,False
VPW-ROBOT-WELD-04,319,3.285,47.68,24.01,False
VPW-ROBOT-WELD-04,320,3.256,45.93,43.03,False
VPW-ROBOT-WELD-04,321,3.285,46.47,36.46,False
VPW-ROBOT-WELD-04,322,3.251,47.18,44.39,False
VPW-ROBOT-WELD-04,323,3.324,48.18,25.88,False
VPW-ROBOT-WELD-04,324,3.13,48.33,26.38,False
VPW-ROBOT-WELD-04,325,3.362,46.63,24.95,False
VPW-ROBOT-WELD-04,326,3.31,47.65,38.02,False
VPW-ROBOT-WELD-04,327,3.315,47.3,43.83,False
VPW-ROBOT-WELD-04,328,3.205,48.45,43.76,False
VPW-ROBOT-WELD-04,329,3.211,47.09,26.59,False
VPW-ROBOT-WELD-04,330,3.126,47.26,18.53,False
VPW-ROBOT-WELD-04,331,3.277,47.49,20.49,False
VPW-ROBOT-WELD-04,332,3.089,46.87,41.25,False
VPW-ROBOT-WELD-04,333,3.31,48.25,34.2,False
VPW-ROBOT-WELD-04,334,3.181,47.93,30.19,False
VPW-ROBOT-WELD-04,335,3.207,47.79,25.24,False
VPW-ROBOT-WELD-04,336,3.145,46.56,17.98,False
VPW-ROBOT-WELD-04,337,3.147,48.53,34.66,False
VPW-ROBOT-WELD-04,338,3.1,48.6,21.03,False
VPW-ROBOT-WELD-04,339,3.166,47.22,26.05,False
VPW-ROBOT-WELD-04,340,3.239,48.3,32.23,False
VPW-ROBOT-WELD-04,341,3.009,47.69,20.71,False
VPW-ROBOT-WELD-04,342,3.104,45.98,20.78,False
VPW-ROBOT-WELD-04,343,3.102,47.52,19.03,False
VPW-ROBOT-WELD-04,344,2.864,49.3,29.09,False
VPW-ROBOT-WELD-04,345,3.233,49.53,42.97,False
VPW-ROBOT-WELD-04,346,2.832,47.99,38.53,False
VPW-ROBOT-WELD-04,347,3.065,48.98,39.31,False
VPW-ROBOT-WELD-04,348,2.871,48.02,18.79,False
VPW-ROBOT-WELD-04,349,2.835,45.91,22.15,False
VPW-ROBOT-WELD-04,350,2.833,47.04,43.57,False
VPW-ROBOT-WELD-04,351,2.806,47.05,19.57,False
VPW-ROBOT-WELD-04,352,2.776,46.41,43.06,False
VPW-ROBOT-WELD-04,353,2.944,48.08,37.89,False
VPW-ROBOT-WELD-04,354,2.909,48.38,35.49,False
VPW-ROBOT-WELD-04,355,2.958,47.36,40.86,False
VPW-ROBOT-WELD-04,356,2.853,47.41,45.2,False
VPW-ROBOT-WELD-04,357,2.707,47.06,22.77,False
VPW-ROBOT-WELD-04,358,2.888,47.65,38.89,False
VPW-ROBOT-WELD-04,359,2.89,47.78,20.51,False
VPW-ROBOT-WELD-04,360,2.91,46.87,40.0,False
VPW-ROBOT-WELD-04,361,2.892,47.46,42.02,False
VPW-ROBOT-WELD-04,362,2.979,46.85,37.92,False
VPW-ROBOT-WELD-04,363,2.846,47.62,20.03,False
VPW-ROBOT-WELD-04,364,2.855,45.43,32.23,False
VPW-ROBOT-WELD-04,365,2.67,47.64,21.74,False
VPW-ROBOT-WELD-04,366,2.854,46.36,40.69,False
VPW-ROBOT-WELD-04,367,2.887,48.06,39.08,False
VPW-ROBOT-WELD-04,368,3.047,46.13,23.03,False
VPW-ROBOT-WELD-04,369,2.877,47.33,35.36,False
VPW-ROBOT-WELD-04,370,2.899,44.65,22.1,False
VPW-ROBOT-WELD-04,371,3.041,46.48,43.99,False
VPW-ROBOT-WELD-04,372,3.053,46.9,24.28,False
VPW-ROBOT-WELD-04,373,2.922,46.24,30.11,False
VPW-ROBOT-WELD-04,374,2.951,46.44,27.76,False
VPW-ROBOT-WELD-04,375,3.208,47.15,39.19,False
VPW-ROBOT-WELD-04,376,3.004,47.78,23.08,False
VPW-ROBOT-WELD-04,377,3.169,44.71,22.18,False
VPW-ROBOT-WELD-04,378,3.097,46.17,19.63,False
VPW-ROBOT-WELD-04,379,2.921,45.96,37.57,False
VPW-ROBOT-WELD-04,380,3.14,45.89,42.65,False
VPW-ROBOT-WELD-04,381,3.203,46.59,26.01,False
VPW-ROBOT-WELD-04,382,3.083,46.09,31.31,False
VPW-ROBOT-WELD-04,383,3.174,46.72,35.02,False
VPW-ROBOT-WELD-04,384,3.267,45.48,36.01,False
VPW-ROBOT-WELD-04,385,3.114,45.21,41.34,False
VPW-ROBOT-WELD-04,386,3.338,45.21,27.13,False
VPW-ROBOT-WELD-04,387,3.404,46.02,26.58,False
VPW-ROBOT-WELD-04,388,3.137,44.14,26.66,False
VPW-ROBOT-WELD-04,389,3.418,46.78,27.43,False
VPW-ROBOT-WELD-04,390,3.328,44.39,19.04,False
VPW-ROBOT-WELD-04,391,3.248,45.25,35.54,False
VPW-ROBOT-WELD-04,392,3.373,44.36,37.6,False
VPW-ROBOT-WELD-04,393,3.273,45.18,44.1,False
VPW-ROBOT-WELD-04,394,3.367,45.98,23.3,False
VPW-ROBOT-WELD-04,395,3.197,46.68,38.36,False
VPW-ROBOT-WELD-04,396,3.435,43.62,34.58,False
VPW-ROBOT-WELD-04,397,3.254,45.07,19.53,False
VPW-ROBOT-WELD-04,398,3.283,45.31,44.37,False
VPW-ROBOT-WELD-04,399,3.199,45.89,34.5,False
VPW-ROBOT-WELD-04,400,3.297,45.14,36.61,False
VPW-ROBOT-WELD-04,401,3.379,44.78,21.67,False
VPW-ROBOT-WELD-04,402,3.309,44.79,29.03,False
VPW-ROBOT-WELD-04,403,3.315,44.31,41.37,False
VPW-ROBOT-WELD-04,404,3.346,45.1,34.6,False
VPW-ROBOT-WELD-04,405,3.277,46.04,29.04,False
VPW-ROBOT-WELD-04,406,3.255,44.1,31.62,False
VPW-ROBOT-WELD-04,407,3.252,45.69,39.97,False
VPW-ROBOT-WELD-04,408,3.191,44.62,34.39,False
VPW-ROBOT-WELD-04,409,3.268,44.56,40.54,False
VPW-ROBOT-WELD-04,410,3.256,44.89,32.84,False
VPW-ROBOT-WELD-04,411,3.148,45.22,24.58,False
VPW-ROBOT-WELD-04,412,3.257,44.2,29.33,False
VPW-ROBOT-WELD-04,413,3.229,44.62,33.59,False
VPW-ROBOT-WELD-04,414,3.186,44.4,29.76,False
VPW-ROBOT-WELD-04,415,3.088,44.58,30.87,False
VPW-ROBOT-WELD-04,416,3.113,45.99,42.9,False
VPW-ROBOT-WELD-04,417,3.131,45.14,21.57,False
VPW-ROBOT-WELD-04,418,3.013,43.12,31.49,False
VPW-ROBOT-WELD-04,419,3.164,43.95,23.98,False
VPW-ROBOT-WELD-04,420,3.028,44.91,19.9,False
VPW-ROBOT-WELD-04,421,2.989,44.94,23.87,False
VPW-ROBOT-WELD-04,422,3.009,45.43,27.23,False
VPW-ROBOT-WELD-04,423,3.079,43.84,24.13,False
VPW-ROBOT-WELD-04,424,2.874,44.96,35.19,False
VPW-ROBOT-WELD-04,425,2.927,45.83,44.19,False
VPW-ROBOT-WELD-04,426,3.04,45.13,29.8,False
VPW-ROBOT-WELD-04,427,3.0,44.09,27.29,False
VPW-ROBOT-WELD-04,428,2.886,44.37,27.75,False
VPW-ROBOT-WELD-04,429,2.843,45.49,29.01,False
VPW-ROBOT-WELD-04,430,2.842,44.65,39.96,False
VPW-ROBOT-WELD-04,431,3.061,44.72,30.77,False
VPW-ROBOT-WELD-04,432,2.832,43.69,37.68,False
VPW-ROBOT-WELD-04,433,2.707,44.36,35.12,False
VPW-ROBOT-WELD-04,434,2.849,46.8,30.61,False
VPW-ROBOT-WELD-04,435,2.944,43.85,43.18,False
VPW-ROBOT-WELD-04,436,2.909,45.36,19.82,False
VPW-ROBOT-WELD-04,437,2.915,43.29,34.7,False
VPW-ROBOT-WELD-04,438,2.787,45.49,34.24,False
VPW-ROBOT-WELD-04,439,2.923,45.91,27.7,False
VPW-ROBOT-WELD-04,440,2.949,45.44,34.36,False
VPW-ROBOT-WELD-04,441,2.825,46.51,38.42,False
VPW-ROBOT-WELD-04,442,2.911,44.74,25.08,False
VPW-ROBOT-WELD-04,443,2.886,45.49,23.48,False
VPW-ROBOT-WELD-04,444,2.919,45.62,23.85,False
VPW-ROBOT-WELD-04,445,2.992,46.28,20.64,False
VPW-ROBOT-WELD-04,446,3.062,45.53,22.46,False
VPW-ROBOT-WELD-04,447,3.064,45.76,30.14,False
VPW-ROBOT-WELD-04,448,3.059,47.19,25.13,False
VPW-ROBOT-WELD-04,449,3.092,47.07,39.2,False
VPW-ROBOT-WELD-04,450,3.195,46.3,29.64,False
VPW-ROBOT-WELD-04,451,3.276,45.77,35.86,False
VPW-ROBOT-WELD-04,452,3.055,46.1,39.17,False
VPW-ROBOT-WELD-04,453,3.052,46.67,32.81,False
VPW-ROBOT-WELD-04,454,2.996,47.5,24.9,False
VPW-ROBOT-WELD-04,455,3.21,46.5,32.3,False
VPW-ROBOT-WELD-04,456,3.106,47.47,19.62,False
VPW-ROBOT-WELD-04,457,3.24,45.04,38.72,False
VPW-ROBOT-WELD-04,458,3.273,47.41,44.17,False
VPW-ROBOT-WELD-04,459,3.126,47.2,37.82,False
VPW-ROBOT-WELD-04,460,3.29,46.65,19.98,False
VPW-ROBOT-WELD-04,461,3.216,47.14,28.3,False
VPW-ROBOT-WELD-04,462,3.268,48.16,23.97,False
VPW-ROBOT-WELD-04,463,3.473,48.66,45.34,False
VPW-ROBOT-WELD-04,464,3.319,46.36,27.91,False
VPW-ROBOT-WELD-04,465,3.299,46.75,34.08,False
VPW-ROBOT-WELD-04,466,3.388,47.15,40.7,False
VPW-ROBOT-WELD-04,467,3.286,45.18,28.17,False
VPW-ROBOT-WELD-04,468,3.295,47.56,22.0,False
VPW-ROBOT-WELD-04,469,3.482,48.27,20.57,False
VPW-ROBOT-WELD-04,470,3.344,47.63,31.65,False
VPW-ROBOT-WELD-04,471,3.178,48.2,25.87,False
VPW-ROBOT-WELD-04,472,3.393,47.58,27.28,False
VPW-ROBOT-WELD-04,473,3.346,48.39,40.48,False
VPW-ROBOT-WELD-04,474,3.33,48.17,43.59,False
VPW-ROBOT-WELD-04,475,3.385,48.22,41.01,False
VPW-ROBOT-WELD-04,476,3.306,48.75,37.78,False
VPW-ROBOT-WELD-04,477,3.233,46.64,26.05,False
VPW-ROBOT-WELD-04,478,3.313,46.74,22.81,False
VPW-ROBOT-WELD-04,479,3.24,46.29,45.22,False
VPW-ROBOT-WELD-04,480,3.334,46.36,28.48,False
VPW-ROBOT-WELD-04,481,3.205,47.25,20.97,False
VPW-ROBOT-WELD-04,482,3.248,48.11,25.92,False
VPW-ROBOT-WELD-04,483,3.173,47.4,21.23,False
VPW-ROBOT-WELD-04,484,3.188,47.93,39.22,False
VPW-ROBOT-WELD-04,485,3.25,47.4,44.81,False
VPW-ROBOT-WELD-04,486,3.1,49.3,21.06,False
VPW-ROBOT-WELD-04,487,3.31,47.86,37.13,False
VPW-ROBOT-WELD-04,488,3.184,48.63,43.33,False
VPW-ROBOT-WELD-04,489,3.196,47.78,25.84,False
VPW-ROBOT-WELD-04,490,3.164,47.19,25.38,False
VPW-ROBOT-WELD-04,491,3.101,47.68,27.04,False
VPW-ROBOT-WELD-04,492,2.949,47.52,36.79,False
VPW-ROBOT-WELD-04,493,2.963,48.14,38.15,False
VPW-ROBOT-WELD-04,494,2.955,47.6,26.16,False
VPW-ROBOT-WELD-04,495,3.083,47.74,32.1,False
VPW-ROBOT-WELD-04,496,2.988,49.15,36.44,False
VPW-ROBOT-WELD-04,497,2.936,46.9,21.42,False
VPW-ROBOT-WELD-04,498,2.99,48.2,25.72,False
VPW-ROBOT-WELD-04,499,3.029,46.61,20.26,False
VPW-ROBOT-WELD-04,500,3.048,47.94,26.25,False
VPW-ROBOT-WELD-04,501,2.858,47.79,33.82,False
VPW-ROBOT-WELD-04,502,2.854,48.53,45.28,False
VPW-ROBOT-WELD-04,503,2.839,47.13,28.52,False
VPW-ROBOT-WELD-04,504,2.925,48.15,28.05,False
VPW-ROBOT-WELD-04,505,2.937,46.59,24.71,False
VPW-ROBOT-WELD-04,506,2.881,47.89,37.75,False
VPW-ROBOT-WELD-04,507,2.751,48.44,27.05,False
VPW-ROBOT-WELD-04,508,2.845,47.34,21.85,False
VPW-ROBOT-WELD-04,509,2.707,47.47,25.93,False
VPW-ROBOT-WELD-04,510,2.918,47.05,42.65,False
VPW-ROBOT-WELD-04,511,2.847,46.97,20.29,False
VPW-ROBOT-WELD-04,512,2.976,47.48,21.84,False
VPW-ROBOT-WELD-04,513,2.711,47.17,34.38,False
VPW-ROBOT-WELD-04,514,2.998,47.63,24.61,False
VPW-ROBOT-WELD-04,515,2.891,47.02,43.78,False
VPW-ROBOT-WELD-04,516,2.898,47.06,26.14,False
VPW-ROBOT-WELD-04,517,2.862,47.68,39.6,False
VPW-ROBOT-WELD-04,518,2.843,46.57,25.21,False
VPW-ROBOT-WELD-04,519,3.142,46.95,35.71,False
VPW-ROBOT-WELD-04,520,2.966,46.52,32.94,False
VPW-ROBOT-WELD-04,521,3.057,46.54,41.89,False
VPW-ROBOT-WELD-04,522,3.18,47.37,45.61,False
VPW-ROBOT-WELD-04,523,3.216,46.69,40.38,False
VPW-ROBOT-WELD-04,524,3.142,46.21,28.19,False
VPW-ROBOT-WELD-04,525,2.963,46.59,33.5,False
VPW-ROBOT-WELD-04,526,3.04,44.95,41.44,False
VPW-ROBOT-WELD-04,527,3.105,47.22,34.24,False
VPW-ROBOT-WELD-04,528,3.075,47.37,32.6,False
VPW-ROBOT-WELD-04,529,3.183,46.75,22.3,False
VPW-ROBOT-WELD-04,530,3.37,46.46,29.91,False
VPW-ROBOT-WELD-04,531,3.18,45.6,39.61,False
VPW-ROBOT-WELD-04,532,3.229,45.93,20.32,False
VPW-ROBOT-WELD-04,533,3.382,46.58,24.07,False
VPW-ROBOT-WELD-04,534,3.337,46.29,24.22,False
VPW-ROBOT-WELD-04,535,3.189,47.55,35.8,False
VPW-ROBOT-WELD-04,536,3.269,45.37,31.25,False
VPW-ROBOT-WELD-04,537,3.394,45.34,18.17,False
VPW-ROBOT-WELD-04,538,3.341,46.07,34.99,False
VPW-ROBOT-WELD-04,539,3.423,45.38,25.45,False
VPW-ROBOT-WELD-04,540,3.225,47.45,18.37,False
VPW-ROBOT-WELD-04,541,3.337,45.87,34.86,False
VPW-ROBOT-WELD-04,542,3.322,44.34,28.57,False
VPW-ROBOT-WELD-04,543,3.325,44.89,22.65,False
VPW-ROBOT-WELD-04,544,3.389,45.3,32.17,False
VPW-ROBOT-WELD-04,545,3.275,45.31,22.81,False
VPW-ROBOT-WELD-04,546,3.352,46.26,20.4,False
VPW-ROBOT-WELD-04,547,3.394,45.29,20.6,False
VPW-ROBOT-WELD-04,548,3.313,45.71,38.83,False
VPW-ROBOT-WELD-04,549,3.455,44.41,40.61,False
VPW-ROBOT-WELD-04,550,3.362,45.24,22.82,False
VPW-ROBOT-WELD-04,551,3.426,44.38,18.68,False
VPW-ROBOT-WELD-04,552,3.335,46.09,35.62,False
VPW-ROBOT-WELD-04,553,3.348,44.85,18.71,False
VPW-ROBOT-WELD-04,554,3.325,45.29,26.82,False
VPW-ROBOT-WELD-04,555,3.214,45.5,40.21,False
VPW-ROBOT-WELD-04,556,3.208,45.07,33.26,False
VPW-ROBOT-WELD-04,557,3.174,44.32,33.51,False
VPW-ROBOT-WELD-04,558,3.358,44.96,27.16,False
VPW-ROBOT-WELD-04,559,3.276,45.79,41.5,False
VPW-ROBOT-WELD-04,560,3.182,45.29,29.57,False
VPW-ROBOT-WELD-04,561,3.196,45.47,33.06,False
VPW-ROBOT-WELD-04,562,3.228,44.79,23.24,False
VPW-ROBOT-WELD-04,563,3.161,43.72,22.44,False
VPW-ROBOT-WELD-04,564,3.251,44.46,32.04,False
VPW-ROBOT-WELD-04,565,3.184,46.81,22.8,False
VPW-ROBOT-WELD-04,566,2.994,44.07,38.1,False
VPW-ROBOT-WELD-04,567,3.083,45.0,42.71,False
VPW-ROBOT-WELD-04,568,3.191,45.07,18.46,False
VPW-ROBOT-WELD-04,569,3.056,45.17,41.47,False
VPW-ROBOT-WELD-04,570,3.165,46.19,24.18,False
VPW-ROBOT-WELD-04,571,3.006,46.51,38.01,False
VPW-ROBOT-WELD-04,572,2.933,46.19,29.69,False
VPW-ROBOT-WELD-04,573,2.969,46.34,30.42,False
VPW-ROBOT-WELD-04,574,2.776,44.47,21.2,False
VPW-ROBOT-WELD-04,575,2.978,44.6,34.42,False
VPW-ROBOT-WELD-04,576,2.983,44.64,38.82,False
VPW-ROBOT-WELD-04,577,3.113,45.41,28.58,False
VPW-ROBOT-WELD-04,578,3.033,45.36,26.73,False
VPW-ROBOT-WELD-04,579,2.794,45.09,20.03,False
VPW-ROBOT-WELD-04,580,2.889,46.05,20.05,False
VPW-ROBOT-WELD-04,581,2.911,45.08,45.94,False
VPW-ROBOT-WELD-04,582,2.934,44.49,37.58,False
VPW-ROBOT-WELD-04,583,2.869,45.86,38.96,False
VPW-ROBOT-WELD-04,584,3.012,44.42,39.51,False
VPW-ROBOT-WELD-04,585,3.018,45.9,22.67,False
VPW-ROBOT-WELD-04,586,2.782,45.27,45.66,False
VPW-ROBOT-WELD-04,587,2.883,46.79,40.81,False
VPW-ROBOT-WELD-04,588,2.961,45.59,23.28,False
VPW-ROBOT-WELD-04,589,2.946,45.85,43.65,False
VPW-ROBOT-WELD-04,590,2.921,44.77,28.9,False
VPW-ROBOT-WELD-04,591,3.043,45.66,26.6,False
VPW-ROBOT-WELD-04,592,2.96,46.18,30.92,False
VPW-ROBOT-WELD-04,593,2.972,44.65,40.51,False
VPW-ROBOT-WELD-04,594,3.194,45.79,38.73,False
VPW-ROBOT-WELD-04,595,2.958,45.85,37.39,False
VPW-ROBOT-WELD-04,596,3.047,46.01,18.32,False
VPW-ROBOT-WELD-04,597,3.25,44.84,33.35,False
VPW-ROBOT-WELD-04,598,3.125,45.59,34.7,False
VPW-ROBOT-WELD-04,599,2.975,45.94,27.77,False
VPW-ROBOT-WELD-04,600,3.204,46.32,25.69,False
VPW-ROBOT-WELD-04,601,3.062,46.27,32.63,False
VPW-ROBOT-WELD-04,602,3.184,47.76,29.53,False
VPW-ROBOT-WELD-04,603,3.08,47.03,45.52,False
VPW-ROBOT-WELD-04,604,3.326,47.21,37.12,False
VPW-ROBOT-WELD-04,605,3.298,45.37,26.83,False
VPW-ROBOT-WELD-04,606,3.364,46.99,36.26,False
VPW-ROBOT-WELD-04,607,3.232,46.87,33.37,False
VPW-ROBOT-WELD-04,608,3.315,47.66,31.94,False
VPW-ROBOT-WELD-04,609,3.272,48.79,24.34,False
VPW-ROBOT-WELD-04,610,3.501,46.81,33.02,False
VPW-ROBOT-WELD-04,611,3.181,48.8,21.67,False
VPW-ROBOT-WELD-04,612,3.279,47.26,27.78,False
VPW-ROBOT-WELD-04,613,3.275,47.9,30.25,False
VPW-ROBOT-WELD-04,614,3.319,47.43,20.38,False
VPW-ROBOT-WELD-04,615,3.372,48.04,22.36,False
VPW-ROBOT-WELD-04,616,3.404,47.2,38.62,False
VPW-ROBOT-WELD-04,617,3.374,47.82,45.08,False
VPW-ROBOT-WELD-04,618,3.265,47.99,21.82,False
VPW-ROBOT-WELD-04,619,3.565,46.27,18.85,False
VPW-ROBOT-WELD-04,620,3.34,46.51,39.68,False
VPW-ROBOT-WELD-04,621,3.472,46.98,19.32,False
VPW-ROBOT-WELD-04,622,3.486,49.17,22.4,False
VPW-ROBOT-WELD-04,623,3.388,48.64,22.11,False
VPW-ROBOT-WELD-04,624,3.412,48.88,23.24,False
VPW-ROBOT-WELD-04,625,3.359,47.07,32.38,False
VPW-ROBOT-WELD-04,626,3.315,48.16,28.92,False
VPW-ROBOT-WELD-04,627,3.185,49.08,37.44,False
VPW-ROBOT-WELD-04,628,3.367,48.15,37.08,False
VPW-ROBOT-WELD-04,629,3.405,48.9,19.84,False
VPW-ROBOT-WELD-04,630,3.147,47.2,31.41,False
VPW-ROBOT-WELD-04,631,3.441,48.78,33.46,False
VPW-ROBOT-WELD-04,632,3.486,46.52,43.41,False
VPW-ROBOT-WELD-04,633,3.234,47.37,34.09,False
VPW-ROBOT-WELD-04,634,3.395,49.18,19.44,False
VPW-ROBOT-WELD-04,635,3.219,48.68,22.2,False
VPW-ROBOT-WELD-04,636,3.312,47.83,26.61,False
VPW-ROBOT-WELD-04,637,3.194,49.06,41.32,False
VPW-ROBOT-WELD-04,638,3.265,48.62,26.01,False
VPW-ROBOT-WELD-04,639,3.21,48.65,31.49,False
VPW-ROBOT-WELD-04,640,3.12,47.95,34.52,False
VPW-ROBOT-WELD-04,641,3.153,48.1,29.12,False
VPW-ROBOT-WELD-04,642,3.254,47.38,22.2,False
VPW-ROBOT-WELD-04,643,3.075,48.03,22.98,False
VPW-ROBOT-WELD-04,644,2.967,47.44,40.22,False
VPW-ROBOT-WELD-04,645,3.126,48.92,45.23,False
VPW-ROBOT-WELD-04,646,3.263,50.17,27.38,False
VPW-ROBOT-WELD-04,647,2.959,48.53,36.41,False
VPW-ROBOT-WELD-04,648,3.093,48.82,30.96,False
VPW-ROBOT-WELD-04,649,3.1,48.92,38.01,False
VPW-ROBOT-WELD-04,650,3.067,49.29,44.64,False
VPW-ROBOT-WELD-04,651,3.14,48.13,44.72,False
VPW-ROBOT-WELD-04,652,2.973,48.29,31.82,False
VPW-ROBOT-WELD-04,653,3.11,48.43,40.98,False
VPW-ROBOT-WELD-04,654,2.901,47.46,35.12,False
VPW-ROBOT-WELD-04,655,2.953,47.74,21.51,False
VPW-ROBOT-WELD-04,656,2.657,47.2,45.62,False
VPW-ROBOT-WELD-04,657,2.97,48.73,20.06,False
VPW-ROBOT-WELD-04,658,3.069,48.98,37.82,False
VPW-ROBOT-WELD-04,659,2.84,48.29,38.23,False
VPW-ROBOT-WELD-04,660,3.019,47.33,26.8,False
VPW-ROBOT-WELD-04,661,2.877,48.18,43.83,False
VPW-ROBOT-WELD-04,662,3.014,48.24,26.28,False
VPW-ROBOT-WELD-04,663,3.03,47.51,26.46,False
VPW-ROBOT-WELD-04,664,3.209,47.26,31.01,False
VPW-ROBOT-WELD-04,665,2.927,48.1,18.99,False
VPW-ROBOT-WELD-04,666,3.053,48.37,18.47,False
VPW-ROBOT-WELD-04,667,3.051,48.67,23.26,False
VPW-ROBOT-WELD-04,668,2.998,46.01,41.37,False
VPW-ROBOT-WELD-04,669,2.918,47.24,35.06,False
VPW-ROBOT-WELD-04,670,3.158,47.37,39.55,False
VPW-ROBOT-WELD-04,671,3.022,48.01,42.94,False
VPW-ROBOT-WELD-04,672,3.082,46.87,21.41,False
VPW-ROBOT-WELD-04,673,3.0,47.14,45.53,False
VPW-ROBOT-WELD-04,674,3.161,47.9,32.04,False
VPW-ROBOT-WELD-04,675,3.043,46.02,37.52,False
VPW-ROBOT-WELD-04,676,3.188,47.1,27.08,False
VPW-ROBOT-WELD-04,677,3.0,46.08,39.37,False
VPW-ROBOT-WELD-04,678,3.135,47.51,39.1,False
VPW-ROBOT-WELD-04,679,3.247,48.0,30.56,False
VPW-ROBOT-WELD-04,680,3.101,46.08,26.31,False
VPW-ROBOT-WELD-04,681,3.258,46.84,38.23,False
VPW-ROBOT-WELD-04,682,3.122,47.52,22.94,False
VPW-ROBOT-WELD-04,683,3.272,47.06,28.14,False
VPW-ROBOT-WELD-04,684,3.324,45.47,24.89,False
VPW-ROBOT-WELD-04,685,3.319,47.87,38.64,False
VPW-ROBOT-WELD-04,686,3.342,46.28,29.08,False
VPW-ROBOT-WELD-04,687,3.546,47.27,30.12,False
VPW-ROBOT-WELD-04,688,3.339,46.39,37.8,False
VPW-ROBOT-WELD-04,689,3.237,46.75,38.28,False
VPW-ROBOT-WELD-04,690,3.252,45.41,41.28,False
VPW-ROBOT-WELD-04,691,3.487,46.44,19.13,False
VPW-ROBOT-WELD-04,692,3.382,46.18,19.29,False
VPW-ROBOT-WELD-04,693,3.572,44.15,22.02,False
VPW-ROBOT-WELD-04,694,3.367,45.17,34.87,False
VPW-ROBOT-WELD-04,695,3.348,45.35,27.28,False
VPW-ROBOT-WELD-04,696,3.449,46.85,43.68,False
VPW-ROBOT-WELD-04,697,3.388,45.37,28.49,False
VPW-ROBOT-WELD-04,698,3.505,47.07,37.78,False
VPW-ROBOT-WELD-04,699,3.307,47.73,39.95,False
VPW-ROBOT-WELD-04,700,3.385,46.38,24.35,False
VPW-ROBOT-WELD-04,701,3.356,45.45,42.57,False
VPW-ROBOT-WELD-04,702,3.435,47.32,27.92,False
VPW-ROBOT-WELD-04,703,3.406,45.87,31.82,False
VPW-ROBOT-WELD-04,704,3.328,45.54,28.83,False
VPW-ROBOT-WELD-04,705,3.3,46.28,34.06,False
VPW-ROBOT-WELD-04,706,3.457,45.6,27.33,False
VPW-ROBOT-WELD-04,707,3.365,45.0,24.07,False
VPW-ROBOT-WELD-04,708,3.202,45.91,36.27,False
VPW-ROBOT-WELD-04,709,3.345,44.62,41.9,False
VPW-ROBOT-WELD-04,710,3.371,45.29,28.35,False
VPW-ROBOT-WELD-04,711,3.122,43.97,29.38,False
VPW-ROBOT-WELD-04,712,3.317,45.11,23.52,False
VPW-ROBOT-WELD-04,713,3.425,46.46,41.71,False
VPW-ROBOT-WELD-04,714,3.206,44.16,38.57,False
VPW-ROBOT-WELD-04,715,3.209,45.23,28.4,False
VPW-ROBOT-WELD-04,716,3.094,46.15,27.84,False
VPW-ROBOT-WELD-04,717,3.221,45.84,41.08,False
VPW-ROBOT-WELD-04,718,3.143,45.51,24.58,False
VPW-ROBOT-WELD-04,719,3.288,45.51,20.78,False
VPW-CHILLER-01,0,1.634,55.47,42.23,False
VPW-CHILLER-01,1,1.529,55.17,23.92,False
VPW-CHILLER-01,2,1.695,55.86,23.83,False
VPW-CHILLER-01,3,1.752,55.36,21.25,False
VPW-CHILLER-01,4,1.834,57.43,22.62,False
VPW-CHILLER-01,5,1.774,57.45,19.31,False
VPW-CHILLER-01,6,1.812,55.98,20.73,False
VPW-CHILLER-01,7,1.758,56.14,23.04,False
VPW-CHILLER-01,8,1.782,56.72,25.83,False
VPW-CHILLER-01,9,1.783,56.11,27.57,False
VPW-CHILLER-01,10,1.735,56.23,44.89,False
VPW-CHILLER-01,11,1.86,57.25,42.89,False
VPW-CHILLER-01,12,1.811,57.4,19.75,False
VPW-CHILLER-01,13,1.7,57.58,20.1,False
VPW-CHILLER-01,14,1.707,56.06,21.33,False
VPW-CHILLER-01,15,1.921,56.63,18.43,False
VPW-CHILLER-01,16,1.918,54.98,19.74,False
VPW-CHILLER-01,17,1.79,56.24,26.8,False
VPW-CHILLER-01,18,1.92,57.25,39.11,False
VPW-CHILLER-01,19,1.913,56.19,23.71,False
VPW-CHILLER-01,20,1.839,57.19,20.1,False
VPW-CHILLER-01,21,1.75,57.23,45.6,False
VPW-CHILLER-01,22,1.737,56.87,33.02,False
VPW-CHILLER-01,23,1.899,56.48,41.36,False
VPW-CHILLER-01,24,1.935,57.31,32.04,False
VPW-CHILLER-01,25,1.82,57.28,25.62,False
VPW-CHILLER-01,26,2.055,57.53,41.53,False
VPW-CHILLER-01,27,1.866,55.87,38.13,False
VPW-CHILLER-01,28,1.778,58.84,33.35,False
VPW-CHILLER-01,29,2.022,55.89,28.69,False
VPW-CHILLER-01,30,1.836,58.27,43.75,False
VPW-CHILLER-01,31,1.899,57.83,45.82,False
VPW-CHILLER-01,32,1.678,58.5,27.8,False
VPW-CHILLER-01,33,1.577,57.71,29.47,False
VPW-CHILLER-01,34,1.718,58.57,20.33,False
VPW-CHILLER-01,35,1.657,56.35,29.17,False
VPW-CHILLER-01,36,1.643,58.14,42.23,False
VPW-CHILLER-01,37,1.591,57.54,27.6,False
VPW-CHILLER-01,38,1.504,57.1,20.36,False
VPW-CHILLER-01,39,1.576,56.92,22.47,False
VPW-CHILLER-01,40,1.526,58.82,32.52,False
VPW-CHILLER-01,41,1.575,57.17,32.27,False
VPW-CHILLER-01,42,1.549,58.78,24.24,False
VPW-CHILLER-01,43,1.568,58.25,40.05,False
VPW-CHILLER-01,44,1.488,57.1,38.76,False
VPW-CHILLER-01,45,1.626,57.84,19.24,False
VPW-CHILLER-01,46,1.579,58.35,24.54,False
VPW-CHILLER-01,47,1.381,57.18,19.47,False
VPW-CHILLER-01,48,1.52,58.6,40.96,False
VPW-CHILLER-01,49,1.531,57.25,28.14,False
VPW-CHILLER-01,50,1.438,57.48,27.86,False
VPW-CHILLER-01,51,1.209,58.55,40.5,False
VPW-CHILLER-01,52,1.467,57.45,42.23,False
VPW-CHILLER-01,53,1.441,56.52,27.57,False
VPW-CHILLER-01,54,1.41,58.0,32.08,False
VPW-CHILLER-01,55,1.576,57.64,39.37,False
VPW-CHILLER-01,56,1.407,56.97,35.02,False
VPW-CHILLER-01,57,1.286,56.75,20.58,False
VPW-CHILLER-01,58,1.441,58.14,36.14,False
VPW-CHILLER-01,59,1.266,56.87,36.01,False
VPW-CHILLER-01,60,1.455,56.08,24.63,False
VPW-CHILLER-01,61,1.581,57.38,18.99,False
VPW-CHILLER-01,62,1.597,56.22,42.49,False
VPW-CHILLER-01,63,1.487,56.81,42.19,False
VPW-CHILLER-01,64,1.566,57.29,32.16,False
VPW-CHILLER-01,65,1.585,57.29,40.3,False
VPW-CHILLER-01,66,1.538,57.61,36.37,False
VPW-CHILLER-01,67,1.618,57.98,31.17,False
VPW-CHILLER-01,68,1.336,56.97,28.23,False
VPW-CHILLER-01,69,1.519,55.91,20.54,False
VPW-CHILLER-01,70,1.745,57.16,34.27,False
VPW-CHILLER-01,71,1.464,56.41,21.83,False
VPW-CHILLER-01,72,1.584,57.22,25.73,False
VPW-CHILLER-01,73,1.803,57.8,33.59,False
VPW-CHILLER-01,74,1.538,56.31,45.06,False
VPW-CHILLER-01,75,1.595,56.14,36.61,False
VPW-CHILLER-01,76,1.439,55.4,31.73,False
VPW-CHILLER-01,77,1.543,56.05,27.83,False
VPW-CHILLER-01,78,1.714,56.58,32.45,False
VPW-CHILLER-01,79,1.667,55.9,45.01,False
VPW-CHILLER-01,80,1.884,55.83,23.83,False
VPW-CHILLER-01,81,1.966,56.48,30.49,False
VPW-CHILLER-01,82,1.821,55.29,31.11,False
VPW-CHILLER-01,83,1.914,54.88,39.14,False
VPW-CHILLER-01,84,1.751,56.44,30.76,False
VPW-CHILLER-01,85,1.792,55.56,33.03,False
VPW-CHILLER-01,86,1.926,54.27,40.84,False
VPW-CHILLER-01,87,1.768,54.45,43.63,False
VPW-CHILLER-01,88,1.667,54.63,25.58,False
VPW-CHILLER-01,89,1.939,55.23,39.08,False
VPW-CHILLER-01,90,2.037,55.53,29.34,False
VPW-CHILLER-01,91,1.876,56.19,40.57,False
VPW-CHILLER-01,92,1.865,54.45,22.88,False
VPW-CHILLER-01,93,1.824,55.01,24.92,False
VPW-CHILLER-01,94,1.844,54.93,20.81,False
VPW-CHILLER-01,95,1.834,54.96,45.4,False
VPW-CHILLER-01,96,2.082,55.75,20.01,False
VPW-CHILLER-01,97,2.062,55.56,22.99,False
VPW-CHILLER-01,98,1.811,53.37,24.45,False
VPW-CHILLER-01,99,1.793,53.61,32.1,False
VPW-CHILLER-01,100,1.911,54.16,19.42,False
VPW-CHILLER-01,101,1.826,55.87,28.81,False
VPW-CHILLER-01,102,1.857,53.64,22.13,False
VPW-CHILLER-01,103,1.768,55.25,37.57,False
VPW-CHILLER-01,104,1.946,54.65,27.4,False
VPW-CHILLER-01,105,1.787,55.48,41.49,False
VPW-CHILLER-01,106,1.792,53.98,29.35,False
VPW-CHILLER-01,107,1.865,55.27,34.06,False
VPW-CHILLER-01,108,1.547,54.43,31.7,False
VPW-CHILLER-01,109,1.684,54.2,40.28,False
VPW-CHILLER-01,110,1.733,54.54,33.47,False
VPW-CHILLER-01,111,1.748,54.57,37.14,False
VPW-CHILLER-01,112,1.706,54.79,21.35,False
VPW-CHILLER-01,113,1.64,55.33,32.97,False
VPW-CHILLER-01,114,1.694,54.67,24.66,False
VPW-CHILLER-01,115,1.615,55.74,34.01,False
VPW-CHILLER-01,116,1.791,54.85,35.13,False
VPW-CHILLER-01,117,1.698,54.51,39.75,False
VPW-CHILLER-01,118,1.708,55.07,23.34,False
VPW-CHILLER-01,119,1.608,55.07,39.73,False
VPW-CHILLER-01,120,1.532,54.59,20.73,False
VPW-CHILLER-01,121,1.583,56.42,18.05,False
VPW-CHILLER-01,122,1.462,54.38,38.16,False
VPW-CHILLER-01,123,1.576,55.3,44.36,False
VPW-CHILLER-01,124,1.482,55.7,25.52,False
VPW-CHILLER-01,125,1.377,54.31,29.85,False
VPW-CHILLER-01,126,1.483,55.02,31.98,False
VPW-CHILLER-01,127,1.401,53.99,34.91,False
VPW-CHILLER-01,128,1.331,56.02,30.4,False
VPW-CHILLER-01,129,1.639,54.91,33.43,False
VPW-CHILLER-01,130,1.432,54.88,44.81,False
VPW-CHILLER-01,131,1.649,54.36,18.67,False
VPW-CHILLER-01,132,1.395,55.33,36.51,False
VPW-CHILLER-01,133,1.442,55.4,20.2,False
VPW-CHILLER-01,134,1.542,57.19,40.14,False
VPW-CHILLER-01,135,1.42,55.25,27.07,False
VPW-CHILLER-01,136,1.645,54.54,22.39,False
VPW-CHILLER-01,137,1.465,56.14,36.08,False
VPW-CHILLER-01,138,1.56,56.15,32.79,False
VPW-CHILLER-01,139,1.559,56.13,31.84,False
VPW-CHILLER-01,140,1.547,56.01,42.44,False
VPW-CHILLER-01,141,1.419,56.2,23.12,False
VPW-CHILLER-01,142,1.421,54.77,19.96,False
VPW-CHILLER-01,143,1.549,56.48,34.85,False
VPW-CHILLER-01,144,1.703,54.61,19.3,False
VPW-CHILLER-01,145,1.478,56.4,41.23,False
VPW-CHILLER-01,146,1.497,55.85,36.7,False
VPW-CHILLER-01,147,1.709,55.19,39.18,False
VPW-CHILLER-01,148,1.732,56.57,42.7,False
VPW-CHILLER-01,149,1.591,55.51,26.61,False
VPW-CHILLER-01,150,1.667,57.87,32.2,False
VPW-CHILLER-01,151,1.773,56.78,26.2,False
VPW-CHILLER-01,152,1.708,56.39,20.15,False
VPW-CHILLER-01,153,1.873,57.31,28.94,False
VPW-CHILLER-01,154,1.798,55.48,20.35,False
VPW-CHILLER-01,155,1.838,57.61,32.94,False
VPW-CHILLER-01,156,1.798,56.7,36.5,False
VPW-CHILLER-01,157,1.888,55.97,18.53,False
VPW-CHILLER-01,158,1.715,56.2,23.69,False
VPW-CHILLER-01,159,1.95,55.84,27.72,False
VPW-CHILLER-01,160,1.899,57.4,36.52,False
VPW-CHILLER-01,161,1.849,57.26,27.16,False
VPW-CHILLER-01,162,1.925,56.35,20.26,False
VPW-CHILLER-01,163,1.794,56.88,27.15,False
VPW-CHILLER-01,164,2.076,57.73,25.5,False
VPW-CHILLER-01,165,1.935,57.7,26.12,False
VPW-CHILLER-01,166,1.92,57.14,41.78,False
VPW-CHILLER-01,167,1.83,57.01,34.02,False
VPW-CHILLER-01,168,1.909,57.54,26.58,False
VPW-CHILLER-01,169,1.976,58.27,44.63,False
VPW-CHILLER-01,170,1.922,59.01,22.66,False
VPW-CHILLER-01,171,1.882,57.71,40.46,False
VPW-CHILLER-01,172,1.792,56.52,22.83,False
VPW-CHILLER-01,173,1.968,56.59,20.01,False
VPW-CHILLER-01,174,1.87,56.61,20.28,False
VPW-CHILLER-01,175,1.916,57.16,27.64,False
VPW-CHILLER-01,176,1.835,57.2,36.89,False
VPW-CHILLER-01,177,1.836,57.84,42.39,False
VPW-CHILLER-01,178,1.833,57.09,26.38,False
VPW-CHILLER-01,179,1.868,59.47,19.0,False
VPW-CHILLER-01,180,1.819,56.59,44.56,False
VPW-CHILLER-01,181,1.782,58.66,40.22,False
VPW-CHILLER-01,182,1.77,57.47,19.97,False
VPW-CHILLER-01,183,1.826,58.27,42.59,False
VPW-CHILLER-01,184,1.81,58.56,44.65,False
VPW-CHILLER-01,185,1.673,56.85,40.7,False
VPW-CHILLER-01,186,1.666,59.1,45.26,False
VPW-CHILLER-01,187,1.695,58.02,41.6,False
VPW-CHILLER-01,188,1.803,57.05,27.5,False
VPW-CHILLER-01,189,1.829,58.12,38.82,False
VPW-CHILLER-01,190,1.753,56.5,34.52,False
VPW-CHILLER-01,191,1.645,57.41,29.16,False
VPW-CHILLER-01,192,1.627,58.06,38.35,False
VPW-CHILLER-01,193,1.813,57.54,28.48,False
VPW-CHILLER-01,194,1.519,58.82,34.6,False
VPW-CHILLER-01,195,1.743,57.89,30.24,False
VPW-CHILLER-01,196,1.725,56.68,31.95,False
VPW-CHILLER-01,197,1.698,58.0,44.93,False
VPW-CHILLER-01,198,1.638,58.9,34.38,False
VPW-CHILLER-01,199,1.523,58.26,21.03,False
VPW-CHILLER-01,200,1.607,58.35,44.3,False
VPW-CHILLER-01,201,1.407,58.93,41.25,False
VPW-CHILLER-01,202,1.505,57.17,37.99,False
VPW-CHILLER-01,203,1.369,57.54,17.26,False
VPW-CHILLER-01,204,1.396,57.38,44.0,False
VPW-CHILLER-01,205,1.353,58.17,39.33,False
VPW-CHILLER-01,206,1.54,58.05,44.86,False
VPW-CHILLER-01,207,1.621,58.14,29.35,False
VPW-CHILLER-01,208,1.428,57.6,33.89,False
VPW-CHILLER-01,209,1.383,56.24,40.35,False
VPW-CHILLER-01,210,1.563,57.61,45.58,False
VPW-CHILLER-01,211,1.541,58.3,37.53,False
VPW-CHILLER-01,212,1.546,58.49,18.71,False
VPW-CHILLER-01,213,1.65,58.8,29.72,False
VPW-CHILLER-01,214,1.388,57.92,31.85,False
VPW-CHILLER-01,215,1.355,57.39,17.86,False
VPW-CHILLER-01,216,1.615,55.03,42.36,False
VPW-CHILLER-01,217,1.646,57.21,42.18,False
VPW-CHILLER-01,218,1.523,56.79,40.59,False
VPW-CHILLER-01,219,1.538,58.59,19.17,False
VPW-CHILLER-01,220,1.575,56.94,42.92,False
VPW-CHILLER-01,221,1.473,56.08,38.76,False
VPW-CHILLER-01,222,1.664,55.85,37.46,False
VPW-CHILLER-01,223,1.617,56.16,29.71,False
VPW-CHILLER-01,224,1.589,58.69,44.37,False
VPW-CHILLER-01,225,1.908,57.1,19.68,False
VPW-CHILLER-01,226,1.927,56.25,39.22,False
VPW-CHILLER-01,227,1.699,58.12,35.38,False
VPW-CHILLER-01,228,1.672,56.15,38.2,False
VPW-CHILLER-01,229,1.896,56.17,24.13,False
VPW-CHILLER-01,230,1.862,56.52,21.43,False
VPW-CHILLER-01,231,1.994,56.44,25.26,False
VPW-CHILLER-01,232,1.698,55.25,44.52,False
VPW-CHILLER-01,233,1.777,55.97,29.33,False
VPW-CHILLER-01,234,1.838,55.85,42.19,False
VPW-CHILLER-01,235,1.903,56.08,40.21,False
VPW-CHILLER-01,236,1.95,54.52,31.91,False
VPW-CHILLER-01,237,1.806,56.04,32.9,False
VPW-CHILLER-01,238,1.85,55.49,35.12,False
VPW-CHILLER-01,239,1.864,55.78,25.42,False
VPW-CHILLER-01,240,1.872,55.18,40.13,False
VPW-CHILLER-01,241,1.856,55.46,37.93,False
VPW-CHILLER-01,242,1.877,54.08,20.03,False
VPW-CHILLER-01,243,1.891,55.5,23.04,False
VPW-CHILLER-01,244,1.908,55.01,42.51,False
VPW-CHILLER-01,245,1.901,55.22,41.37,False
VPW-CHILLER-01,246,1.875,55.69,33.03,False
VPW-CHILLER-01,247,2.053,55.37,27.61,False
VPW-CHILLER-01,248,2.02,56.46,45.39,False
VPW-CHILLER-01,249,1.912,54.95,31.04,False
VPW-CHILLER-01,250,2.031,56.38,44.57,False
VPW-CHILLER-01,251,2.111,56.91,30.88,False
VPW-CHILLER-01,252,1.891,55.34,40.72,False
VPW-CHILLER-01,253,2.133,55.91,42.26,False
VPW-CHILLER-01,254,1.915,54.71,17.92,False
VPW-CHILLER-01,255,1.772,55.91,22.03,False
VPW-CHILLER-01,256,1.773,54.56,24.68,False
VPW-CHILLER-01,257,1.833,53.33,32.02,False
VPW-CHILLER-01,258,1.763,54.87,24.46,False
VPW-CHILLER-01,259,1.836,54.37,19.36,False
VPW-CHILLER-01,260,1.672,54.39,32.6,False
VPW-CHILLER-01,261,1.828,56.94,20.69,False
VPW-CHILLER-01,262,1.884,53.78,32.88,False
VPW-CHILLER-01,263,1.859,55.67,25.38,False
VPW-CHILLER-01,264,1.83,56.33,36.52,False
VPW-CHILLER-01,265,1.756,55.69,33.08,False
VPW-CHILLER-01,266,1.793,54.1,40.04,False
VPW-CHILLER-01,267,1.75,54.56,45.97,False
VPW-CHILLER-01,268,1.529,55.52,42.04,False
VPW-CHILLER-01,269,1.719,55.53,35.33,False
VPW-CHILLER-01,270,1.564,55.93,29.11,False
VPW-CHILLER-01,271,1.826,55.94,37.84,False
VPW-CHILLER-01,272,1.761,55.32,46.12,False
VPW-CHILLER-01,273,1.412,55.4,45.7,False
VPW-CHILLER-01,274,1.55,55.62,26.4,False
VPW-CHILLER-01,275,1.474,53.37,24.08,False
VPW-CHILLER-01,276,1.395,55.17,20.67,False
VPW-CHILLER-01,277,1.295,54.86,38.95,False
VPW-CHILLER-01,278,1.546,55.79,22.32,False
VPW-CHILLER-01,279,1.344,54.47,24.73,False
VPW-CHILLER-01,280,1.654,54.67,43.89,False
VPW-CHILLER-01,281,1.632,55.71,44.16,False
VPW-CHILLER-01,282,1.433,56.03,25.45,False
VPW-CHILLER-01,283,1.583,56.12,33.6,False
VPW-CHILLER-01,284,1.508,56.9,34.78,False
VPW-CHILLER-01,285,1.491,56.67,46.25,False
VPW-CHILLER-01,286,1.429,53.9,41.69,False
VPW-CHILLER-01,287,1.522,54.99,32.98,False
VPW-CHILLER-01,288,1.509,56.17,34.95,False
VPW-CHILLER-01,289,1.59,57.03,29.54,False
VPW-CHILLER-01,290,1.549,56.22,24.9,False
VPW-CHILLER-01,291,1.629,56.64,35.49,False
VPW-CHILLER-01,292,1.626,57.19,22.09,False
VPW-CHILLER-01,293,1.563,55.53,42.48,False
VPW-CHILLER-01,294,1.827,56.45,30.35,False
VPW-CHILLER-01,295,1.597,56.42,37.25,False
VPW-CHILLER-01,296,1.899,56.47,33.35,False
VPW-CHILLER-01,297,1.768,56.41,30.56,False
VPW-CHILLER-01,298,1.602,56.38,24.17,False
VPW-CHILLER-01,299,1.669,55.57,27.69,False
VPW-CHILLER-01,300,1.632,57.38,30.56,False
VPW-CHILLER-01,301,1.713,55.63,35.64,False
VPW-CHILLER-01,302,1.578,56.75,26.06,False
VPW-CHILLER-01,303,1.77,56.82,31.75,False
VPW-CHILLER-01,304,1.668,56.43,33.04,False
VPW-CHILLER-01,305,1.766,57.61,43.02,False
VPW-CHILLER-01,306,1.65,56.66,21.23,False
VPW-CHILLER-01,307,2.012,57.69,31.29,False
VPW-CHILLER-01,308,1.871,56.72,42.36,False
VPW-CHILLER-01,309,1.824,56.98,37.97,False
VPW-CHILLER-01,310,1.676,57.62,46.58,False
VPW-CHILLER-01,311,2.058,57.97,45.71,False
VPW-CHILLER-01,312,1.995,56.92,24.79,False
VPW-CHILLER-01,313,1.999,57.81,39.78,False
VPW-CHILLER-01,314,1.826,57.31,21.07,False
VPW-CHILLER-01,315,1.877,57.13,39.12,False
VPW-CHILLER-01,316,2.012,56.62,37.91,False
VPW-CHILLER-01,317,1.982,57.34,23.09,False
VPW-CHILLER-01,318,1.999,57.76,44.15,False
VPW-CHILLER-01,319,1.953,56.87,39.37,False
VPW-CHILLER-01,320,2.008,57.68,32.92,False
VPW-CHILLER-01,321,2.031,59.19,44.6,False
VPW-CHILLER-01,322,2.114,57.93,42.08,False
VPW-CHILLER-01,323,1.998,57.4,23.39,False
VPW-CHILLER-01,324,1.98,58.39,37.64,False
VPW-CHILLER-01,325,1.927,57.48,33.72,False
VPW-CHILLER-01,326,2.028,58.76,33.59,False
VPW-CHILLER-01,327,1.937,58.6,41.3,False
VPW-CHILLER-01,328,2.029,58.17,30.12,False
VPW-CHILLER-01,329,1.976,57.94,32.84,False
VPW-CHILLER-01,330,1.917,58.1,24.77,False
VPW-CHILLER-01,331,1.776,58.29,21.22,False
VPW-CHILLER-01,332,1.953,58.66,22.89,False
VPW-CHILLER-01,333,1.775,58.12,29.43,False
VPW-CHILLER-01,334,1.79,59.67,34.27,False
VPW-CHILLER-01,335,1.912,58.06,25.01,False
VPW-CHILLER-01,336,1.943,58.26,26.34,False
VPW-CHILLER-01,337,1.88,59.07,42.41,False
VPW-CHILLER-01,338,1.743,57.81,33.33,False
VPW-CHILLER-01,339,1.57,58.19,19.36,False
VPW-CHILLER-01,340,1.658,57.99,26.86,False
VPW-CHILLER-01,341,1.635,59.28,23.05,False
VPW-CHILLER-01,342,1.726,59.76,22.16,False
VPW-CHILLER-01,343,1.824,56.66,20.93,False
VPW-CHILLER-01,344,1.784,58.21,39.23,False
VPW-CHILLER-01,345,1.543,58.9,19.61,False
VPW-CHILLER-01,346,1.56,57.7,18.04,False
VPW-CHILLER-01,347,1.616,57.08,42.49,False
VPW-CHILLER-01,348,1.638,58.4,28.36,False
VPW-CHILLER-01,349,1.605,57.89,36.96,False
VPW-CHILLER-01,350,1.608,57.7,43.73,False
VPW-CHILLER-01,351,1.479,58.35,21.81,False
VPW-CHILLER-01,352,1.642,58.07,42.55,False
VPW-CHILLER-01,353,1.603,58.71,41.5,False
VPW-CHILLER-01,354,1.588,57.59,25.83,False
VPW-CHILLER-01,355,1.484,55.98,19.77,False
VPW-CHILLER-01,356,1.427,56.88,42.72,False
VPW-CHILLER-01,357,1.409,57.2,23.55,False
VPW-CHILLER-01,358,1.546,57.86,28.66,False
VPW-CHILLER-01,359,1.565,57.93,30.32,False
VPW-CHILLER-01,360,1.57,58.88,36.88,False
VPW-CHILLER-01,361,1.493,58.71,42.3,False
VPW-CHILLER-01,362,1.537,58.36,25.21,False
VPW-CHILLER-01,363,1.579,58.11,38.14,False
VPW-CHILLER-01,364,1.524,57.57,35.01,False
VPW-CHILLER-01,365,1.54,57.08,29.51,False
VPW-CHILLER-01,366,1.41,57.57,39.52,False
VPW-CHILLER-01,367,1.517,57.69,42.16,False
VPW-CHILLER-01,368,1.697,57.77,23.57,False
VPW-CHILLER-01,369,1.684,57.36,19.34,False
VPW-CHILLER-01,370,1.49,57.86,21.67,False
VPW-CHILLER-01,371,1.679,57.55,46.11,False
VPW-CHILLER-01,372,1.591,59.23,25.69,False
VPW-CHILLER-01,373,1.683,56.58,39.81,False
VPW-CHILLER-01,374,1.761,57.21,42.49,False
VPW-CHILLER-01,375,1.555,57.47,27.44,False
VPW-CHILLER-01,376,1.628,57.45,22.66,False
VPW-CHILLER-01,377,1.887,57.05,35.09,False
VPW-CHILLER-01,378,1.807,57.27,36.76,False
VPW-CHILLER-01,379,1.847,57.42,36.36,False
VPW-CHILLER-01,380,1.876,58.33,33.52,False
VPW-CHILLER-01,381,1.725,57.39,32.54,False
VPW-CHILLER-01,382,2.013,58.31,21.0,False
VPW-CHILLER-01,383,1.902,55.73,22.51,False
VPW-CHILLER-01,384,2.013,57.79,42.8,False
VPW-CHILLER-01,385,1.905,57.27,33.64,False
VPW-CHILLER-01,386,1.958,55.07,30.45,False
VPW-CHILLER-01,387,1.916,56.01,22.39,False
VPW-CHILLER-01,388,1.997,57.05,44.14,False
VPW-CHILLER-01,389,1.898,56.18,29.57,False
VPW-CHILLER-01,390,1.944,55.95,18.52,False
VPW-CHILLER-01,391,1.941,55.35,31.29,False
VPW-CHILLER-01,392,1.795,57.63,21.62,False
VPW-CHILLER-01,393,1.924,55.07,33.41,False
VPW-CHILLER-01,394,1.982,55.78,42.15,False
VPW-CHILLER-01,395,1.942,54.64,27.81,False
VPW-CHILLER-01,396,2.07,56.37,45.67,False
VPW-CHILLER-01,397,2.11,55.77,33.17,False
VPW-CHILLER-01,398,2.072,56.03,31.2,False
VPW-CHILLER-01,399,2.037,55.67,27.27,False
VPW-CHILLER-01,400,1.901,55.33,35.96,False
VPW-CHILLER-01,401,1.977,56.47,18.18,False
VPW-CHILLER-01,402,1.877,56.98,26.31,False
VPW-CHILLER-01,403,2.002,54.78,33.63,False
VPW-CHILLER-01,404,1.953,56.49,22.89,False
VPW-CHILLER-01,405,1.924,56.54,34.01,False
VPW-CHILLER-01,406,1.889,55.93,43.71,False
VPW-CHILLER-01,407,1.907,55.74,26.75,False
VPW-CHILLER-01,408,1.964,56.08,36.07,False
VPW-CHILLER-01,409,1.94,55.34,24.72,False
VPW-CHILLER-01,410,1.778,55.68,32.58,False
VPW-CHILLER-01,411,1.751,55.78,35.68,False
VPW-CHILLER-01,412,1.898,55.64,18.32,False
VPW-CHILLER-01,413,1.824,55.05,43.63,False
VPW-CHILLER-01,414,1.721,54.07,22.49,False
VPW-CHILLER-01,415,1.66,56.07,23.24,False
VPW-CHILLER-01,416,1.679,55.28,41.59,False
VPW-CHILLER-01,417,1.863,55.24,26.44,False
VPW-CHILLER-01,418,1.731,55.62,25.07,False
VPW-CHILLER-01,419,1.623,55.55,19.01,False
VPW-CHILLER-01,420,1.658,56.24,39.43,False
VPW-CHILLER-01,421,1.723,56.05,31.64,False
VPW-CHILLER-01,422,1.625,55.49,33.55,False
VPW-CHILLER-01,423,1.429,55.02,42.35,False
VPW-CHILLER-01,424,1.513,56.61,24.47,False
VPW-CHILLER-01,425,1.47,55.43,32.65,False
VPW-CHILLER-01,426,1.523,57.08,31.51,False
VPW-CHILLER-01,427,1.75,56.86,20.79,False
VPW-CHILLER-01,428,1.59,55.07,43.45,False
VPW-CHILLER-01,429,1.526,57.04,32.12,False
VPW-CHILLER-01,430,1.606,54.39,43.06,False
VPW-CHILLER-01,431,1.492,55.13,45.65,False
VPW-CHILLER-01,432,1.465,55.49,32.96,False
VPW-CHILLER-01,433,1.542,56.15,44.24,False
VPW-CHILLER-01,434,1.742,56.36,31.31,False
VPW-CHILLER-01,435,1.531,56.64,22.52,False
VPW-CHILLER-01,436,1.469,55.86,42.89,False
VPW-CHILLER-01,437,1.588,55.2,43.8,False
VPW-CHILLER-01,438,1.442,55.72,38.8,False
VPW-CHILLER-01,439,1.577,56.88,32.02,False
VPW-CHILLER-01,440,1.517,55.39,31.39,False
VPW-CHILLER-01,441,1.582,57.03,35.29,False
VPW-CHILLER-01,442,1.56,56.15,20.58,False
VPW-CHILLER-01,443,1.536,56.36,28.68,False
VPW-CHILLER-01,444,1.547,56.52,23.35,False
VPW-CHILLER-01,445,1.743,56.15,28.82,False
VPW-CHILLER-01,446,1.622,57.37,38.59,False
VPW-CHILLER-01,447,1.712,56.48,43.99,False
VPW-CHILLER-01,448,1.731,56.23,25.58,False
VPW-CHILLER-01,449,1.782,57.72,22.86,False
VPW-CHILLER-01,450,1.711,57.48,39.61,False
VPW-CHILLER-01,451,1.688,56.4,42.38,False
VPW-CHILLER-01,452,1.818,57.04,23.33,False
VPW-CHILLER-01,453,1.947,57.3,39.08,False
VPW-CHILLER-01,454,1.963,58.49,29.46,False
VPW-CHILLER-01,455,1.975,57.64,27.97,False
VPW-CHILLER-01,456,1.761,58.38,24.2,False
VPW-CHILLER-01,457,1.636,58.29,38.86,False
VPW-CHILLER-01,458,1.916,56.66,45.46,False
VPW-CHILLER-01,459,2.0,58.25,32.72,False
VPW-CHILLER-01,460,1.877,57.92,25.04,False
VPW-CHILLER-01,461,1.952,57.62,24.34,False
VPW-CHILLER-01,462,1.981,57.5,36.65,False
VPW-CHILLER-01,463,1.764,57.0,30.8,False
VPW-CHILLER-01,464,2.237,56.94,38.07,False
VPW-CHILLER-01,465,1.949,56.83,22.26,False
VPW-CHILLER-01,466,1.917,57.21,25.94,False
VPW-CHILLER-01,467,1.894,56.66,41.75,False
VPW-CHILLER-01,468,1.995,58.01,38.97,False
VPW-CHILLER-01,469,2.062,58.27,23.68,False
VPW-CHILLER-01,470,2.183,57.31,38.35,False
VPW-CHILLER-01,471,1.962,58.45,32.03,False
VPW-CHILLER-01,472,2.004,58.59,29.4,False
VPW-CHILLER-01,473,2.054,57.74,41.01,False
VPW-CHILLER-01,474,2.038,59.11,41.36,False
VPW-CHILLER-01,475,2.187,59.23,30.44,False
VPW-CHILLER-01,476,1.98,57.26,29.98,False
VPW-CHILLER-01,477,1.907,59.08,45.01,False
VPW-CHILLER-01,478,2.095,59.2,43.36,False
VPW-CHILLER-01,479,1.887,57.08,19.19,False
VPW-CHILLER-01,480,1.82,58.2,28.58,False
VPW-CHILLER-01,481,1.936,57.85,35.86,False
VPW-CHILLER-01,482,1.904,59.71,38.98,False
VPW-CHILLER-01,483,2.012,58.19,41.58,False
VPW-CHILLER-01,484,1.933,59.42,38.33,False
VPW-CHILLER-01,485,1.934,59.91,43.41,False
VPW-CHILLER-01,486,1.988,58.15,38.81,False
VPW-CHILLER-01,487,1.855,59.87,31.67,False
VPW-CHILLER-01,488,1.984,58.43,22.85,False
VPW-CHILLER-01,489,1.636,57.51,21.88,False
VPW-CHILLER-01,490,1.851,57.98,26.04,False
VPW-CHILLER-01,491,1.807,59.95,34.02,False
VPW-CHILLER-01,492,1.84,59.99,31.52,False
VPW-CHILLER-01,493,1.521,59.28,28.79,False
VPW-CHILLER-01,494,1.626,59.94,22.97,False
VPW-CHILLER-01,495,1.604,58.91,35.57,False
VPW-CHILLER-01,496,1.64,59.45,22.44,False
VPW-CHILLER-01,497,1.63,59.58,31.48,False
VPW-CHILLER-01,498,1.698,58.51,27.44,False
VPW-CHILLER-01,499,1.684,57.29,18.15,False
VPW-CHILLER-01,500,1.571,57.47,42.87,False
VPW-CHILLER-01,501,1.654,57.74,23.1,False
VPW-CHILLER-01,502,1.704,58.88,20.15,False
VPW-CHILLER-01,503,1.712,59.1,38.22,False
VPW-CHILLER-01,504,1.543,56.88,36.92,False
VPW-CHILLER-01,505,1.509,59.16,45.08,False
VPW-CHILLER-01,506,1.649,58.43,27.85,False
VPW-CHILLER-01,507,1.747,58.14,19.97,False
VPW-CHILLER-01,508,1.462,58.79,33.86,False
VPW-CHILLER-01,509,1.6,59.15,26.98,False
VPW-CHILLER-01,510,1.478,57.4,31.28,False
VPW-CHILLER-01,511,1.601,59.1,20.58,False
VPW-CHILLER-01,512,1.66,59.84,26.34,False
VPW-CHILLER-01,513,1.608,57.09,42.99,False
VPW-CHILLER-01,514,1.535,58.7,37.34,False
VPW-CHILLER-01,515,1.541,58.32,21.87,False
VPW-CHILLER-01,516,1.724,56.8,20.89,False
VPW-CHILLER-01,517,1.679,59.39,27.04,False
VPW-CHILLER-01,518,1.762,58.39,23.53,False
VPW-CHILLER-01,519,1.613,58.14,35.38,False
VPW-CHILLER-01,520,1.74,57.31,18.6,False
VPW-CHILLER-01,521,1.676,59.06,35.39,False
VPW-CHILLER-01,522,1.626,57.84,21.19,False
VPW-CHILLER-01,523,1.844,57.24,28.75,False
VPW-CHILLER-01,524,1.646,56.55,42.92,False
VPW-CHILLER-01,525,1.878,56.93,41.41,False
VPW-CHILLER-01,526,1.739,57.76,23.63,False
VPW-CHILLER-01,527,1.839,57.98,24.44,False
VPW-CHILLER-01,528,1.757,57.5,39.02,False
VPW-CHILLER-01,529,1.896,55.37,18.13,False
VPW-CHILLER-01,530,1.909,58.47,31.86,False
VPW-CHILLER-01,531,1.827,56.24,22.24,False
VPW-CHILLER-01,532,1.921,57.56,24.74,False
VPW-CHILLER-01,533,1.803,56.15,45.7,False
VPW-CHILLER-01,534,1.983,58.23,35.09,False
VPW-CHILLER-01,535,1.877,56.28,25.63,False
VPW-CHILLER-01,536,1.799,56.53,31.78,False
VPW-CHILLER-01,537,1.929,56.76,40.77,False
VPW-CHILLER-01,538,2.016,55.06,39.25,False
VPW-CHILLER-01,539,1.982,56.02,23.76,False
VPW-CHILLER-01,540,2.039,55.62,44.77,False
VPW-CHILLER-01,541,2.131,56.77,21.22,False
VPW-CHILLER-01,542,2.025,57.41,22.71,False
VPW-CHILLER-01,543,2.04,56.9,20.4,False
VPW-CHILLER-01,544,1.969,57.25,28.21,False
VPW-CHILLER-01,545,2.098,56.89,46.03,False
VPW-CHILLER-01,546,2.147,56.56,45.95,False
VPW-CHILLER-01,547,2.161,54.93,19.65,False
VPW-CHILLER-01,548,2.036,56.59,45.19,False
VPW-CHILLER-01,549,2.056,56.61,37.2,False
VPW-CHILLER-01,550,1.949,55.59,43.72,False
VPW-CHILLER-01,551,2.026,57.99,36.55,False
VPW-CHILLER-01,552,1.951,56.82,28.53,False
VPW-CHILLER-01,553,2.087,56.55,26.07,False
VPW-CHILLER-01,554,2.13,55.97,26.84,False
VPW-CHILLER-01,555,1.912,56.86,41.92,False
VPW-CHILLER-01,556,2.096,56.88,20.08,False
VPW-CHILLER-01,557,1.975,55.16,38.84,False
VPW-CHILLER-01,558,1.881,56.69,40.88,False
VPW-CHILLER-01,559,2.069,58.03,43.45,False
VPW-CHILLER-01,560,1.973,55.54,37.63,False
VPW-CHILLER-01,561,1.949,55.05,30.75,False
VPW-CHILLER-01,562,1.782,55.99,29.66,False
VPW-CHILLER-01,563,1.793,55.56,34.69,False
VPW-CHILLER-01,564,1.781,55.66,31.81,False
VPW-CHILLER-01,565,1.923,56.02,41.06,False
VPW-CHILLER-01,566,1.773,56.77,46.59,False
VPW-CHILLER-01,567,1.855,56.79,35.7,False
VPW-CHILLER-01,568,1.805,56.95,22.95,False
VPW-CHILLER-01,569,1.656,55.72,38.74,False
VPW-CHILLER-01,570,1.678,56.23,36.28,False
VPW-CHILLER-01,571,1.875,56.91,25.55,False
VPW-CHILLER-01,572,1.675,55.14,38.36,False
VPW-CHILLER-01,573,1.81,57.5,40.12,False
VPW-CHILLER-01,574,1.692,55.94,31.75,False
VPW-CHILLER-01,575,1.893,55.06,32.7,False
VPW-CHILLER-01,576,1.714,55.83,41.88,False
VPW-CHILLER-01,577,1.755,56.53,22.54,False
VPW-CHILLER-01,578,1.753,55.69,44.08,False
VPW-CHILLER-01,579,1.636,56.91,30.96,False
VPW-CHILLER-01,580,1.673,56.53,20.19,False
VPW-CHILLER-01,581,1.692,56.37,35.2,False
VPW-CHILLER-01,582,1.654,55.88,22.86,False
VPW-CHILLER-01,583,1.735,56.62,21.92,False
VPW-CHILLER-01,584,1.517,56.05,37.05,False
VPW-CHILLER-01,585,1.541,57.59,28.27,False
VPW-CHILLER-01,586,1.707,56.89,45.78,False
VPW-CHILLER-01,587,1.626,57.79,35.29,False
VPW-CHILLER-01,588,1.678,55.85,34.21,False
VPW-CHILLER-01,589,1.489,55.66,43.5,False
VPW-CHILLER-01,590,1.642,56.38,21.15,False
VPW-CHILLER-01,591,1.581,57.42,26.61,False
VPW-CHILLER-01,592,1.812,56.65,34.49,False
VPW-CHILLER-01,593,1.885,57.4,32.17,False
VPW-CHILLER-01,594,1.736,57.97,42.32,False
VPW-CHILLER-01,595,1.673,57.93,21.74,False
VPW-CHILLER-01,596,1.764,56.91,38.36,False
VPW-CHILLER-01,597,1.614,56.95,31.69,False
VPW-CHILLER-01,598,1.818,56.34,45.91,False
VPW-CHILLER-01,599,1.744,56.77,22.76,False
VPW-CHILLER-01,600,1.774,56.89,34.19,False
VPW-CHILLER-01,601,1.944,57.85,23.18,False
VPW-CHILLER-01,602,1.907,57.05,42.26,False
VPW-CHILLER-01,603,1.936,58.33,36.17,False
VPW-CHILLER-01,604,1.897,57.97,33.65,False
VPW-CHILLER-01,605,1.872,58.7,43.7,False
VPW-CHILLER-01,606,1.873,57.48,25.05,False
VPW-CHILLER-01,607,1.914,57.97,28.0,False
VPW-CHILLER-01,608,1.761,57.9,28.02,False
VPW-CHILLER-01,609,1.949,57.83,36.53,False
VPW-CHILLER-01,610,2.052,58.56,24.14,False
VPW-CHILLER-01,611,2.044,58.71,21.62,False
VPW-CHILLER-01,612,2.148,58.1,33.33,False
VPW-CHILLER-01,613,1.927,57.66,37.51,False
VPW-CHILLER-01,614,2.106,57.24,22.17,False
VPW-CHILLER-01,615,2.024,59.57,39.95,False
VPW-CHILLER-01,616,2.058,57.82,38.76,False
VPW-CHILLER-01,617,2.255,59.6,37.22,False
VPW-CHILLER-01,618,1.927,58.08,20.41,False
VPW-CHILLER-01,619,1.915,58.21,42.53,False
VPW-CHILLER-01,620,2.199,58.51,28.8,False
VPW-CHILLER-01,621,2.0,59.44,45.53,False
VPW-CHILLER-01,622,1.994,58.27,42.3,False
VPW-CHILLER-01,623,2.124,59.56,28.51,False
VPW-CHILLER-01,624,2.163,58.48,19.49,False
VPW-CHILLER-01,625,2.049,59.21,40.79,False
VPW-CHILLER-01,626,2.047,60.09,21.29,False
VPW-CHILLER-01,627,2.096,58.2,27.22,False
VPW-CHILLER-01,628,2.071,58.65,27.36,False
VPW-CHILLER-01,629,1.821,59.82,33.81,False
VPW-CHILLER-01,630,1.914,59.0,38.2,False
VPW-CHILLER-01,631,1.985,59.97,34.92,False
VPW-CHILLER-01,632,2.113,58.7,32.85,False
VPW-CHILLER-01,633,2.151,58.02,43.68,False
VPW-CHILLER-01,634,2.176,59.57,43.83,False
VPW-CHILLER-01,635,1.946,59.58,38.1,False
VPW-CHILLER-01,636,1.806,59.8,20.38,False
VPW-CHILLER-01,637,1.909,59.27,38.39,False
VPW-CHILLER-01,638,1.841,57.59,27.35,False
VPW-CHILLER-01,639,1.989,58.76,44.61,False
VPW-CHILLER-01,640,1.705,57.44,19.93,False
VPW-CHILLER-01,641,1.696,58.29,37.18,False
VPW-CHILLER-01,642,1.852,58.82,23.02,False
VPW-CHILLER-01,643,1.779,60.45,18.48,False
VPW-CHILLER-01,644,1.824,60.41,31.57,False
VPW-CHILLER-01,645,1.894,60.25,20.79,False
VPW-CHILLER-01,646,1.881,60.11,33.41,False
VPW-CHILLER-01,647,1.812,59.18,27.68,False
VPW-CHILLER-01,648,1.7,59.02,38.26,False
VPW-CHILLER-01,649,1.84,57.33,24.44,False
VPW-CHILLER-01,650,1.665,58.88,41.66,False
VPW-CHILLER-01,651,1.701,58.6,23.38,False
VPW-CHILLER-01,652,1.69,58.79,34.39,False
VPW-CHILLER-01,653,1.69,58.3,44.04,False
VPW-CHILLER-01,654,1.705,60.27,37.32,False
VPW-CHILLER-01,655,1.593,59.29,26.95,False
VPW-CHILLER-01,656,1.566,58.92,41.6,False
VPW-CHILLER-01,657,1.63,58.84,32.66,False
VPW-CHILLER-01,658,1.813,59.11,35.34,False
VPW-CHILLER-01,659,1.513,58.32,25.33,False
VPW-CHILLER-01,660,1.674,58.59,20.13,False
VPW-CHILLER-01,661,1.656,59.71,24.17,False
VPW-CHILLER-01,662,1.652,59.66,38.79,False
VPW-CHILLER-01,663,1.736,58.95,43.11,False
VPW-CHILLER-01,664,1.773,58.24,37.08,False
VPW-CHILLER-01,665,1.69,59.36,43.61,False
VPW-CHILLER-01,666,1.81,58.67,31.75,False
VPW-CHILLER-01,667,1.659,57.91,27.57,False
VPW-CHILLER-01,668,1.783,59.51,18.31,False
VPW-CHILLER-01,669,1.745,56.98,34.03,False
VPW-CHILLER-01,670,1.75,57.97,33.1,False
VPW-CHILLER-01,671,1.746,58.84,18.67,False
VPW-CHILLER-01,672,1.893,57.52,44.71,False
VPW-CHILLER-01,673,1.751,57.88,43.0,False
VPW-CHILLER-01,674,1.877,57.96,18.99,False
VPW-CHILLER-01,675,1.943,58.67,40.38,False
VPW-CHILLER-01,676,1.946,56.58,46.22,False
VPW-CHILLER-01,677,1.833,56.86,27.5,False
VPW-CHILLER-01,678,1.752,57.63,20.87,False
VPW-CHILLER-01,679,1.985,57.32,43.23,False
VPW-CHILLER-01,680,1.792,56.24,35.13,False
VPW-CHILLER-01,681,1.896,56.74,19.51,False
VPW-CHILLER-01,682,1.965,56.8,28.24,False
VPW-CHILLER-01,683,2.0,56.75,23.59,False
VPW-CHILLER-01,684,1.966,56.06,43.2,False
VPW-CHILLER-01,685,2.02,56.98,26.81,False
VPW-CHILLER-01,686,2.009,56.72,27.04,False
VPW-CHILLER-01,687,1.952,56.69,38.92,False
VPW-CHILLER-01,688,2.136,57.54,45.81,False
VPW-CHILLER-01,689,2.069,56.93,39.59,False
VPW-CHILLER-01,690,2.102,56.19,34.88,False
VPW-CHILLER-01,691,2.014,57.17,40.11,False
VPW-CHILLER-01,692,2.083,56.9,29.17,False
VPW-CHILLER-01,693,2.05,57.06,41.15,False
VPW-CHILLER-01,694,1.935,57.35,34.86,False
VPW-CHILLER-01,695,2.02,54.86,27.02,False
VPW-CHILLER-01,696,2.093,57.24,44.27,False
VPW-CHILLER-01,697,2.188,56.36,45.6,False
VPW-CHILLER-01,698,2.151,56.15,40.29,False
VPW-CHILLER-01,699,1.958,56.25,20.97,False
VPW-CHILLER-01,700,2.076,56.04,18.2,False
VPW-CHILLER-01,701,2.057,56.57,35.22,False
VPW-CHILLER-01,702,1.965,56.22,45.44,False
VPW-CHILLER-01,703,2.022,55.95,44.78,False
VPW-CHILLER-01,704,1.925,56.92,41.84,False
VPW-CHILLER-01,705,2.066,56.95,30.2,False
VPW-CHILLER-01,706,2.013,55.43,22.19,False
VPW-CHILLER-01,707,2.2,55.89,24.09,False
VPW-CHILLER-01,708,1.944,58.03,31.72,False
VPW-CHILLER-01,709,2.017,55.97,24.2,False
VPW-CHILLER-01,710,2.023,56.63,30.28,False
VPW-CHILLER-01,711,1.867,56.31,31.68,False
VPW-CHILLER-01,712,1.905,55.57,23.71,False
VPW-CHILLER-01,713,2.001,56.82,31.82,False
VPW-CHILLER-01,714,1.93,55.96,33.82,False
VPW-CHILLER-01,715,1.967,56.28,27.27,False
VPW-CHILLER-01,716,1.819,57.2,25.66,False
VPW-CHILLER-01,717,1.9,55.6,21.19,False
VPW-CHILLER-01,718,1.875,56.08,21.82,False
VPW-CHILLER-01,719,1.76,56.7,24.55,False
VPW-CHILLER-02,0,1.675,47.08,24.39,False
VPW-CHILLER-02,1,1.469,46.14,33.18,False
VPW-CHILLER-02,2,1.674,46.43,26.57,False
VPW-CHILLER-02,3,1.565,44.53,41.24,False
VPW-CHILLER-02,4,1.6,46.22,30.12,False
VPW-CHILLER-02,5,1.726,47.45,44.53,False
VPW-CHILLER-02,6,1.592,47.32,41.31,False
VPW-CHILLER-02,7,1.678,46.65,34.25,False
VPW-CHILLER-02,8,1.694,47.51,40.39,False
VPW-CHILLER-02,9,1.671,45.0,21.34,False
VPW-CHILLER-02,10,1.789,46.07,22.93,False
VPW-CHILLER-02,11,1.853,46.8,18.54,False
VPW-CHILLER-02,12,1.824,46.04,22.26,False
VPW-CHILLER-02,13,1.691,47.47,26.89,False
VPW-CHILLER-02,14,1.621,48.47,22.46,False
VPW-CHILLER-02,15,1.676,47.42,17.53,False
VPW-CHILLER-02,16,1.72,48.4,31.36,False
VPW-CHILLER-02,17,1.845,46.79,45.37,False
VPW-CHILLER-02,18,1.762,47.46,34.17,False
VPW-CHILLER-02,19,1.964,48.96,27.98,False
VPW-CHILLER-02,20,1.928,46.84,41.51,False
VPW-CHILLER-02,21,1.773,48.17,39.46,False
VPW-CHILLER-02,22,1.857,47.28,21.98,False
VPW-CHILLER-02,23,1.756,46.3,39.4,False
VPW-CHILLER-02,24,1.878,47.46,21.91,False
VPW-CHILLER-02,25,1.831,47.12,28.8,False
VPW-CHILLER-02,26,1.676,45.42,31.85,False
VPW-CHILLER-02,27,1.796,47.88,39.91,False
VPW-CHILLER-02,28,1.751,47.64,22.86,False
VPW-CHILLER-02,29,1.898,49.13,31.99,False
VPW-CHILLER-02,30,1.634,48.42,26.33,False
VPW-CHILLER-02,31,1.673,47.38,43.08,False
VPW-CHILLER-02,32,1.622,48.41,37.79,False
VPW-CHILLER-02,33,1.551,47.53,37.42,False
VPW-CHILLER-02,34,1.598,47.75,17.47,False
VPW-CHILLER-02,35,1.533,47.52,33.88,False
VPW-CHILLER-02,36,1.557,48.64,40.34,False
VPW-CHILLER-02,37,1.633,47.69,43.03,False
VPW-CHILLER-02,38,1.541,48.46,18.67,False
VPW-CHILLER-02,39,1.358,47.54,27.05,False
VPW-CHILLER-02,40,1.5,47.37,25.34,False
VPW-CHILLER-02,41,1.52,48.62,20.94,False
VPW-CHILLER-02,42,1.54,48.9,27.29,False
VPW-CHILLER-02,43,1.504,47.53,44.85,False
VPW-CHILLER-02,44,1.396,47.91,24.83,False
VPW-CHILLER-02,45,1.536,48.99,45.97,False
VPW-CHILLER-02,46,1.404,49.33,26.65,False
VPW-CHILLER-02,47,1.343,47.59,29.12,False
VPW-CHILLER-02,48,1.372,48.82,31.77,False
VPW-CHILLER-02,49,1.391,46.79,30.92,False
VPW-CHILLER-02,50,1.437,47.82,23.33,False
VPW-CHILLER-02,51,1.505,47.09,17.88,False
VPW-CHILLER-02,52,1.33,47.42,44.39,False
VPW-CHILLER-02,53,1.236,48.26,25.49,False
VPW-CHILLER-02,54,1.323,47.61,34.42,False
VPW-CHILLER-02,55,1.39,47.58,32.52,False
VPW-CHILLER-02,56,1.264,47.26,33.5,False
VPW-CHILLER-02,57,1.406,47.37,27.83,False
VPW-CHILLER-02,58,1.385,46.47,30.6,False
VPW-CHILLER-02,59,1.475,47.47,37.38,False
VPW-CHILLER-02,60,1.465,47.74,28.24,False
VPW-CHILLER-02,61,1.469,46.39,33.57,False
VPW-CHILLER-02,62,1.294,46.73,34.05,False
VPW-CHILLER-02,63,1.356,47.37,42.41,False
VPW-CHILLER-02,64,1.288,46.4,22.07,False
VPW-CHILLER-02,65,1.465,47.91,39.13,False
VPW-CHILLER-02,66,1.323,46.5,38.04,False
VPW-CHILLER-02,67,1.414,47.63,20.35,False
VPW-CHILLER-02,68,1.421,47.73,40.47,False
VPW-CHILLER-02,69,1.582,47.39,39.06,False
VPW-CHILLER-02,70,1.572,45.92,35.19,False
VPW-CHILLER-02,71,1.411,46.37,40.41,False
VPW-CHILLER-02,72,1.538,46.36,36.36,False
VPW-CHILLER-02,73,1.538,44.88,41.04,False
VPW-CHILLER-02,74,1.717,46.18,41.01,False
VPW-CHILLER-02,75,1.523,44.95,36.16,False
VPW-CHILLER-02,76,1.666,47.12,44.5,False
VPW-CHILLER-02,77,1.658,45.5,31.52,False
VPW-CHILLER-02,78,1.605,46.76,24.71,False
VPW-CHILLER-02,79,1.64,46.98,33.7,False
VPW-CHILLER-02,80,1.653,46.47,33.71,False
VPW-CHILLER-02,81,1.597,46.58,37.3,False
VPW-CHILLER-02,82,1.689,45.7,24.26,False
VPW-CHILLER-02,83,1.747,46.22,37.83,False
VPW-CHILLER-02,84,1.857,45.59,29.25,False
VPW-CHILLER-02,85,1.712,46.78,43.96,False
VPW-CHILLER-02,86,1.713,44.53,30.9,False
VPW-CHILLER-02,87,1.683,46.65,39.41,False
VPW-CHILLER-02,88,1.887,45.77,38.8,False
VPW-CHILLER-02,89,1.799,44.5,26.34,False
VPW-CHILLER-02,90,1.792,45.78,35.33,False
VPW-CHILLER-02,91,1.746,45.83,42.99,False
VPW-CHILLER-02,92,1.93,45.39,24.21,False
VPW-CHILLER-02,93,1.896,45.13,33.63,False
VPW-CHILLER-02,94,1.804,46.59,29.54,False
VPW-CHILLER-02,95,1.907,46.77,41.81,False
VPW-CHILLER-02,96,1.649,45.13,39.4,False
VPW-CHILLER-02,97,1.994,45.76,36.87,False
VPW-CHILLER-02,98,1.541,46.27,35.76,False
VPW-CHILLER-02,99,1.771,45.19,31.04,False
VPW-CHILLER-02,100,1.853,47.03,18.32,False
VPW-CHILLER-02,101,1.82,44.7,42.28,False
VPW-CHILLER-02,102,1.803,44.8,33.83,False
VPW-CHILLER-02,103,1.58,44.55,39.12,False
VPW-CHILLER-02,104,1.808,46.4,19.2,False
VPW-CHILLER-02,105,1.694,44.86,41.99,False
VPW-CHILLER-02,106,1.757,45.92,24.14,False
VPW-CHILLER-02,107,1.789,45.02,41.38,False
VPW-CHILLER-02,108,1.716,45.68,38.23,False
VPW-CHILLER-02,109,1.738,43.79,37.4,False
VPW-CHILLER-02,110,1.617,45.15,19.68,False
VPW-CHILLER-02,111,1.519,44.58,39.06,False
VPW-CHILLER-02,112,1.851,45.06,42.7,False
VPW-CHILLER-02,113,1.647,44.18,41.83,False
VPW-CHILLER-02,114,1.518,44.94,30.38,False
VPW-CHILLER-02,115,1.619,45.38,27.4,False
VPW-CHILLER-02,116,1.622,43.88,32.61,False
VPW-CHILLER-02,117,1.628,46.22,23.77,False
VPW-CHILLER-02,118,1.5,44.68,29.84,False
VPW-CHILLER-02,119,1.37,45.8,27.18,False
VPW-CHILLER-02,120,1.374,45.17,39.09,False
VPW-CHILLER-02,121,1.432,46.08,39.99,False
VPW-CHILLER-02,122,1.423,43.97,30.3,False
VPW-CHILLER-02,123,1.46,45.81,41.37,False
VPW-CHILLER-02,124,1.368,45.85,34.56,False
VPW-CHILLER-02,125,1.412,45.63,19.91,False
VPW-CHILLER-02,126,1.481,43.83,20.88,False
VPW-CHILLER-02,127,1.283,45.51,28.2,False
VPW-CHILLER-02,128,1.39,46.38,36.15,False
VPW-CHILLER-02,129,1.388,45.91,20.51,False
VPW-CHILLER-02,130,1.275,45.62,28.38,False
VPW-CHILLER-02,131,1.371,46.21,43.81,False
VPW-CHILLER-02,132,1.402,46.13,22.94,False
VPW-CHILLER-02,133,1.366,46.35,43.95,False
VPW-CHILLER-02,134,1.321,45.19,26.0,False
VPW-CHILLER-02,135,1.551,45.95,33.9,False
VPW-CHILLER-02,136,1.395,45.71,41.1,False
VPW-CHILLER-02,137,1.413,47.11,30.81,False
VPW-CHILLER-02,138,1.266,44.57,42.45,False
VPW-CHILLER-02,139,1.452,44.91,39.12,False
VPW-CHILLER-02,140,1.507,46.83,41.82,False
VPW-CHILLER-02,141,1.426,46.07,42.65,False
VPW-CHILLER-02,142,1.362,46.06,26.31,False
VPW-CHILLER-02,143,1.386,45.02,38.74,False
VPW-CHILLER-02,144,1.406,45.92,21.91,False
VPW-CHILLER-02,145,1.585,46.97,27.4,False
VPW-CHILLER-02,146,1.535,46.59,25.23,False
VPW-CHILLER-02,147,1.525,46.32,40.7,False
VPW-CHILLER-02,148,1.406,44.57,33.94,False
VPW-CHILLER-02,149,1.552,46.46,28.04,False
VPW-CHILLER-02,150,1.761,46.54,23.25,False
VPW-CHILLER-02,151,1.743,46.26,44.27,False
VPW-CHILLER-02,152,1.725,46.72,18.14,False
VPW-CHILLER-02,153,1.717,47.01,20.46,False
VPW-CHILLER-02,154,1.688,45.78,22.11,False
VPW-CHILLER-02,155,1.783,47.02,32.22,False
VPW-CHILLER-02,156,1.768,46.99,37.33,False
VPW-CHILLER-02,157,1.822,47.32,45.17,False
VPW-CHILLER-02,158,1.719,47.41,33.85,False
VPW-CHILLER-02,159,1.678,48.01,20.23,False
VPW-CHILLER-02,160,1.66,48.13,34.93,False
VPW-CHILLER-02,161,1.829,46.67,43.38,False
VPW-CHILLER-02,162,1.745,48.11,32.52,False
VPW-CHILLER-02,163,1.893,47.48,38.51,False
VPW-CHILLER-02,164,1.884,47.49,41.66,False
VPW-CHILLER-02,165,1.936,47.92,27.27,False
VPW-CHILLER-02,166,1.807,46.45,26.83,False
VPW-CHILLER-02,167,1.944,48.2,37.54,False
VPW-CHILLER-02,168,1.857,47.2,20.38,False
VPW-CHILLER-02,169,1.852,48.74,33.54,False
VPW-CHILLER-02,170,1.785,47.95,26.28,False
VPW-CHILLER-02,171,1.974,48.47,32.6,False
VPW-CHILLER-02,172,1.91,47.24,20.73,False
VPW-CHILLER-02,173,1.882,47.69,43.27,False
VPW-CHILLER-02,174,1.803,47.61,41.66,False
VPW-CHILLER-02,175,1.75,49.83,43.39,False
VPW-CHILLER-02,176,1.671,49.37,45.39,False
VPW-CHILLER-02,177,1.926,48.89,45.08,False
VPW-CHILLER-02,178,1.848,48.6,28.29,False
VPW-CHILLER-02,179,1.793,49.28,39.7,False
VPW-CHILLER-02,180,1.766,48.16,43.29,False
VPW-CHILLER-02,181,1.658,49.32,27.5,False
VPW-CHILLER-02,182,1.812,48.42,25.81,False
VPW-CHILLER-02,183,1.718,49.67,32.26,False
VPW-CHILLER-02,184,1.753,47.78,28.85,False
VPW-CHILLER-02,185,1.567,48.61,39.52,False
VPW-CHILLER-02,186,1.806,47.55,41.97,False
VPW-CHILLER-02,187,1.658,48.42,28.85,False
VPW-CHILLER-02,188,1.528,47.61,21.48,False
VPW-CHILLER-02,189,1.609,47.22,35.83,False
VPW-CHILLER-02,190,1.735,49.87,29.17,False
VPW-CHILLER-02,191,1.708,50.24,27.61,False
VPW-CHILLER-02,192,1.49,47.82,19.9,False
VPW-CHILLER-02,193,1.467,48.49,31.59,False
VPW-CHILLER-02,194,1.589,48.33,36.01,False
VPW-CHILLER-02,195,1.705,49.78,26.26,False
VPW-CHILLER-02,196,1.659,49.07,38.08,False
VPW-CHILLER-02,197,1.41,47.15,24.28,False
VPW-CHILLER-02,198,1.521,49.3,38.83,False
VPW-CHILLER-02,199,1.485,47.59,24.59,False
VPW-CHILLER-02,200,1.639,47.78,30.25,False
VPW-CHILLER-02,201,1.372,48.9,32.12,False
VPW-CHILLER-02,202,1.259,49.79,22.34,False
VPW-CHILLER-02,203,1.432,47.54,30.46,False
VPW-CHILLER-02,204,1.421,48.09,30.38,False
VPW-CHILLER-02,205,1.571,47.74,17.59,False
VPW-CHILLER-02,206,1.197,48.83,23.13,False
VPW-CHILLER-02,207,1.538,47.06,22.08,False
VPW-CHILLER-02,208,1.417,48.18,45.91,False
VPW-CHILLER-02,209,1.295,49.77,26.15,False
VPW-CHILLER-02,210,1.499,48.01,42.31,False
VPW-CHILLER-02,211,1.347,47.47,33.11,False
VPW-CHILLER-02,212,1.627,49.28,26.52,False
VPW-CHILLER-02,213,1.456,48.16,38.66,False
VPW-CHILLER-02,214,1.451,46.73,40.22,False
VPW-CHILLER-02,215,1.466,47.27,35.28,False
VPW-CHILLER-02,216,1.498,47.89,41.15,False
VPW-CHILLER-02,217,1.429,47.16,34.2,False
VPW-CHILLER-02,218,1.401,48.15,32.51,False
VPW-CHILLER-02,219,1.584,47.1,22.13,False
VPW-CHILLER-02,220,1.479,48.06,22.23,False
VPW-CHILLER-02,221,1.592,46.78,22.77,False
VPW-CHILLER-02,222,1.511,46.69,29.88,False
VPW-CHILLER-02,223,1.472,49.2,20.12,False
VPW-CHILLER-02,224,1.713,47.57,36.41,False
VPW-CHILLER-02,225,1.457,46.02,25.77,False
VPW-CHILLER-02,226,1.702,48.07,28.25,False
VPW-CHILLER-02,227,1.716,46.47,40.42,False
VPW-CHILLER-02,228,1.7,46.09,21.35,False
VPW-CHILLER-02,229,1.589,46.31,19.89,False
VPW-CHILLER-02,230,1.658,45.99,36.33,False
VPW-CHILLER-02,231,1.638,46.75,30.27,False
VPW-CHILLER-02,232,1.771,46.75,31.89,False
VPW-CHILLER-02,233,1.651,47.49,26.18,False
VPW-CHILLER-02,234,1.769,47.49,30.61,False
VPW-CHILLER-02,235,1.871,46.66,24.02,False
VPW-CHILLER-02,236,1.797,46.78,40.89,False
VPW-CHILLER-02,237,2.051,46.64,20.05,False
VPW-CHILLER-02,238,1.82,45.82,28.68,False
VPW-CHILLER-02,239,1.883,47.93,25.75,False
VPW-CHILLER-02,240,1.802,45.8,20.37,False
VPW-CHILLER-02,241,1.86,48.28,21.36,False
VPW-CHILLER-02,242,1.929,46.51,45.55,False
VPW-CHILLER-02,243,1.922,45.7,34.0,False
VPW-CHILLER-02,244,1.775,45.57,41.05,False
VPW-CHILLER-02,245,1.872,46.15,38.41,False
VPW-CHILLER-02,246,1.853,46.11,29.98,False
VPW-CHILLER-02,247,1.893,46.91,43.36,False
VPW-CHILLER-02,248,1.929,45.41,31.34,False
VPW-CHILLER-02,249,1.952,45.31,19.66,False
VPW-CHILLER-02,250,1.85,45.15,25.45,False
VPW-CHILLER-02,251,2.018,45.87,23.14,False
VPW-CHILLER-02,252,1.792,45.18,23.36,False
VPW-CHILLER-02,253,1.784,45.47,39.29,False
VPW-CHILLER-02,254,1.943,45.25,31.44,False
VPW-CHILLER-02,255,1.833,44.69,43.29,False
VPW-CHILLER-02,256,1.813,45.79,29.36,False
VPW-CHILLER-02,257,1.93,45.97,28.98,False
VPW-CHILLER-02,258,1.688,45.45,30.28,False
VPW-CHILLER-02,259,1.821,46.48,23.17,False
VPW-CHILLER-02,260,1.802,45.19,18.73,False
VPW-CHILLER-02,261,1.703,45.19,22.7,False
VPW-CHILLER-02,262,1.715,45.7,24.08,False
VPW-CHILLER-02,263,1.517,45.23,23.06,False
VPW-CHILLER-02,264,1.624,44.86,43.16,False
VPW-CHILLER-02,265,1.727,43.46,35.42,False
VPW-CHILLER-02,266,1.555,45.37,37.32,False
VPW-CHILLER-02,267,1.594,46.96,28.84,False
VPW-CHILLER-02,268,1.56,45.28,29.05,False
VPW-CHILLER-02,269,1.672,46.4,29.98,False
VPW-CHILLER-02,270,1.62,44.31,19.12,False
VPW-CHILLER-02,271,1.602,45.28,20.32,False
VPW-CHILLER-02,272,1.494,45.62,44.37,False
VPW-CHILLER-02,273,1.534,45.14,34.38,False
VPW-CHILLER-02,274,1.482,45.81,36.29,False
VPW-CHILLER-02,275,1.637,45.22,37.85,False
VPW-CHILLER-02,276,1.478,44.69,31.67,False
VPW-CHILLER-02,277,1.476,45.14,32.2,False
VPW-CHILLER-02,278,1.486,45.89,26.12,False
VPW-CHILLER-02,279,1.447,44.94,39.36,False
VPW-CHILLER-02,280,1.461,47.36,26.42,False
VPW-CHILLER-02,281,1.36,45.41,20.95,False
VPW-CHILLER-02,282,1.465,44.53,19.75,False
VPW-CHILLER-02,283,1.558,46.75,42.49,False
VPW-CHILLER-02,284,1.49,46.29,39.44,False
VPW-CHILLER-02,285,1.5,45.6,35.18,False
VPW-CHILLER-02,286,1.496,46.66,38.57,False
VPW-CHILLER-02,287,1.449,46.13,21.38,False
VPW-CHILLER-02,288,1.487,47.23,31.08,False
VPW-CHILLER-02,289,1.434,47.34,35.18,False
VPW-CHILLER-02,290,1.509,46.03,23.9,False
VPW-CHILLER-02,291,1.438,48.16,44.73,False
VPW-CHILLER-02,292,1.799,46.84,39.87,False
VPW-CHILLER-02,293,1.479,46.9,26.19,False
VPW-CHILLER-02,294,1.516,46.16,39.52,False
VPW-CHILLER-02,295,1.541,47.9,26.77,False
VPW-CHILLER-02,296,1.607,46.99,42.86,False
VPW-CHILLER-02,297,1.618,47.14,41.43,False
VPW-CHILLER-02,298,1.634,46.9,37.42,False
VPW-CHILLER-02,299,1.546,47.29,20.37,False
VPW-CHILLER-02,300,1.725,46.94,20.61,False
VPW-CHILLER-02,301,1.762,47.33,26.8,False
VPW-CHILLER-02,302,1.594,47.21,32.0,False
VPW-CHILLER-02,303,1.723,46.04,43.85,False
VPW-CHILLER-02,304,1.769,45.81,28.01,False
VPW-CHILLER-02,305,1.873,48.99,36.19,False
VPW-CHILLER-02,306,1.86,46.8,39.93,False
VPW-CHILLER-02,307,1.751,46.29,34.62,False
VPW-CHILLER-02,308,1.712,48.16,37.25,False
VPW-CHILLER-02,309,1.835,47.3,28.37,False
VPW-CHILLER-02,310,1.758,47.44,40.62,False
VPW-CHILLER-02,311,1.782,48.55,17.7,False
VPW-CHILLER-02,312,1.925,46.44,40.95,False
VPW-CHILLER-02,313,1.761,47.38,27.1,False
VPW-CHILLER-02,314,1.826,47.61,27.6,False
VPW-CHILLER-02,315,1.806,47.8,45.47,False
VPW-CHILLER-02,316,1.803,49.65,32.9,False
VPW-CHILLER-02,317,1.857,48.4,29.44,False
VPW-CHILLER-02,318,2.015,48.57,20.56,False
VPW-CHILLER-02,319,1.962,48.9,39.85,False
VPW-CHILLER-02,320,2.045,48.68,19.48,False
VPW-CHILLER-02,321,1.892,48.65,32.53,False
VPW-CHILLER-02,322,1.833,48.56,37.91,False
VPW-CHILLER-02,323,1.892,48.64,42.13,False
VPW-CHILLER-02,324,1.936,49.29,20.2,False
VPW-CHILLER-02,325,1.814,48.68,27.43,False
VPW-CHILLER-02,326,1.942,49.75,21.32,False
VPW-CHILLER-02,327,1.794,49.34,28.55,False
VPW-CHILLER-02,328,1.832,48.87,36.48,False
VPW-CHILLER-02,329,1.956,48.56,30.05,False
VPW-CHILLER-02,330,1.889,47.95,42.62,False
VPW-CHILLER-02,331,1.911,49.91,30.01,False
VPW-CHILLER-02,332,1.828,48.46,35.68,False
VPW-CHILLER-02,333,1.857,49.97,44.16,False
VPW-CHILLER-02,334,1.777,49.53,44.38,False
VPW-CHILLER-02,335,1.856,49.0,19.23,False
VPW-CHILLER-02,336,1.816,49.71,28.81,False
VPW-CHILLER-02,337,1.563,48.73,24.59,False
VPW-CHILLER-02,338,1.732,48.89,21.74,False
VPW-CHILLER-02,339,1.571,49.62,22.24,False
VPW-CHILLER-02,340,1.672,49.83,27.29,False
VPW-CHILLER-02,341,1.593,46.8,37.05,False
VPW-CHILLER-02,342,1.653,49.27,32.37,False
VPW-CHILLER-02,343,1.546,48.68,27.76,False
VPW-CHILLER-02,344,1.528,49.36,23.9,False
VPW-CHILLER-02,345,1.667,49.59,20.6,False
VPW-CHILLER-02,346,1.394,49.69,25.56,False
VPW-CHILLER-02,347,1.597,47.66,22.92,False
VPW-CHILLER-02,348,1.597,49.22,42.33,False
VPW-CHILLER-02,349,1.562,50.25,22.1,False
VPW-CHILLER-02,350,1.639,48.44,33.92,False
VPW-CHILLER-02,351,1.498,49.43,32.5,False
VPW-CHILLER-02,352,1.691,49.3,34.85,False
VPW-CHILLER-02,353,1.304,49.29,20.38,False
VPW-CHILLER-02,354,1.677,48.24,36.45,False
VPW-CHILLER-02,355,1.423,49.39,39.81,False
VPW-CHILLER-02,356,1.428,49.59,25.09,False
VPW-CHILLER-02,357,1.441,49.27,36.37,False
VPW-CHILLER-02,358,1.562,49.96,33.22,False
VPW-CHILLER-02,359,1.537,48.31,40.78,False
VPW-CHILLER-02,360,1.473,49.67,36.59,False
VPW-CHILLER-02,361,1.427,47.44,40.01,False
VPW-CHILLER-02,362,1.542,48.53,23.97,False
VPW-CHILLER-02,363,1.343,48.12,25.18,False
VPW-CHILLER-02,364,1.38,49.36,38.64,False
VPW-CHILLER-02,365,1.421,48.85,27.65,False
VPW-CHILLER-02,366,1.669,47.64,40.68,False
VPW-CHILLER-02,367,1.467,48.12,20.34,False
VPW-CHILLER-02,368,1.529,48.57,31.63,False
VPW-CHILLER-02,369,1.734,47.37,24.93,False
VPW-CHILLER-02,370,1.562,49.5,25.92,False
VPW-CHILLER-02,371,1.689,46.52,22.13,False
VPW-CHILLER-02,372,1.59,48.51,31.19,False
VPW-CHILLER-02,373,1.722,47.3,44.61,False
VPW-CHILLER-02,374,1.7,45.96,44.86,False
VPW-CHILLER-02,375,1.666,47.12,24.01,False
VPW-CHILLER-02,376,1.7,47.16,28.06,False
VPW-CHILLER-02,377,1.85,48.12,27.51,False
VPW-CHILLER-02,378,1.698,45.47,31.63,False
VPW-CHILLER-02,379,1.846,47.9,23.1,False
VPW-CHILLER-02,380,1.713,44.89,35.27,False
VPW-CHILLER-02,381,1.843,47.7,21.97,False
VPW-CHILLER-02,382,1.681,48.06,46.43,False
VPW-CHILLER-02,383,1.9,45.67,35.72,False
VPW-CHILLER-02,384,1.812,46.95,31.14,False
VPW-CHILLER-02,385,1.739,46.82,22.17,False
VPW-CHILLER-02,386,1.86,46.67,38.46,False
VPW-CHILLER-02,387,1.802,46.61,18.59,False
VPW-CHILLER-02,388,1.712,47.91,19.54,False
VPW-CHILLER-02,389,1.863,45.59,24.17,False
VPW-CHILLER-02,390,1.912,46.89,39.82,False
VPW-CHILLER-02,391,1.955,47.36,28.85,False
VPW-CHILLER-02,392,1.968,48.51,34.56,False
VPW-CHILLER-02,393,1.913,47.91,28.86,False
VPW-CHILLER-02,394,1.897,44.81,24.05,False
VPW-CHILLER-02,395,1.747,45.37,26.27,False
VPW-CHILLER-02,396,2.121,45.23,38.68,False
VPW-CHILLER-02,397,1.853,45.86,40.91,False
VPW-CHILLER-02,398,2.033,44.75,29.13,False
VPW-CHILLER-02,399,1.927,46.27,27.57,False
VPW-CHILLER-02,400,1.831,45.18,44.28,False
VPW-CHILLER-02,401,1.956,46.79,39.86,False
VPW-CHILLER-02,402,2.048,45.84,38.38,False
VPW-CHILLER-02,403,1.997,45.98,22.28,False
VPW-CHILLER-02,404,1.96,46.72,18.96,False
VPW-CHILLER-02,405,2.079,47.0,41.51,False
VPW-CHILLER-02,406,1.784,46.48,29.45,False
VPW-CHILLER-02,407,1.879,47.2,46.08,False
VPW-CHILLER-02,408,2.021,45.19,19.85,False
VPW-CHILLER-02,409,1.724,46.38,19.71,False
VPW-CHILLER-02,410,1.828,46.91,26.22,False
VPW-CHILLER-02,411,1.838,46.49,36.28,False
VPW-CHILLER-02,412,1.881,46.68,38.52,False
VPW-CHILLER-02,413,1.901,46.58,44.36,False
VPW-CHILLER-02,414,1.648,45.74,45.03,False
VPW-CHILLER-02,415,1.731,45.83,33.57,False
VPW-CHILLER-02,416,1.583,46.08,32.42,False
VPW-CHILLER-02,417,1.578,45.47,46.02,False
VPW-CHILLER-02,418,1.767,45.42,31.84,False
VPW-CHILLER-02,419,1.597,45.62,19.09,False
VPW-CHILLER-02,420,1.754,46.11,33.19,False
VPW-CHILLER-02,421,1.73,47.52,38.81,False
VPW-CHILLER-02,422,1.555,45.85,22.5,False
VPW-CHILLER-02,423,1.57,45.89,20.19,False
VPW-CHILLER-02,424,1.59,45.66,40.5,False
VPW-CHILLER-02,425,1.445,47.54,23.6,False
VPW-CHILLER-02,426,1.396,47.13,34.74,False
VPW-CHILLER-02,427,1.675,45.98,25.18,False
VPW-CHILLER-02,428,1.525,46.23,27.07,False
VPW-CHILLER-02,429,1.587,45.99,43.68,False
VPW-CHILLER-02,430,1.567,46.98,35.31,False
VPW-CHILLER-02,431,1.348,45.82,34.63,False
VPW-CHILLER-02,432,1.525,46.77,24.13,False
VPW-CHILLER-02,433,1.394,47.28,25.66,False
VPW-CHILLER-02,434,1.527,46.1,25.85,False
VPW-CHILLER-02,435,1.548,47.0,31.12,False
VPW-CHILLER-02,436,1.483,47.08,43.45,False
VPW-CHILLER-02,437,1.48,46.7,44.74,False
VPW-CHILLER-02,438,1.415,47.35,18.49,False
VPW-CHILLER-02,439,1.565,44.16,38.78,False
VPW-CHILLER-02,440,1.469,47.65,23.94,False
VPW-CHILLER-02,441,1.56,46.89,38.08,False
VPW-CHILLER-02,442,1.603,46.49,18.31,False
VPW-CHILLER-02,443,1.528,46.39,19.73,False
VPW-CHILLER-02,444,1.716,48.41,27.3,False
VPW-CHILLER-02,445,1.63,49.2,20.47,False
VPW-CHILLER-02,446,1.672,48.07,38.68,False
VPW-CHILLER-02,447,1.608,47.63,19.01,False
VPW-CHILLER-02,448,1.582,47.41,43.47,False
VPW-CHILLER-02,449,1.577,47.8,19.15,False
VPW-CHILLER-02,450,1.871,48.47,36.27,False
VPW-CHILLER-02,451,1.766,46.06,27.38,False
VPW-CHILLER-02,452,1.679,46.54,33.87,False
VPW-CHILLER-02,453,1.722,48.51,27.6,False
VPW-CHILLER-02,454,1.748,48.1,35.16,False
VPW-CHILLER-02,455,1.769,47.92,33.88,False
VPW-CHILLER-02,456,1.944,48.08,20.08,False
VPW-CHILLER-02,457,1.621,47.78,43.98,False
VPW-CHILLER-02,458,1.966,45.75,29.97,False
VPW-CHILLER-02,459,1.834,48.17,26.93,False
VPW-CHILLER-02,460,1.942,49.05,21.29,False
VPW-CHILLER-02,461,1.861,49.16,34.4,False
VPW-CHILLER-02,462,1.911,47.87,34.79,False
VPW-CHILLER-02,463,1.876,49.03,33.09,False
VPW-CHILLER-02,464,2.035,46.33,21.63,False
VPW-CHILLER-02,465,1.872,48.77,26.58,False
VPW-CHILLER-02,466,1.829,49.51,22.51,False
VPW-CHILLER-02,467,1.968,48.46,23.56,False
VPW-CHILLER-02,468,1.937,48.78,32.01,False
VPW-CHILLER-02,469,2.047,50.52,37.72,False
VPW-CHILLER-02,470,1.839,49.14,24.58,False
VPW-CHILLER-02,471,1.94,49.23,40.13,False
VPW-CHILLER-02,472,2.046,48.19,41.07,False
VPW-CHILLER-02,473,2.036,47.71,21.95,False
VPW-CHILLER-02,474,2.019,47.77,19.62,False
VPW-CHILLER-02,475,1.995,49.43,23.52,False
VPW-CHILLER-02,476,1.836,47.6,35.75,False
VPW-CHILLER-02,477,2.028,48.02,33.9,False
VPW-CHILLER-02,478,1.995,50.03,33.42,False
VPW-CHILLER-02,479,1.759,50.4,26.0,False
VPW-CHILLER-02,480,1.936,49.86,21.79,False
VPW-CHILLER-02,481,1.714,49.75,33.53,False
VPW-CHILLER-02,482,1.803,50.35,34.66,False
VPW-CHILLER-02,483,1.732,48.7,33.25,False
VPW-CHILLER-02,484,1.793,49.44,37.63,False
VPW-CHILLER-02,485,1.656,48.46,45.37,False
VPW-CHILLER-02,486,1.844,48.06,46.32,False
VPW-CHILLER-02,487,1.827,50.89,27.14,False
VPW-CHILLER-02,488,1.983,48.86,27.14,False
VPW-CHILLER-02,489,1.855,49.33,27.05,False
VPW-CHILLER-02,490,1.668,50.44,32.98,False
VPW-CHILLER-02,491,1.721,48.72,39.35,False
VPW-CHILLER-02,492,1.848,48.78,28.93,False
VPW-CHILLER-02,493,1.67,50.65,45.41,False
VPW-CHILLER-02,494,1.689,49.32,32.95,False
VPW-CHILLER-02,495,1.645,50.07,32.51,False
VPW-CHILLER-02,496,1.601,49.15,41.77,False
VPW-CHILLER-02,497,1.455,48.67,24.1,False
VPW-CHILLER-02,498,1.749,49.04,34.25,False
VPW-CHILLER-02,499,1.526,47.45,17.78,False
VPW-CHILLER-02,500,1.663,49.95,23.02,False
VPW-CHILLER-02,501,1.506,49.02,38.27,False
VPW-CHILLER-02,502,1.682,51.76,20.45,False
VPW-CHILLER-02,503,1.337,49.36,37.71,False
VPW-CHILLER-02,504,1.431,48.7,44.73,False
VPW-CHILLER-02,505,1.667,49.09,39.84,False
VPW-CHILLER-02,506,1.641,47.3,44.44,False
VPW-CHILLER-02,507,1.465,47.84,42.16,False
VPW-CHILLER-02,508,1.592,48.96,39.42,False
VPW-CHILLER-02,509,1.535,48.43,44.95,False
VPW-CHILLER-02,510,1.541,48.48,20.26,False
VPW-CHILLER-02,511,1.465,48.76,18.13,False
VPW-CHILLER-02,512,1.411,48.64,22.15,False
VPW-CHILLER-02,513,1.478,49.53,20.0,False
VPW-CHILLER-02,514,1.537,47.37,44.89,False
VPW-CHILLER-02,515,1.716,48.71,35.88,False
VPW-CHILLER-02,516,1.4,49.09,18.26,False
VPW-CHILLER-02,517,1.623,48.91,29.19,False
VPW-CHILLER-02,518,1.579,48.06,35.91,False
VPW-CHILLER-02,519,1.63,49.29,33.42,False
VPW-CHILLER-02,520,1.472,49.3,30.75,False
VPW-CHILLER-02,521,1.517,48.35,43.28,False
VPW-CHILLER-02,522,1.552,47.41,45.14,False
VPW-CHILLER-02,523,1.673,49.05,32.71,False
VPW-CHILLER-02,524,1.578,47.91,24.94,False
VPW-CHILLER-02,525,1.648,48.51,26.3,False
VPW-CHILLER-02,526,1.745,47.82,31.06,False
VPW-CHILLER-02,527,1.761,47.93,30.19,False
VPW-CHILLER-02,528,1.565,47.63,27.46,False
VPW-CHILLER-02,529,1.775,49.03,33.61,False
VPW-CHILLER-02,530,1.83,48.5,19.77,False
VPW-CHILLER-02,531,1.686,47.02,29.41,False
VPW-CHILLER-02,532,1.843,49.25,25.37,False
VPW-CHILLER-02,533,1.933,48.21,40.1,False
VPW-CHILLER-02,534,1.927,47.51,30.54,False
VPW-CHILLER-02,535,2.035,46.74,37.9,False
VPW-CHILLER-02,536,2.059,47.39,35.72,False
VPW-CHILLER-02,537,1.719,48.73,44.22,False
VPW-CHILLER-02,538,2.05,46.53,26.63,False
VPW-CHILLER-02,539,1.885,45.96,35.9,False
VPW-CHILLER-02,540,2.005,47.22,27.65,False
VPW-CHILLER-02,541,1.987,46.8,39.18,False
VPW-CHILLER-02,542,1.924,47.14,33.91,False
VPW-CHILLER-02,543,1.87,47.3,22.93,False
VPW-CHILLER-02,544,1.988,48.41,34.84,False
VPW-CHILLER-02,545,1.94,47.4,25.65,False
VPW-CHILLER-02,546,1.867,47.33,41.74,False
VPW-CHILLER-02,547,2.125,47.93,18.3,False
VPW-CHILLER-02,548,1.888,47.83,44.94,False
VPW-CHILLER-02,549,2.101,46.53,38.6,False
VPW-CHILLER-02,550,1.868,45.67,32.86,False
VPW-CHILLER-02,551,1.908,46.09,41.78,False
VPW-CHILLER-02,552,2.146,47.64,36.55,False
VPW-CHILLER-02,553,2.025,45.74,36.43,False
VPW-CHILLER-02,554,1.967,46.85,28.06,False
VPW-CHILLER-02,555,2.039,45.7,43.41,False
VPW-CHILLER-02,556,1.825,45.57,33.2,False
VPW-CHILLER-02,557,1.881,45.95,18.07,False
VPW-CHILLER-02,558,2.031,45.42,18.88,False
VPW-CHILLER-02,559,2.031,46.45,43.97,False
VPW-CHILLER-02,560,1.846,47.52,34.76,False
VPW-CHILLER-02,561,1.674,45.02,33.83,False
VPW-CHILLER-02,562,1.711,47.66,18.89,False
VPW-CHILLER-02,563,1.799,45.76,37.96,False
VPW-CHILLER-02,564,1.942,47.03,23.55,False
VPW-CHILLER-02,565,1.74,46.54,39.96,False
VPW-CHILLER-02,566,1.841,45.19,39.72,False
VPW-CHILLER-02,567,1.731,47.29,17.92,False
VPW-CHILLER-02,568,1.667,46.48,39.0,False
VPW-CHILLER-02,569,1.694,46.76,20.14,False
VPW-CHILLER-02,570,1.65,45.62,30.36,False
VPW-CHILLER-02,571,1.633,46.12,34.94,False
VPW-CHILLER-02,572,1.74,46.42,27.42,False
VPW-CHILLER-02,573,1.744,46.2,22.31,False
VPW-CHILLER-02,574,1.607,47.56,29.87,False
VPW-CHILLER-02,575,1.566,46.12,20.28,False
VPW-CHILLER-02,576,1.555,46.39,40.33,False
VPW-CHILLER-02,577,1.65,45.08,32.03,False
VPW-CHILLER-02,578,1.313,47.3,24.65,False
VPW-CHILLER-02,579,1.588,47.03,19.55,False
VPW-CHILLER-02,580,1.677,47.12,45.14,False
VPW-CHILLER-02,581,1.315,48.45,43.19,False
VPW-CHILLER-02,582,1.566,46.52,43.85,False
VPW-CHILLER-02,583,1.419,48.16,34.57,False
VPW-CHILLER-02,584,1.536,45.87,22.23,False
VPW-CHILLER-02,585,1.446,47.07,37.99,False
VPW-CHILLER-02,586,1.508,47.18,39.01,False
VPW-CHILLER-02,587,1.587,47.64,38.14,False
VPW-CHILLER-02,588,1.509,48.15,30.12,False
VPW-CHILLER-02,589,1.504,47.81,19.17,False
VPW-CHILLER-02,590,1.574,45.24,25.77,False
VPW-CHILLER-02,591,1.596,48.09,19.12,False
VPW-CHILLER-02,592,1.583,47.93,27.7,False
VPW-CHILLER-02,593,1.827,46.31,17.99,False
VPW-CHILLER-02,594,1.608,47.41,22.79,False
VPW-CHILLER-02,595,1.739,46.21,32.69,False
VPW-CHILLER-02,596,1.531,46.45,42.74,False
VPW-CHILLER-02,597,1.7,47.75,23.09,False
VPW-CHILLER-02,598,1.685,47.13,18.79,False
VPW-CHILLER-02,599,1.505,49.01,27.57,False
VPW-CHILLER-02,600,1.824,47.89,22.4,False
VPW-CHILLER-02,601,1.82,47.75,33.17,False
VPW-CHILLER-02,602,1.905,48.17,40.56,False
VPW-CHILLER-02,603,1.792,48.09,25.7,False
VPW-CHILLER-02,604,1.845,46.15,46.11,False
VPW-CHILLER-02,605,1.827,47.62,27.03,False
VPW-CHILLER-02,606,1.831,48.4,20.23,False
VPW-CHILLER-02,607,1.966,48.48,21.73,False
VPW-CHILLER-02,608,1.626,48.25,24.58,False
VPW-CHILLER-02,609,1.9,47.91,37.35,False
VPW-CHILLER-02,610,1.778,46.75,19.8,False
VPW-CHILLER-02,611,1.88,48.77,24.06,False
VPW-CHILLER-02,612,1.875,49.62,30.83,False
VPW-CHILLER-02,613,1.897,49.1,44.17,False
VPW-CHILLER-02,614,1.92,49.0,22.92,False
VPW-CHILLER-02,615,1.937,48.18,35.27,False
VPW-CHILLER-02,616,1.98,49.46,21.75,False
VPW-CHILLER-02,617,1.991,48.46,44.02,False
VPW-CHILLER-02,618,1.824,49.3,25.94,False
VPW-CHILLER-02,619,2.039,49.87,36.82,False
VPW-CHILLER-02,620,2.188,49.15,44.04,False
VPW-CHILLER-02,621,1.978,48.98,22.34,False
VPW-CHILLER-02,622,1.981,50.29,24.0,False
VPW-CHILLER-02,623,1.974,49.08,30.07,False
VPW-CHILLER-02,624,2.031,49.05,36.34,False
VPW-CHILLER-02,625,2.134,51.79,41.03,False
VPW-CHILLER-02,626,1.887,49.67,40.86,False
VPW-CHILLER-02,627,1.888,51.54,32.53,False
VPW-CHILLER-02,628,1.875,49.38,32.27,False
VPW-CHILLER-02,629,1.915,48.28,37.82,False
VPW-CHILLER-02,630,2.074,50.14,40.21,False
VPW-CHILLER-02,631,1.771,51.41,21.92,False
VPW-CHILLER-02,632,1.981,50.61,18.96,False
VPW-CHILLER-02,633,1.777,50.0,43.94,False
VPW-CHILLER-02,634,1.953,50.39,43.86,False
VPW-CHILLER-02,635,1.876,50.38,28.2,False
VPW-CHILLER-02,636,1.81,49.93,44.31,False
VPW-CHILLER-02,637,1.857,49.44,45.04,False
VPW-CHILLER-02,638,1.865,49.15,20.31,False
VPW-CHILLER-02,639,1.837,49.39,32.62,False
VPW-CHILLER-02,640,1.854,48.17,27.75,False
VPW-CHILLER-02,641,1.744,49.77,36.71,False
VPW-CHILLER-02,642,1.757,50.41,23.55,False
VPW-CHILLER-02,643,1.664,50.15,42.65,False
VPW-CHILLER-02,644,1.718,50.69,32.6,False
VPW-CHILLER-02,645,1.657,51.14,40.99,False
VPW-CHILLER-02,646,1.804,48.36,36.03,False
VPW-CHILLER-02,647,1.91,49.34,33.59,False
VPW-CHILLER-02,648,1.616,50.38,25.94,False
VPW-CHILLER-02,649,1.734,49.84,38.87,False
VPW-CHILLER-02,650,1.497,50.05,44.6,False
VPW-CHILLER-02,651,1.68,50.09,34.71,False
VPW-CHILLER-02,652,1.644,49.24,37.76,False
VPW-CHILLER-02,653,1.69,49.14,26.64,False
VPW-CHILLER-02,654,1.471,49.95,27.33,False
VPW-CHILLER-02,655,1.61,48.2,29.42,False
VPW-CHILLER-02,656,1.459,48.45,30.53,False
VPW-CHILLER-02,657,1.539,49.28,22.28,False
VPW-CHILLER-02,658,1.512,50.67,34.27,False
VPW-CHILLER-02,659,1.667,47.89,28.87,False
VPW-CHILLER-02,660,1.852,48.98,29.45,False
VPW-CHILLER-02,661,1.538,48.16,18.49,False
VPW-CHILLER-02,662,1.58,50.15,24.09,False
VPW-CHILLER-02,663,1.707,48.02,21.4,False
VPW-CHILLER-02,664,1.497,48.48,28.94,False
VPW-CHILLER-02,665,1.573,49.53,30.44,False
VPW-CHILLER-02,666,1.669,49.09,35.93,False
VPW-CHILLER-02,667,1.653,50.64,41.47,False
VPW-CHILLER-02,668,1.689,49.16,28.55,False
VPW-CHILLER-02,669,1.766,48.98,32.33,False
VPW-CHILLER-02,670,1.534,48.28,37.58,False
VPW-CHILLER-02,671,1.771,49.48,20.79,False
VPW-CHILLER-02,672,1.683,48.17,45.51,False
VPW-CHILLER-02,673,1.614,49.06,19.57,False
VPW-CHILLER-02,674,1.765,47.98,43.18,False
VPW-CHILLER-02,675,1.62,48.43,23.75,False
VPW-CHILLER-02,676,1.88,47.26,32.49,False
VPW-CHILLER-02,677,1.742,47.88,37.42,False
VPW-CHILLER-02,678,1.659,47.15,21.97,False
VPW-CHILLER-02,679,1.752,48.39,40.8,False
VPW-CHILLER-02,680,1.768,47.62,29.37,False
VPW-CHILLER-02,681,2.039,47.99,27.28,False
VPW-CHILLER-02,682,1.873,48.21,34.58,False
VPW-CHILLER-02,683,1.864,47.59,39.76,False
VPW-CHILLER-02,684,1.926,48.01,39.83,False
VPW-CHILLER-02,685,1.804,48.61,32.63,False
VPW-CHILLER-02,686,1.797,48.13,42.15,False
VPW-CHILLER-02,687,1.849,47.1,21.12,False
VPW-CHILLER-02,688,1.881,45.87,36.43,False
VPW-CHILLER-02,689,1.969,46.77,32.34,False
VPW-CHILLER-02,690,1.911,46.73,28.47,False
VPW-CHILLER-02,691,2.06,46.23,41.17,False
VPW-CHILLER-02,692,1.817,47.21,18.42,False
VPW-CHILLER-02,693,2.018,46.8,32.42,False
VPW-CHILLER-02,694,2.036,48.86,19.71,False
VPW-CHILLER-02,695,1.89,48.42,25.04,False
VPW-CHILLER-02,696,1.917,48.52,21.04,False
VPW-CHILLER-02,697,1.938,46.83,43.59,False
VPW-CHILLER-02,698,2.112,46.08,41.96,False
VPW-CHILLER-02,699,1.942,45.94,22.45,False
VPW-CHILLER-02,700,1.935,46.5,27.56,False
VPW-CHILLER-02,701,2.054,48.25,35.96,False
VPW-CHILLER-02,702,1.929,46.87,19.21,False
VPW-CHILLER-02,703,1.953,48.44,44.02,False
VPW-CHILLER-02,704,2.153,47.42,41.72,False
VPW-CHILLER-02,705,1.879,48.41,18.74,False
VPW-CHILLER-02,706,1.97,48.17,28.38,False
VPW-CHILLER-02,707,2.005,47.7,36.92,False
VPW-CHILLER-02,708,1.795,46.98,29.99,False
VPW-CHILLER-02,709,2.03,47.2,22.31,False
VPW-CHILLER-02,710,2.011,46.1,20.65,False
VPW-CHILLER-02,711,1.965,46.87,33.08,False
VPW-CHILLER-02,712,1.735,46.36,21.66,False
VPW-CHILLER-02,713,1.758,45.81,24.13,False
VPW-CHILLER-02,714,1.822,46.42,32.67,False
VPW-CHILLER-02,715,1.775,47.62,43.98,False
VPW-CHILLER-02,716,1.978,46.95,45.46,False
VPW-CHILLER-02,717,1.765,47.2,27.94,False
VPW-CHILLER-02,718,1.796,47.08,39.9,False
VPW-CHILLER-02,719,1.805,46.46,40.76,False
VPW-CHILLER-03,0,2.087,44.37,43.44,False
VPW-CHILLER-03,1,1.903,43.64,36.29,False
VPW-CHILLER-03,2,1.932,42.72,40.18,False
VPW-CHILLER-03,3,2.049,45.29,23.46,False
VPW-CHILLER-03,4,2.074,44.41,26.41,False
VPW-CHILLER-03,5,2.046,45.58,29.98,False
VPW-CHILLER-03,6,2.14,46.82,25.31,False
VPW-CHILLER-03,7,2.02,44.08,31.64,False
VPW-CHILLER-03,8,2.093,43.97,19.64,False
VPW-CHILLER-03,9,1.896,45.12,20.6,False
VPW-CHILLER-03,10,1.985,45.03,27.57,False
VPW-CHILLER-03,11,2.059,43.41,34.19,False
VPW-CHILLER-03,12,2.072,44.54,24.91,False
VPW-CHILLER-03,13,2.191,43.99,42.78,False
VPW-CHILLER-03,14,2.148,46.07,19.51,False
VPW-CHILLER-03,15,1.964,44.96,40.92,False
VPW-CHILLER-03,16,2.108,43.9,27.66,False
VPW-CHILLER-03,17,2.358,43.49,37.34,False
VPW-CHILLER-03,18,2.263,43.82,19.65,False
VPW-CHILLER-03,19,2.023,44.32,37.85,False
VPW-CHILLER-03,20,2.231,44.86,19.22,False
VPW-CHILLER-03,21,2.266,44.58,21.5,False
VPW-CHILLER-03,22,2.237,44.82,34.58,False
VPW-CHILLER-03,23,2.139,45.2,45.72,False
VPW-CHILLER-03,24,2.212,44.78,29.59,False
VPW-CHILLER-03,25,2.095,45.67,25.48,False
VPW-CHILLER-03,26,2.053,45.81,36.68,False
VPW-CHILLER-03,27,2.029,45.24,34.7,False
VPW-CHILLER-03,28,2.102,47.68,22.53,False
VPW-CHILLER-03,29,2.182,44.96,40.36,False
VPW-CHILLER-03,30,1.987,44.1,24.97,False
VPW-CHILLER-03,31,1.838,45.94,20.69,False
VPW-CHILLER-03,32,2.08,45.77,42.99,False
VPW-CHILLER-03,33,1.934,45.35,26.48,False
VPW-CHILLER-03,34,2.045,45.39,19.72,False
VPW-CHILLER-03,35,1.962,45.6,43.32,False
VPW-CHILLER-03,36,2.086,47.11,18.58,False
VPW-CHILLER-03,37,1.829,46.27,17.43,False
VPW-CHILLER-03,38,1.866,44.99,20.6,False
VPW-CHILLER-03,39,1.9,46.3,33.38,False
VPW-CHILLER-03,40,1.942,46.55,36.55,False
VPW-CHILLER-03,41,1.924,45.26,19.85,False
VPW-CHILLER-03,42,1.892,44.66,42.94,False
VPW-CHILLER-03,43,1.949,46.3,37.39,False
VPW-CHILLER-03,44,1.814,44.18,37.68,False
VPW-CHILLER-03,45,1.77,45.56,33.07,False
VPW-CHILLER-03,46,1.698,45.71,35.3,False
VPW-CHILLER-03,47,1.805,46.36,29.31,False
VPW-CHILLER-03,48,1.593,46.12,43.9,False
VPW-CHILLER-03,49,1.79,44.9,18.77,False
VPW-CHILLER-03,50,1.914,45.66,38.83,False
VPW-CHILLER-03,51,1.899,45.45,45.73,False
VPW-CHILLER-03,52,1.732,47.01,28.68,False
VPW-CHILLER-03,53,1.66,46.11,38.16,False
VPW-CHILLER-03,54,1.753,45.08,46.1,False
VPW-CHILLER-03,55,1.704,45.72,36.67,False
VPW-CHILLER-03,56,1.794,44.4,32.53,False
VPW-CHILLER-03,57,1.707,45.9,39.93,False
VPW-CHILLER-03,58,1.632,45.62,27.47,False
VPW-CHILLER-03,59,1.796,45.68,30.35,False
VPW-CHILLER-03,60,1.823,45.26,19.35,False
VPW-CHILLER-03,61,1.758,45.27,17.82,False
VPW-CHILLER-03,62,1.694,44.26,22.32,False
VPW-CHILLER-03,63,1.723,45.04,23.8,False
VPW-CHILLER-03,64,1.875,45.35,28.93,False
VPW-CHILLER-03,65,1.689,45.79,34.9,False
VPW-CHILLER-03,66,1.879,43.53,42.99,False
VPW-CHILLER-03,67,1.832,45.62,37.91,False
VPW-CHILLER-03,68,1.941,45.56,31.97,False
VPW-CHILLER-03,69,1.797,43.86,37.36,False
VPW-CHILLER-03,70,1.81,44.24,19.84,False
VPW-CHILLER-03,71,1.828,44.47,40.13,False
VPW-CHILLER-03,72,1.799,43.26,18.68,False
VPW-CHILLER-03,73,1.875,44.15,30.86,False
VPW-CHILLER-03,74,1.962,45.21,27.95,False
VPW-CHILLER-03,75,1.866,43.48,25.19,False
VPW-CHILLER-03,76,2.092,44.54,36.53,False
VPW-CHILLER-03,77,2.037,43.0,42.71,False
VPW-CHILLER-03,78,1.826,44.4,44.59,False
VPW-CHILLER-03,79,1.938,44.57,42.85,False
VPW-CHILLER-03,80,2.116,43.49,17.73,False
VPW-CHILLER-03,81,2.043,43.92,35.17,False
VPW-CHILLER-03,82,2.14,42.63,27.27,False
VPW-CHILLER-03,83,2.139,44.13,41.29,False
VPW-CHILLER-03,84,2.028,44.11,19.44,False
VPW-CHILLER-03,85,2.189,42.33,40.82,False
VPW-CHILLER-03,86,2.233,42.94,38.99,False
VPW-CHILLER-03,87,2.079,42.92,27.02,False
VPW-CHILLER-03,88,2.281,42.61,27.48,False
VPW-CHILLER-03,89,2.127,44.62,18.06,False
VPW-CHILLER-03,90,2.26,42.81,34.57,False
VPW-CHILLER-03,91,2.128,42.18,20.41,False
VPW-CHILLER-03,92,2.196,43.55,24.89,False
VPW-CHILLER-03,93,2.214,44.07,32.98,False
VPW-CHILLER-03,94,2.253,43.31,18.46,False
VPW-CHILLER-03,95,2.073,43.03,17.72,False
VPW-CHILLER-03,96,2.155,42.1,20.41,False
VPW-CHILLER-03,97,2.137,42.45,19.72,False
VPW-CHILLER-03,98,2.127,43.25,28.98,False
VPW-CHILLER-03,99,2.245,42.43,26.23,False
VPW-CHILLER-03,100,2.18,43.56,22.4,False
VPW-CHILLER-03,101,2.167,43.63,42.95,False
VPW-CHILLER-03,102,2.032,43.21,44.25,False
VPW-CHILLER-03,103,2.132,42.37,30.3,False
VPW-CHILLER-03,104,2.183,42.44,18.52,False
VPW-CHILLER-03,105,1.945,43.31,24.64,False
VPW-CHILLER-03,106,2.109,43.11,43.29,False
VPW-CHILLER-03,107,2.161,42.34,41.22,False
VPW-CHILLER-03,108,2.019,42.51,22.49,False
VPW-CHILLER-03,109,2.022,42.81,26.68,False
VPW-CHILLER-03,110,2.173,42.72,25.62,False
VPW-CHILLER-03,111,2.054,42.3,29.89,False
VPW-CHILLER-03,112,2.009,40.47,44.41,False
VPW-CHILLER-03,113,2.117,41.91,35.51,False
VPW-CHILLER-03,114,1.927,42.82,33.75,False
VPW-CHILLER-03,115,2.024,43.79,23.43,False
VPW-CHILLER-03,116,1.96,42.31,28.03,False
VPW-CHILLER-03,117,1.879,44.14,45.07,False
VPW-CHILLER-03,118,1.76,41.8,34.87,False
VPW-CHILLER-03,119,1.695,42.29,37.94,False
VPW-CHILLER-03,120,1.929,41.2,43.41,False
VPW-CHILLER-03,121,1.829,42.65,24.63,False
VPW-CHILLER-03,122,1.819,41.55,22.24,False
VPW-CHILLER-03,123,1.847,42.25,39.47,False
VPW-CHILLER-03,124,1.824,42.69,37.72,False
VPW-CHILLER-03,125,1.785,42.81,28.67,False
VPW-CHILLER-03,126,1.796,42.58,45.23,False
VPW-CHILLER-03,127,1.768,43.35,27.32,False
VPW-CHILLER-03,128,1.785,42.99,30.57,False
VPW-CHILLER-03,129,1.844,42.52,32.6,False
VPW-CHILLER-03,130,1.874,44.44,32.76,False
VPW-CHILLER-03,131,1.715,43.25,38.81,False
VPW-CHILLER-03,132,1.773,43.12,18.16,False
VPW-CHILLER-03,133,1.7,42.76,28.8,False
VPW-CHILLER-03,134,1.812,42.63,35.71,False
VPW-CHILLER-03,135,1.729,43.4,27.97,False
VPW-CHILLER-03,136,1.626,44.04,38.58,False
VPW-CHILLER-03,137,1.839,43.87,42.39,False
VPW-CHILLER-03,138,1.762,43.47,21.23,False
VPW-CHILLER-03,139,1.954,43.26,41.66,False
VPW-CHILLER-03,140,1.759,45.02,22.39,False
VPW-CHILLER-03,141,1.709,42.93,36.72,False
VPW-CHILLER-03,142,1.765,43.65,22.55,False
VPW-CHILLER-03,143,1.866,43.46,41.5,False
VPW-CHILLER-03,144,1.917,43.21,42.2,False
VPW-CHILLER-03,145,1.871,43.83,42.86,False
VPW-CHILLER-03,146,1.698,45.64,30.75,False
VPW-CHILLER-03,147,1.816,45.07,42.15,False
VPW-CHILLER-03,148,2.031,44.37,33.78,False
VPW-CHILLER-03,149,1.933,43.38,34.64,False
VPW-CHILLER-03,150,1.764,43.68,20.05,False
VPW-CHILLER-03,151,1.918,44.14,25.02,False
VPW-CHILLER-03,152,2.028,44.91,33.69,False
VPW-CHILLER-03,153,2.086,45.43,44.2,False
VPW-CHILLER-03,154,1.969,45.25,44.56,False
VPW-CHILLER-03,155,1.961,44.63,35.45,False
VPW-CHILLER-03,156,2.065,44.6,42.81,False
VPW-CHILLER-03,157,2.149,44.65,22.13,False
VPW-CHILLER-03,158,2.262,45.37,37.69,False
VPW-CHILLER-03,159,2.126,44.73,22.4,False
VPW-CHILLER-03,160,2.072,45.73,24.67,False
VPW-CHILLER-03,161,2.012,45.11,43.88,False
VPW-CHILLER-03,162,2.128,44.53,23.16,False
VPW-CHILLER-03,163,2.184,46.9,28.72,False
VPW-CHILLER-03,164,2.219,44.82,38.98,False
VPW-CHILLER-03,165,2.041,45.71,28.62,False
VPW-CHILLER-03,166,2.273,44.73,18.35,False
VPW-CHILLER-03,167,2.229,44.39,32.37,False
VPW-CHILLER-03,168,2.049,45.29,21.79,False
VPW-CHILLER-03,169,2.153,45.32,32.64,False
VPW-CHILLER-03,170,2.289,47.6,24.56,False
VPW-CHILLER-03,171,2.282,45.65,41.01,False
VPW-CHILLER-03,172,2.26,44.69,44.31,False
VPW-CHILLER-03,173,2.144,45.29,32.59,False
VPW-CHILLER-03,174,2.137,44.59,29.42,False
VPW-CHILLER-03,175,2.083,46.29,35.77,False
VPW-CHILLER-03,176,2.252,44.56,22.22,False
VPW-CHILLER-03,177,2.144,45.74,44.83,False
VPW-CHILLER-03,178,2.008,45.11,41.09,False
VPW-CHILLER-03,179,1.963,45.54,39.71,False
VPW-CHILLER-03,180,2.056,44.9,38.07,False
VPW-CHILLER-03,181,2.151,44.39,42.05,False
VPW-CHILLER-03,182,2.134,45.06,27.51,False
VPW-CHILLER-03,183,2.07,46.34,39.29,False
VPW-CHILLER-03,184,2.033,46.84,27.29,False
VPW-CHILLER-03,185,2.106,46.53,45.87,False
VPW-CHILLER-03,186,1.891,44.97,18.71,False
VPW-CHILLER-03,187,2.01,45.83,26.31,False
VPW-CHILLER-03,188,2.03,45.46,21.85,False
VPW-CHILLER-03,189,1.995,47.79,31.55,False
VPW-CHILLER-03,190,2.045,45.42,37.63,False
VPW-CHILLER-03,191,1.916,46.31,22.95,False
VPW-CHILLER-03,192,1.963,45.81,42.88,False
VPW-CHILLER-03,193,1.945,47.01,44.05,False
VPW-CHILLER-03,194,1.83,45.85,20.88,False
VPW-CHILLER-03,195,1.886,45.44,27.56,False
VPW-CHILLER-03,196,1.943,45.74,25.14,False
VPW-CHILLER-03,197,1.896,46.83,19.52,False
VPW-CHILLER-03,198,1.813,45.22,19.33,False
VPW-CHILLER-03,199,1.866,46.04,40.27,False
VPW-CHILLER-03,200,1.801,46.84,42.8,False
VPW-CHILLER-03,201,1.964,46.82,42.89,False
VPW-CHILLER-03,202,1.898,45.69,41.19,False
VPW-CHILLER-03,203,1.813,46.27,21.01,False
VPW-CHILLER-03,204,1.859,46.61,32.2,False
VPW-CHILLER-03,205,1.735,45.66,24.8,False
VPW-CHILLER-03,206,1.606,45.44,23.89,False
VPW-CHILLER-03,207,1.722,46.11,37.84,False
VPW-CHILLER-03,208,1.807,44.85,23.78,False
VPW-CHILLER-03,209,1.899,44.97,39.88,False
VPW-CHILLER-03,210,1.782,47.07,33.61,False
VPW-CHILLER-03,211,1.783,44.49,25.5,False
VPW-CHILLER-03,212,1.881,46.12,41.35,False
VPW-CHILLER-03,213,1.948,45.85,42.78,False
VPW-CHILLER-03,214,1.843,45.6,20.76,False
VPW-CHILLER-03,215,1.976,44.61,26.37,False
VPW-CHILLER-03,216,1.882,45.68,29.43,False
VPW-CHILLER-03,217,1.971,44.46,28.93,False
VPW-CHILLER-03,218,2.016,44.4,20.06,False
VPW-CHILLER-03,219,1.92,45.15,23.06,False
VPW-CHILLER-03,220,1.885,45.61,43.16,False
VPW-CHILLER-03,221,1.934,45.38,34.19,False
VPW-CHILLER-03,222,1.976,44.5,33.8,False
VPW-CHILLER-03,223,1.927,44.63,33.73,False
VPW-CHILLER-03,224,1.913,45.59,31.36,False
VPW-CHILLER-03,225,2.08,43.99,43.9,False
VPW-CHILLER-03,226,1.932,43.1,40.84,False
VPW-CHILLER-03,227,1.96,43.96,41.83,False
VPW-CHILLER-03,228,1.869,45.95,40.51,False
VPW-CHILLER-03,229,2.045,43.34,25.88,False
VPW-CHILLER-03,230,2.071,45.73,22.1,False
VPW-CHILLER-03,231,2.052,44.98,24.51,False
VPW-CHILLER-03,232,2.301,44.01,37.34,False
VPW-CHILLER-03,233,2.275,44.5,35.29,False
VPW-CHILLER-03,234,2.042,43.29,39.65,False
VPW-CHILLER-03,235,2.109,43.41,20.0,False
VPW-CHILLER-03,236,2.133,43.43,20.92,False
VPW-CHILLER-03,237,2.279,43.14,43.28,False
VPW-CHILLER-03,238,1.989,45.08,24.47,False
VPW-CHILLER-03,239,2.086,41.89,22.71,False
VPW-CHILLER-03,240,2.129,44.52,41.44,False
VPW-CHILLER-03,241,2.269,42.82,39.95,False
VPW-CHILLER-03,242,2.068,43.42,33.35,False
VPW-CHILLER-03,243,2.291,44.34,41.59,False
VPW-CHILLER-03,244,2.244,41.66,29.88,False
VPW-CHILLER-03,245,2.281,42.87,39.58,False
VPW-CHILLER-03,246,2.217,41.8,18.29,False
VPW-CHILLER-03,247,2.225,42.82,23.26,False
VPW-CHILLER-03,248,2.251,43.19,18.14,False
VPW-CHILLER-03,249,2.156,44.15,32.66,False
VPW-CHILLER-03,250,2.144,43.55,45.01,False
VPW-CHILLER-03,251,2.22,41.57,32.13,False
VPW-CHILLER-03,252,2.153,42.45,23.57,False
VPW-CHILLER-03,253,2.199,43.18,31.57,False
VPW-CHILLER-03,254,2.223,43.21,24.5,False
VPW-CHILLER-03,255,2.092,43.49,27.49,False
VPW-CHILLER-03,256,2.208,42.99,44.92,False
VPW-CHILLER-03,257,2.262,42.47,27.04,False
VPW-CHILLER-03,258,2.099,42.99,18.91,False
VPW-CHILLER-03,259,2.018,44.48,38.25,False
VPW-CHILLER-03,260,2.092,43.59,43.98,False
VPW-CHILLER-03,261,2.008,43.26,44.53,False
VPW-CHILLER-03,262,2.086,43.56,31.57,False
VPW-CHILLER-03,263,2.007,43.15,35.31,False
VPW-CHILLER-03,264,2.124,41.56,26.52,False
VPW-CHILLER-03,265,1.984,43.97,44.42,False
VPW-CHILLER-03,266,1.884,44.68,26.57,False
VPW-CHILLER-03,267,1.949,42.39,42.82,False
VPW-CHILLER-03,268,1.959,43.0,41.44,False
VPW-CHILLER-03,269,2.029,42.59,36.17,False
VPW-CHILLER-03,270,1.973,41.7,28.03,False
VPW-CHILLER-03,271,1.899,44.17,41.87,False
VPW-CHILLER-03,272,1.958,43.47,21.82,False
VPW-CHILLER-03,273,1.829,43.26,44.16,False
VPW-CHILLER-03,274,1.96,44.64,26.99,False
VPW-CHILLER-03,275,1.877,42.52,45.65,False
VPW-CHILLER-03,276,1.823,44.07,18.34,False
VPW-CHILLER-03,277,1.735,42.78,29.72,False
VPW-CHILLER-03,278,1.854,41.97,29.27,False
VPW-CHILLER-03,279,1.842,42.79,29.95,False
VPW-CHILLER-03,280,1.749,43.08,29.24,False
VPW-CHILLER-03,281,1.755,43.17,28.57,False
VPW-CHILLER-03,282,1.797,44.54,30.5,False
VPW-CHILLER-03,283,1.848,43.23,43.24,False
VPW-CHILLER-03,284,1.628,43.4,45.24,False
VPW-CHILLER-03,285,1.972,43.16,41.62,False
VPW-CHILLER-03,286,1.733,43.37,32.15,False
VPW-CHILLER-03,287,1.927,43.81,18.81,False
VPW-CHILLER-03,288,1.848,44.46,43.24,False
VPW-CHILLER-03,289,1.821,43.07,40.38,False
VPW-CHILLER-03,290,1.948,44.33,18.8,False
VPW-CHILLER-03,291,1.897,42.85,41.38,False
VPW-CHILLER-03,292,1.784,43.37,21.41,False
VPW-CHILLER-03,293,1.578,43.25,21.66,False
VPW-CHILLER-03,294,1.944,43.74,30.73,False
VPW-CHILLER-03,295,1.833,43.41,41.29,False
VPW-CHILLER-03,296,1.93,43.7,44.38,False
VPW-CHILLER-03,297,1.998,43.01,41.29,False
VPW-CHILLER-03,298,1.938,43.48,38.76,False
VPW-CHILLER-03,299,1.863,44.76,39.43,False
VPW-CHILLER-03,300,2.002,44.64,26.02,False
VPW-CHILLER-03,301,2.077,44.77,35.7,False
VPW-CHILLER-03,302,2.054,45.04,21.2,False
VPW-CHILLER-03,303,1.891,46.32,21.75,False
VPW-CHILLER-03,304,2.165,45.36,23.54,False
VPW-CHILLER-03,305,2.088,45.3,32.09,False
VPW-CHILLER-03,306,2.123,45.83,21.9,False
VPW-CHILLER-03,307,2.121,43.69,39.9,False
VPW-CHILLER-03,308,2.118,45.11,21.48,False
VPW-CHILLER-03,309,2.014,46.01,36.14,False
VPW-CHILLER-03,310,2.167,45.09,22.17,False
VPW-CHILLER-03,311,2.14,45.35,18.84,False
VPW-CHILLER-03,312,2.186,45.29,35.29,False
VPW-CHILLER-03,313,2.141,47.6,45.28,False
VPW-CHILLER-03,314,2.214,45.07,32.07,False
VPW-CHILLER-03,315,2.186,45.38,35.63,False
VPW-CHILLER-03,316,2.283,45.37,22.96,False
VPW-CHILLER-03,317,2.342,45.49,29.08,False
VPW-CHILLER-03,318,2.233,46.27,29.2,False
VPW-CHILLER-03,319,2.395,46.89,37.58,False
VPW-CHILLER-03,320,2.356,46.3,19.6,False
VPW-CHILLER-03,321,2.228,46.86,44.29,False
VPW-CHILLER-03,322,2.275,45.07,34.13,False
VPW-CHILLER-03,323,2.084,46.23,39.81,False
VPW-CHILLER-03,324,2.215,45.82,22.68,False
VPW-CHILLER-03,325,2.223,47.08,44.33,False
VPW-CHILLER-03,326,2.265,44.72,28.22,False
VPW-CHILLER-03,327,2.239,45.33,23.73,False
VPW-CHILLER-03,328,2.377,46.62,34.25,False
VPW-CHILLER-03,329,2.146,46.17,44.22,False
VPW-CHILLER-03,330,2.38,46.84,39.72,False
VPW-CHILLER-03,331,2.167,45.04,29.0,False
VPW-CHILLER-03,332,2.211,45.52,42.98,False
VPW-CHILLER-03,333,2.11,47.18,24.04,False
VPW-CHILLER-03,334,2.274,45.6,21.15,False
VPW-CHILLER-03,335,2.048,46.6,23.73,False
VPW-CHILLER-03,336,2.152,46.22,42.74,False
VPW-CHILLER-03,337,2.119,46.17,29.16,False
VPW-CHILLER-03,338,1.975,46.21,37.2,False
VPW-CHILLER-03,339,2.063,45.36,39.55,False
VPW-CHILLER-03,340,1.98,47.96,39.7,False
VPW-CHILLER-03,341,1.871,45.91,36.55,False
VPW-CHILLER-03,342,1.966,45.87,26.64,False
VPW-CHILLER-03,343,1.897,46.09,24.03,False
VPW-CHILLER-03,344,1.866,46.93,38.46,False
VPW-CHILLER-03,345,1.863,45.57,45.24,False
VPW-CHILLER-03,346,1.956,46.16,29.6,False
VPW-CHILLER-03,347,1.921,45.97,28.85,False
VPW-CHILLER-03,348,1.901,47.01,36.44,False
VPW-CHILLER-03,349,1.978,45.39,44.58,False
VPW-CHILLER-03,350,1.81,47.37,19.91,False
VPW-CHILLER-03,351,1.834,45.86,21.42,False
VPW-CHILLER-03,352,1.74,47.89,37.51,False
VPW-CHILLER-03,353,1.734,46.25,40.08,False
VPW-CHILLER-03,354,1.783,46.2,30.56,False
VPW-CHILLER-03,355,1.826,46.4,42.57,False
VPW-CHILLER-03,356,1.739,47.2,44.71,False
VPW-CHILLER-03,357,1.812,46.2,30.92,False
VPW-CHILLER-03,358,1.663,47.02,35.22,False
VPW-CHILLER-03,359,1.822,46.01,36.75,False
VPW-CHILLER-03,360,1.772,45.55,38.3,False
VPW-CHILLER-03,361,1.627,45.44,33.61,False
VPW-CHILLER-03,362,1.867,46.43,28.97,False
VPW-CHILLER-03,363,1.897,45.65,41.49,False
VPW-CHILLER-03,364,1.707,46.25,23.45,False
VPW-CHILLER-03,365,1.711,44.13,44.44,False
VPW-CHILLER-03,366,1.938,45.83,31.98,False
VPW-CHILLER-03,367,1.991,46.06,32.64,False
VPW-CHILLER-03,368,1.972,44.86,41.77,False
VPW-CHILLER-03,369,2.001,45.29,26.01,False
VPW-CHILLER-03,370,1.889,44.62,24.27,False
VPW-CHILLER-03,371,2.052,45.45,27.35,False
VPW-CHILLER-03,372,1.986,45.81,40.5,False
VPW-CHILLER-03,373,1.937,44.94,27.03,False
VPW-CHILLER-03,374,1.877,45.76,37.56,False
VPW-CHILLER-03,375,1.931,45.11,44.5,False
VPW-CHILLER-03,376,1.849,45.18,41.16,False
VPW-CHILLER-03,377,2.148,45.25,28.26,False
VPW-CHILLER-03,378,2.166,46.0,26.54,False
VPW-CHILLER-03,379,2.085,45.2,45.86,False
VPW-CHILLER-03,380,2.214,45.12,45.64,False
VPW-CHILLER-03,381,2.29,44.29,39.99,False
VPW-CHILLER-03,382,2.2,44.36,33.83,False
VPW-CHILLER-03,383,2.192,45.74,41.65,False
VPW-CHILLER-03,384,2.422,43.25,35.25,False
VPW-CHILLER-03,385,2.251,44.58,20.41,False
VPW-CHILLER-03,386,2.022,44.71,19.99,False
VPW-CHILLER-03,387,2.171,45.63,22.1,False
VPW-CHILLER-03,388,2.203,44.18,29.69,False
VPW-CHILLER-03,389,2.281,43.67,20.76,False
VPW-CHILLER-03,390,2.115,43.0,44.27,False
VPW-CHILLER-03,391,2.298,45.01,35.74,False
VPW-CHILLER-03,392,2.242,44.32,21.01,False
VPW-CHILLER-03,393,2.222,44.2,34.77,False
VPW-CHILLER-03,394,2.268,43.44,26.05,False
VPW-CHILLER-03,395,2.232,43.37,45.0,False
VPW-CHILLER-03,396,2.166,44.22,19.42,False
VPW-CHILLER-03,397,2.362,43.04,35.09,False
VPW-CHILLER-03,398,2.378,42.81,32.25,False
VPW-CHILLER-03,399,2.318,44.02,25.1,False
VPW-CHILLER-03,400,2.388,43.25,17.92,False
VPW-CHILLER-03,401,2.393,43.26,40.84,False
VPW-CHILLER-03,402,2.263,44.93,24.25,False
VPW-CHILLER-03,403,2.231,43.37,22.68,False
VPW-CHILLER-03,404,2.192,42.95,32.23,False
VPW-CHILLER-03,405,2.176,44.46,35.95,False
VPW-CHILLER-03,406,2.127,42.6,44.57,False
VPW-CHILLER-03,407,2.258,43.95,36.52,False
VPW-CHILLER-03,408,2.322,43.99,44.71,False
VPW-CHILLER-03,409,2.08,44.52,27.66,False
VPW-CHILLER-03,410,2.232,43.77,30.89,False
VPW-CHILLER-03,411,2.219,43.23,27.14,False
VPW-CHILLER-03,412,2.105,42.38,34.71,False
VPW-CHILLER-03,413,2.112,42.35,38.26,False
VPW-CHILLER-03,414,2.106,44.51,44.39,False
VPW-CHILLER-03,415,1.961,43.13,27.15,False
VPW-CHILLER-03,416,1.957,43.43,31.81,False
VPW-CHILLER-03,417,1.994,45.22,20.11,False
VPW-CHILLER-03,418,2.027,42.92,34.73,False
VPW-CHILLER-03,419,1.921,43.5,22.63,False
VPW-CHILLER-03,420,2.142,43.48,25.8,False
VPW-CHILLER-03,421,2.003,44.25,45.6,False
VPW-CHILLER-03,422,1.982,44.0,20.0,False
VPW-CHILLER-03,423,2.039,43.17,33.81,False
VPW-CHILLER-03,424,1.96,43.18,19.01,False
VPW-CHILLER-03,425,1.804,42.82,36.46,False
VPW-CHILLER-03,426,1.842,42.71,44.59,False
VPW-CHILLER-03,427,1.84,44.25,36.14,False
VPW-CHILLER-03,428,1.607,43.51,21.74,False
VPW-CHILLER-03,429,1.95,43.43,20.52,False
VPW-CHILLER-03,430,1.983,43.54,35.5,False
VPW-CHILLER-03,431,1.761,42.32,38.21,False
VPW-CHILLER-03,432,1.913,43.42,29.48,False
VPW-CHILLER-03,433,1.657,43.97,19.51,False
VPW-CHILLER-03,434,1.906,44.6,35.4,False
VPW-CHILLER-03,435,1.912,44.61,40.51,False
VPW-CHILLER-03,436,1.803,44.9,40.4,False
VPW-CHILLER-03,437,1.79,44.31,28.62,False
VPW-CHILLER-03,438,1.805,42.75,46.14,False
VPW-CHILLER-03,439,1.811,44.12,32.07,False
VPW-CHILLER-03,440,1.644,43.9,40.54,False
VPW-CHILLER-03,441,1.927,45.18,32.63,False
VPW-CHILLER-03,442,1.654,45.0,43.07,False
VPW-CHILLER-03,443,1.919,43.44,35.02,False
VPW-CHILLER-03,444,2.056,44.31,19.08,False
VPW-CHILLER-03,445,1.954,45.18,32.88,False
VPW-CHILLER-03,446,2.031,43.82,26.04,False
VPW-CHILLER-03,447,1.948,44.19,26.94,False
VPW-CHILLER-03,448,2.073,45.41,40.09,False
VPW-CHILLER-03,449,1.962,44.73,45.68,False
VPW-CHILLER-03,450,2.115,43.87,17.96,False
VPW-CHILLER-03,451,2.038,45.09,35.32,False
VPW-CHILLER-03,452,2.054,44.96,22.24,False
VPW-CHILLER-03,453,2.242,44.57,33.08,False
VPW-CHILLER-03,454,2.029,46.11,20.94,False
VPW-CHILLER-03,455,2.076,44.98,25.75,False
VPW-CHILLER-03,456,2.18,45.33,21.4,False
VPW-CHILLER-03,457,2.215,44.25,33.32,False
VPW-CHILLER-03,458,2.13,46.82,25.63,False
VPW-CHILLER-03,459,2.072,44.81,26.39,False
VPW-CHILLER-03,460,2.13,45.7,23.55,False
VPW-CHILLER-03,461,2.102,45.67,28.16,False
VPW-CHILLER-03,462,2.128,46.73,35.18,False
VPW-CHILLER-03,463,2.248,45.42,37.15,False
VPW-CHILLER-03,464,2.175,45.06,36.95,False
VPW-CHILLER-03,465,2.303,44.84,42.52,False
VPW-CHILLER-03,466,2.195,46.17,20.79,False
VPW-CHILLER-03,467,2.135,45.47,28.17,False
VPW-CHILLER-03,468,2.425,45.57,37.67,False
VPW-CHILLER-03,469,2.387,45.47,41.19,False
VPW-CHILLER-03,470,2.26,45.28,37.1,False
VPW-CHILLER-03,471,2.227,44.94,24.44,False
VPW-CHILLER-03,472,2.297,46.8,36.03,False
VPW-CHILLER-03,473,2.31,46.21,18.78,False
VPW-CHILLER-03,474,2.471,46.44,45.68,False
VPW-CHILLER-03,475,2.34,44.46,25.83,False
VPW-CHILLER-03,476,2.333,47.97,39.55,False
VPW-CHILLER-03,477,2.236,45.64,33.5,False
VPW-CHILLER-03,478,2.162,47.82,22.73,False
VPW-CHILLER-03,479,2.316,46.35,22.2,False
VPW-CHILLER-03,480,2.267,46.39,19.6,False
VPW-CHILLER-03,481,2.304,47.99,35.51,False
VPW-CHILLER-03,482,2.107,47.53,37.89,False
VPW-CHILLER-03,483,2.21,46.68,19.54,False
VPW-CHILLER-03,484,2.309,48.24,33.93,False
VPW-CHILLER-03,485,2.198,46.78,31.0,False
VPW-CHILLER-03,486,2.149,46.41,35.4,False
VPW-CHILLER-03,487,2.114,47.2,19.62,False
VPW-CHILLER-03,488,2.213,47.71,39.91,False
VPW-CHILLER-03,489,2.132,46.25,22.61,False
VPW-CHILLER-03,490,2.141,47.08,26.22,False
VPW-CHILLER-03,491,2.034,45.67,43.25,False
VPW-CHILLER-03,492,2.21,47.24,42.27,False
VPW-CHILLER-03,493,2.187,47.12,34.52,False
VPW-CHILLER-03,494,2.081,46.83,19.75,False
VPW-CHILLER-03,495,1.811,47.25,44.38,False
VPW-CHILLER-03,496,1.863,46.53,22.15,False
VPW-CHILLER-03,497,1.938,45.86,30.78,False
VPW-CHILLER-03,498,2.021,48.07,29.06,False
VPW-CHILLER-03,499,2.048,46.7,43.7,False
VPW-CHILLER-03,500,1.93,46.87,38.88,False
VPW-CHILLER-03,501,1.96,46.77,39.41,False
VPW-CHILLER-03,502,2.055,46.62,34.67,False
VPW-CHILLER-03,503,1.904,46.56,43.97,False
VPW-CHILLER-03,504,1.824,48.13,30.47,False
VPW-CHILLER-03,505,1.894,47.43,29.04,False
VPW-CHILLER-03,506,1.904,45.97,19.21,False
VPW-CHILLER-03,507,1.867,44.93,33.45,False
VPW-CHILLER-03,508,1.898,45.4,39.58,False
VPW-CHILLER-03,509,1.778,46.17,30.38,False
VPW-CHILLER-03,510,1.999,47.28,20.61,False
VPW-CHILLER-03,511,1.801,46.18,39.56,False
VPW-CHILLER-03,512,1.885,46.91,33.22,False
VPW-CHILLER-03,513,1.902,44.99,36.84,False
VPW-CHILLER-03,514,1.899,44.98,42.62,False
VPW-CHILLER-03,515,1.93,45.23,17.46,False
VPW-CHILLER-03,516,1.962,46.26,20.32,False
VPW-CHILLER-03,517,2.039,45.48,18.77,False
VPW-CHILLER-03,518,2.059,47.31,30.41,False
VPW-CHILLER-03,519,2.013,46.34,18.82,False
VPW-CHILLER-03,520,2.04,46.96,34.4,False
VPW-CHILLER-03,521,2.09,44.23,32.22,False
VPW-CHILLER-03,522,2.123,45.46,21.01,False
VPW-CHILLER-03,523,2.009,46.22,20.54,False
VPW-CHILLER-03,524,2.042,45.47,27.86,False
VPW-CHILLER-03,525,2.013,46.62,38.47,False
VPW-CHILLER-03,526,2.067,44.85,26.07,False
VPW-CHILLER-03,527,2.15,44.61,43.96,False
VPW-CHILLER-03,528,2.097,45.91,36.47,False
VPW-CHILLER-03,529,2.121,44.38,43.4,False
VPW-CHILLER-03,530,1.985,45.07,22.77,False
VPW-CHILLER-03,531,2.116,45.48,39.79,False
VPW-CHILLER-03,532,2.16,46.58,44.87,False
VPW-CHILLER-03,533,2.271,45.4,39.66,False
VPW-CHILLER-03,534,2.261,44.26,40.72,False
VPW-CHILLER-03,535,2.227,44.18,30.49,False
VPW-CHILLER-03,536,2.186,44.92,25.18,False
VPW-CHILLER-03,537,2.277,45.22,33.6,False
VPW-CHILLER-03,538,2.387,45.27,33.77,False
VPW-CHILLER-03,539,2.29,43.41,28.99,False
VPW-CHILLER-03,540,2.234,44.01,26.6,False
VPW-CHILLER-03,541,2.373,45.3,31.74,False
VPW-CHILLER-03,542,2.187,45.32,45.86,False
VPW-CHILLER-03,543,2.311,44.94,43.39,False
VPW-CHILLER-03,544,2.373,43.92,21.92,False
VPW-CHILLER-03,545,2.349,43.63,22.01,False
VPW-CHILLER-03,546,2.28,45.27,38.49,False
VPW-CHILLER-03,547,2.484,45.22,36.89,False
VPW-CHILLER-03,548,2.418,45.17,33.67,False
VPW-CHILLER-03,549,2.416,43.66,18.83,False
VPW-CHILLER-03,550,2.357,42.69,45.22,False
VPW-CHILLER-03,551,2.3,43.34,43.85,False
VPW-CHILLER-03,552,2.276,43.18,41.92,False
VPW-CHILLER-03,553,2.327,43.69,35.15,False
VPW-CHILLER-03,554,2.363,43.39,25.48,False
VPW-CHILLER-03,555,2.283,43.77,26.9,False
VPW-CHILLER-03,556,2.149,45.52,36.88,False
VPW-CHILLER-03,557,2.24,43.09,26.98,False
VPW-CHILLER-03,558,2.135,45.44,33.5,False
VPW-CHILLER-03,559,2.309,44.7,42.93,False
VPW-CHILLER-03,560,2.317,44.99,42.33,False
VPW-CHILLER-03,561,2.355,43.48,20.27,False
VPW-CHILLER-03,562,2.115,43.39,37.9,False
VPW-CHILLER-03,563,2.065,43.79,23.46,False
VPW-CHILLER-03,564,2.026,43.61,31.67,False
VPW-CHILLER-03,565,2.194,41.56,26.29,False
VPW-CHILLER-03,566,2.147,44.81,45.09,False
VPW-CHILLER-03,567,2.039,43.26,24.95,False
VPW-CHILLER-03,568,2.016,43.66,42.76,False
VPW-CHILLER-03,569,2.146,43.26,36.33,False
VPW-CHILLER-03,570,2.052,43.35,45.55,False
VPW-CHILLER-03,571,2.103,43.26,28.14,False
VPW-CHILLER-03,572,1.973,43.48,26.64,False
VPW-CHILLER-03,573,1.942,44.15,27.74,False
VPW-CHILLER-03,574,1.976,44.53,36.33,False
VPW-CHILLER-03,575,2.013,42.89,42.58,False
VPW-CHILLER-03,576,1.838,43.5,29.19,False
VPW-CHILLER-03,577,2.023,43.93,24.79,False
VPW-CHILLER-03,578,1.968,44.55,42.37,False
VPW-CHILLER-03,579,1.91,44.64,30.88,False
VPW-CHILLER-03,580,1.86,43.56,34.93,False
VPW-CHILLER-03,581,1.943,43.3,32.1,False
VPW-CHILLER-03,582,1.992,45.27,22.49,False
VPW-CHILLER-03,583,1.8,43.66,44.27,False
VPW-CHILLER-03,584,1.9,44.11,45.28,False
VPW-CHILLER-03,585,1.806,42.89,39.53,False
VPW-CHILLER-03,586,1.925,43.38,45.87,False
VPW-CHILLER-03,587,1.968,44.28,40.72,False
VPW-CHILLER-03,588,1.796,43.7,46.46,False
VPW-CHILLER-03,589,1.89,44.63,45.99,False
VPW-CHILLER-03,590,1.855,44.87,28.6,False
VPW-CHILLER-03,591,1.933,44.58,40.77,False
VPW-CHILLER-03,592,1.994,45.1,36.41,False
VPW-CHILLER-03,593,1.85,44.75,27.54,False
VPW-CHILLER-03,594,1.854,44.94,32.46,False
VPW-CHILLER-03,595,1.829,45.1,29.63,False
VPW-CHILLER-03,596,1.974,45.42,37.01,False
VPW-CHILLER-03,597,1.939,44.66,40.6,False
VPW-CHILLER-03,598,2.053,45.46,32.78,False
VPW-CHILLER-03,599,1.929,44.61,46.76,False
VPW-CHILLER-03,600,2.045,46.07,34.35,False
VPW-CHILLER-03,601,2.082,44.75,27.15,False
VPW-CHILLER-03,602,2.17,45.8,20.24,False
VPW-CHILLER-03,603,2.034,47.29,19.32,False
VPW-CHILLER-03,604,2.021,44.6,19.56,False
VPW-CHILLER-03,605,2.127,46.48,37.44,False
VPW-CHILLER-03,606,2.072,46.93,34.1,False
VPW-CHILLER-03,607,2.256,45.28,21.64,False
VPW-CHILLER-03,608,2.108,46.75,28.01,False
VPW-CHILLER-03,609,2.3,47.02,22.28,False
VPW-CHILLER-03,610,2.253,45.55,25.23,False
VPW-CHILLER-03,611,2.285,47.07,24.19,False
VPW-CHILLER-03,612,2.395,45.95,36.09,False
VPW-CHILLER-03,613,2.227,44.93,32.17,False
VPW-CHILLER-03,614,2.251,46.39,18.41,False
VPW-CHILLER-03,615,2.382,46.44,42.21,False
VPW-CHILLER-03,616,2.282,45.53,21.26,False
VPW-CHILLER-03,617,2.329,48.17,29.08,False
VPW-CHILLER-03,618,2.198,47.46,45.25,False
VPW-CHILLER-03,619,2.463,46.9,28.99,False
VPW-CHILLER-03,620,2.444,46.12,34.3,False
VPW-CHILLER-03,621,2.334,47.19,19.02,False
VPW-CHILLER-03,622,2.413,48.85,29.97,False
VPW-CHILLER-03,623,2.455,48.78,42.3,False
VPW-CHILLER-03,624,2.428,46.7,38.26,False
VPW-CHILLER-03,625,2.374,47.45,36.15,False
VPW-CHILLER-03,626,2.253,46.71,30.16,False
VPW-CHILLER-03,627,2.346,47.6,36.55,False
VPW-CHILLER-03,628,2.358,45.77,22.58,False
VPW-CHILLER-03,629,2.392,48.24,22.57,False
VPW-CHILLER-03,630,2.247,45.87,43.91,False
VPW-CHILLER-03,631,2.316,46.89,31.57,False
VPW-CHILLER-03,632,2.284,47.73,45.24,False
VPW-CHILLER-03,633,2.187,48.71,36.54,False
VPW-CHILLER-03,634,2.161,48.51,44.44,False
VPW-CHILLER-03,635,2.362,46.27,33.28,False
VPW-CHILLER-03,636,2.327,47.47,42.31,False
VPW-CHILLER-03,637,2.061,48.62,35.68,False
VPW-CHILLER-03,638,2.077,47.62,35.48,False
VPW-CHILLER-03,639,2.045,46.94,36.55,False
VPW-CHILLER-03,640,2.224,46.08,27.81,False
VPW-CHILLER-03,641,2.181,48.7,21.78,False
VPW-CHILLER-03,642,2.157,46.96,21.62,False
VPW-CHILLER-03,643,2.049,47.09,43.98,False
VPW-CHILLER-03,644,2.078,47.06,18.8,False
VPW-CHILLER-03,645,2.095,45.71,29.43,False
VPW-CHILLER-03,646,1.958,47.2,34.91,False
VPW-CHILLER-03,647,2.079,46.08,41.55,False
VPW-CHILLER-03,648,2.175,48.18,31.39,False
VPW-CHILLER-03,649,1.943,46.64,20.27,False
VPW-CHILLER-03,650,1.998,46.88,28.52,False
VPW-CHILLER-03,651,1.982,48.34,44.56,False
VPW-CHILLER-03,652,1.956,46.36,45.45,False
VPW-CHILLER-03,653,2.036,47.93,45.29,False
VPW-CHILLER-03,654,1.909,46.3,19.65,False
VPW-CHILLER-03,655,2.011,48.04,44.73,False
VPW-CHILLER-03,656,2.064,48.99,46.16,False
VPW-CHILLER-03,657,1.965,46.97,24.39,False
VPW-CHILLER-03,658,1.926,46.79,40.46,False
VPW-CHILLER-03,659,1.95,47.71,18.03,False
VPW-CHILLER-03,660,1.933,48.16,24.04,False
VPW-CHILLER-03,661,2.061,46.26,24.3,False
VPW-CHILLER-03,662,1.802,47.42,26.79,False
VPW-CHILLER-03,663,1.858,46.49,38.07,False
VPW-CHILLER-03,664,1.982,45.48,18.56,False
VPW-CHILLER-03,665,1.966,46.54,29.94,False
VPW-CHILLER-03,666,1.87,47.17,28.96,False
VPW-CHILLER-03,667,1.886,47.86,27.19,False
VPW-CHILLER-03,668,2.067,46.97,37.64,False
VPW-CHILLER-03,669,2.106,45.53,20.77,False
VPW-CHILLER-03,670,2.093,46.67,29.88,False
VPW-CHILLER-03,671,2.077,47.08,25.03,False
VPW-CHILLER-03,672,2.076,46.42,42.56,False
VPW-CHILLER-03,673,1.954,47.52,17.98,False
VPW-CHILLER-03,674,2.03,46.34,28.55,False
VPW-CHILLER-03,675,2.094,45.77,36.14,False
VPW-CHILLER-03,676,2.115,45.69,34.31,False
VPW-CHILLER-03,677,2.191,47.58,28.85,False
VPW-CHILLER-03,678,2.051,44.24,22.95,False
VPW-CHILLER-03,679,2.19,46.8,39.21,False
VPW-CHILLER-03,680,2.188,46.21,27.18,False
VPW-CHILLER-03,681,2.127,45.83,28.3,False
VPW-CHILLER-03,682,2.267,46.46,27.99,False
VPW-CHILLER-03,683,2.378,45.66,24.47,False
VPW-CHILLER-03,684,2.175,45.24,21.33,False
VPW-CHILLER-03,685,2.227,46.03,28.64,False
VPW-CHILLER-03,686,2.1,46.18,35.29,False
VPW-CHILLER-03,687,2.263,44.45,32.01,False
VPW-CHILLER-03,688,2.328,45.49,22.22,False
VPW-CHILLER-03,689,2.353,44.99,23.19,False
VPW-CHILLER-03,690,2.398,45.39,43.19,False
VPW-CHILLER-03,691,2.312,43.4,28.06,False
VPW-CHILLER-03,692,2.343,44.4,41.75,False
VPW-CHILLER-03,693,2.436,44.85,28.2,False
VPW-CHILLER-03,694,2.315,44.63,30.39,False
VPW-CHILLER-03,695,2.393,44.81,45.15,False
VPW-CHILLER-03,696,2.389,44.07,32.64,False
VPW-CHILLER-03,697,2.407,43.49,24.47,False
VPW-CHILLER-03,698,2.303,44.66,22.15,False
VPW-CHILLER-03,699,2.538,45.08,17.65,False
VPW-CHILLER-03,700,2.314,44.44,27.44,False
VPW-CHILLER-03,701,2.381,45.83,45.34,False
VPW-CHILLER-03,702,2.384,45.55,39.64,False
VPW-CHILLER-03,703,2.466,44.54,34.52,False
VPW-CHILLER-03,704,2.332,44.12,40.68,False
VPW-CHILLER-03,705,2.314,44.31,20.0,False
VPW-CHILLER-03,706,2.41,43.85,37.5,False
VPW-CHILLER-03,707,2.318,43.92,39.09,False
VPW-CHILLER-03,708,2.492,43.24,32.95,False
VPW-CHILLER-03,709,2.352,43.18,28.34,False
VPW-CHILLER-03,710,2.274,45.1,33.7,False
VPW-CHILLER-03,711,2.224,43.86,40.01,False
VPW-CHILLER-03,712,2.08,43.15,36.59,False
VPW-CHILLER-03,713,2.18,44.41,26.36,False
VPW-CHILLER-03,714,2.171,44.27,37.02,False
VPW-CHILLER-03,715,2.13,43.88,25.39,False
VPW-CHILLER-03,716,2.183,44.7,45.5,False
VPW-CHILLER-03,717,2.16,46.1,25.66,False
VPW-CHILLER-03,718,2.084,45.81,24.64,False
VPW-CHILLER-03,719,2.097,44.22,43.86,False
VPW-CHILLER-04,0,3.069,38.7,40.37,False
VPW-CHILLER-04,1,3.095,38.46,19.44,False
VPW-CHILLER-04,2,3.12,38.87,18.92,False
VPW-CHILLER-04,3,3.114,38.17,44.33,False
VPW-CHILLER-04,4,3.143,39.84,40.79,False
VPW-CHILLER-04,5,3.013,39.36,25.49,False
VPW-CHILLER-04,6,3.065,40.96,30.16,False
VPW-CHILLER-04,7,3.057,38.43,30.2,False
VPW-CHILLER-04,8,3.091,39.61,37.35,False
VPW-CHILLER-04,9,3.124,38.89,28.88,False
VPW-CHILLER-04,10,3.178,40.43,37.93,False
VPW-CHILLER-04,11,3.023,38.77,33.84,False
VPW-CHILLER-04,12,3.211,39.28,37.75,False
VPW-CHILLER-04,13,3.069,38.94,29.74,False
VPW-CHILLER-04,14,3.253,40.57,40.49,False
VPW-CHILLER-04,15,3.357,37.78,31.67,False
VPW-CHILLER-04,16,3.213,39.63,21.77,False
VPW-CHILLER-04,17,3.24,38.74,43.65,False
VPW-CHILLER-04,18,3.099,38.4,38.25,False
VPW-CHILLER-04,19,3.342,37.75,26.51,False
VPW-CHILLER-04,20,2.995,39.93,17.87,False
VPW-CHILLER-04,21,3.197,40.88,26.04,False
VPW-CHILLER-04,22,3.296,39.28,26.92,False
VPW-CHILLER-04,23,3.218,41.36,18.64,False
VPW-CHILLER-04,24,3.155,40.02,43.94,False
VPW-CHILLER-04,25,3.204,40.68,33.13,False
VPW-CHILLER-04,26,3.071,39.62,29.9,False
VPW-CHILLER-04,27,3.221,38.01,43.1,False
VPW-CHILLER-04,28,3.218,38.72,36.53,False
VPW-CHILLER-04,29,3.22,39.77,31.82,False
VPW-CHILLER-04,30,3.188,40.92,32.75,False
VPW-CHILLER-04,31,3.058,40.67,27.48,False
VPW-CHILLER-04,32,3.155,40.87,19.79,False
VPW-CHILLER-04,33,3.289,40.71,40.51,False
VPW-CHILLER-04,34,3.19,38.52,40.85,False
VPW-CHILLER-04,35,3.015,40.48,36.73,False
VPW-CHILLER-04,36,3.031,39.87,35.68,False
VPW-CHILLER-04,37,3.152,39.77,32.72,False
VPW-CHILLER-04,38,3.048,40.45,43.68,False
VPW-CHILLER-04,39,3.117,41.65,43.01,False
VPW-CHILLER-04,40,2.969,38.93,20.81,False
VPW-CHILLER-04,41,2.872,38.38,22.28,False
VPW-CHILLER-04,42,2.819,39.77,20.15,False
VPW-CHILLER-04,43,2.776,40.01,41.57,False
VPW-CHILLER-04,44,2.874,39.65,28.01,False
VPW-CHILLER-04,45,3.082,39.84,41.08,False
VPW-CHILLER-04,46,2.929,40.24,35.47,False
VPW-CHILLER-04,47,2.804,40.74,18.18,False
VPW-CHILLER-04,48,2.889,39.15,32.62,False
VPW-CHILLER-04,49,2.918,39.53,20.9,False
VPW-CHILLER-04,50,2.904,39.79,31.38,False
VPW-CHILLER-04,51,2.84,38.9,22.17,False
VPW-CHILLER-04,52,2.722,40.0,20.32,False
VPW-CHILLER-04,53,2.913,39.64,44.87,False
VPW-CHILLER-04,54,3.018,41.43,42.85,False
VPW-CHILLER-04,55,2.716,38.36,24.74,False
VPW-CHILLER-04,56,2.722,40.31,34.29,False
VPW-CHILLER-04,57,2.755,39.77,19.55,False
VPW-CHILLER-04,58,2.802,40.59,43.24,False
VPW-CHILLER-04,59,2.754,39.99,21.45,False
VPW-CHILLER-04,60,2.713,40.75,39.91,False
VPW-CHILLER-04,61,2.736,39.38,23.28,False
VPW-CHILLER-04,62,2.83,40.45,35.24,False
VPW-CHILLER-04,63,2.881,39.8,37.95,False
VPW-CHILLER-04,64,2.978,39.35,23.5,False
VPW-CHILLER-04,65,2.901,39.41,19.82,False
VPW-CHILLER-04,66,2.814,40.46,22.46,False
VPW-CHILLER-04,67,2.848,39.58,25.54,False
VPW-CHILLER-04,68,2.811,38.65,39.15,False
VPW-CHILLER-04,69,3.006,39.51,41.28,False
VPW-CHILLER-04,70,2.873,39.38,27.99,False
VPW-CHILLER-04,71,2.995,38.37,19.23,False
VPW-CHILLER-04,72,2.936,39.22,20.98,False
VPW-CHILLER-04,73,3.04,38.94,30.57,False
VPW-CHILLER-04,74,3.0,38.63,27.67,False
VPW-CHILLER-04,75,3.083,37.4,33.23,False
VPW-CHILLER-04,76,2.946,37.86,28.02,False
VPW-CHILLER-04,77,3.046,38.55,28.6,False
VPW-CHILLER-04,78,3.196,38.37,29.32,False
VPW-CHILLER-04,79,3.206,37.77,41.16,False
VPW-CHILLER-04,80,3.171,37.84,38.27,False
VPW-CHILLER-04,81,3.258,36.53,23.06,False
VPW-CHILLER-04,82,3.019,37.87,44.35,False
VPW-CHILLER-04,83,3.131,38.57,38.87,False
VPW-CHILLER-04,84,2.903,38.45,27.68,False
VPW-CHILLER-04,85,3.362,38.19,30.43,False
VPW-CHILLER-04,86,3.402,38.49,31.24,False
VPW-CHILLER-04,87,3.251,37.7,38.8,False
VPW-CHILLER-04,88,3.196,38.78,26.72,False
VPW-CHILLER-04,89,3.308,38.13,35.76,False
VPW-CHILLER-04,90,3.262,37.35,36.62,False
VPW-CHILLER-04,91,3.35,38.3,35.62,False
VPW-CHILLER-04,92,3.256,36.71,32.5,False
VPW-CHILLER-04,93,3.26,39.48,27.01,False
VPW-CHILLER-04,94,3.347,38.55,42.78,False
VPW-CHILLER-04,95,3.315,37.62,36.43,False
VPW-CHILLER-04,96,3.116,36.45,32.99,False
VPW-CHILLER-04,97,3.376,37.31,29.9,False
VPW-CHILLER-04,98,3.389,37.21,41.27,False
VPW-CHILLER-04,99,3.246,37.39,26.06,False
VPW-CHILLER-04,100,3.189,37.77,20.26,False
VPW-CHILLER-04,101,3.373,36.99,40.98,False
VPW-CHILLER-04,102,3.24,37.13,23.1,False
VPW-CHILLER-04,103,3.128,38.88,38.38,False
VPW-CHILLER-04,104,3.296,36.23,26.5,False
VPW-CHILLER-04,105,3.223,37.33,35.06,False
VPW-CHILLER-04,106,3.178,37.29,33.16,False
VPW-CHILLER-04,107,3.358,37.38,22.68,False
VPW-CHILLER-04,108,2.972,36.58,39.5,False
VPW-CHILLER-04,109,3.072,37.06,32.73,False
VPW-CHILLER-04,110,3.025,36.43,39.02,False
VPW-CHILLER-04,111,3.004,37.95,36.35,False
VPW-CHILLER-04,112,3.172,36.89,27.44,False
VPW-CHILLER-04,113,3.038,37.01,39.77,False
VPW-CHILLER-04,114,2.863,36.59,36.14,False
VPW-CHILLER-04,115,3.049,36.01,32.53,False
VPW-CHILLER-04,116,2.831,37.61,32.49,False
VPW-CHILLER-04,117,2.916,36.46,32.17,False
VPW-CHILLER-04,118,2.947,36.79,26.56,False
VPW-CHILLER-04,119,3.011,35.35,25.79,False
VPW-CHILLER-04,120,2.987,36.46,44.91,False
VPW-CHILLER-04,121,2.861,36.85,23.85,False
VPW-CHILLER-04,122,3.028,36.59,36.57,False
VPW-CHILLER-04,123,2.903,38.72,35.8,False
VPW-CHILLER-04,124,2.944,38.25,43.98,False
VPW-CHILLER-04,125,2.782,38.3,42.44,False
VPW-CHILLER-04,126,2.81,37.61,32.71,False
VPW-CHILLER-04,127,2.728,38.62,31.99,False
VPW-CHILLER-04,128,2.795,38.13,28.45,False
VPW-CHILLER-04,129,2.874,37.79,36.81,False
VPW-CHILLER-04,130,2.922,37.85,36.39,False
VPW-CHILLER-04,131,2.818,38.6,34.01,False
VPW-CHILLER-04,132,2.88,36.62,22.56,False
VPW-CHILLER-04,133,2.739,39.42,26.73,False
VPW-CHILLER-04,134,2.733,37.33,28.9,False
VPW-CHILLER-04,135,2.687,38.11,29.77,False
VPW-CHILLER-04,136,2.812,36.62,22.13,False
VPW-CHILLER-04,137,2.739,37.73,29.48,False
VPW-CHILLER-04,138,2.825,37.9,38.64,False
VPW-CHILLER-04,139,2.813,38.71,20.83,False
VPW-CHILLER-04,140,3.049,36.82,41.08,False
VPW-CHILLER-04,141,2.821,37.58,30.95,False
VPW-CHILLER-04,142,2.985,37.45,32.62,False
VPW-CHILLER-04,143,2.983,39.43,35.0,False
VPW-CHILLER-04,144,2.797,39.86,21.74,False
VPW-CHILLER-04,145,2.712,39.06,18.93,False
VPW-CHILLER-04,146,2.966,37.43,40.65,False
VPW-CHILLER-04,147,3.102,38.3,19.73,False
VPW-CHILLER-04,148,3.014,39.04,20.38,False
VPW-CHILLER-04,149,3.027,38.26,40.66,False
VPW-CHILLER-04,150,3.151,38.42,46.9,False
VPW-CHILLER-04,151,3.027,37.82,36.56,False
VPW-CHILLER-04,152,2.933,38.75,19.45,False
VPW-CHILLER-04,153,3.256,39.19,38.27,False
VPW-CHILLER-04,154,3.074,40.6,27.36,False
VPW-CHILLER-04,155,3.114,38.06,33.63,False
VPW-CHILLER-04,156,3.202,38.97,45.7,False
VPW-CHILLER-04,157,3.179,39.0,36.5,False
VPW-CHILLER-04,158,3.103,39.25,36.55,False
VPW-CHILLER-04,159,3.212,39.98,20.22,False
VPW-CHILLER-04,160,3.18,39.67,36.33,False
VPW-CHILLER-04,161,3.084,38.55,44.14,False
VPW-CHILLER-04,162,3.346,38.7,25.75,False
VPW-CHILLER-04,163,3.232,40.27,43.16,False
VPW-CHILLER-04,164,3.248,39.66,19.75,False
VPW-CHILLER-04,165,3.122,38.49,28.35,False
VPW-CHILLER-04,166,3.157,39.68,32.48,False
VPW-CHILLER-04,167,3.259,40.13,44.82,False
VPW-CHILLER-04,168,3.369,39.06,26.03,False
VPW-CHILLER-04,169,3.246,40.19,19.14,False
VPW-CHILLER-04,170,3.315,38.12,37.73,False
VPW-CHILLER-04,171,3.356,39.05,40.27,False
VPW-CHILLER-04,172,3.243,40.39,29.98,False
VPW-CHILLER-04,173,3.169,39.82,18.92,False
VPW-CHILLER-04,174,3.254,38.89,44.81,False
VPW-CHILLER-04,175,3.422,40.31,32.72,False
VPW-CHILLER-04,176,3.293,40.87,34.83,False
VPW-CHILLER-04,177,3.267,39.41,44.4,False
VPW-CHILLER-04,178,3.284,40.75,45.45,False
VPW-CHILLER-04,179,3.304,40.96,32.64,False
VPW-CHILLER-04,180,3.286,39.7,24.41,False
VPW-CHILLER-04,181,3.189,39.89,22.68,False
VPW-CHILLER-04,182,3.258,41.52,40.69,False
VPW-CHILLER-04,183,3.005,40.43,19.08,False
VPW-CHILLER-04,184,3.223,39.56,23.97,False
VPW-CHILLER-04,185,2.993,39.61,43.21,False
VPW-CHILLER-04,186,3.243,38.84,25.92,False
VPW-CHILLER-04,187,3.163,39.78,30.28,False
VPW-CHILLER-04,188,2.94,40.16,39.8,False
VPW-CHILLER-04,189,2.977,41.42,20.01,False
VPW-CHILLER-04,190,3.134,40.42,41.67,False
VPW-CHILLER-04,191,2.9,40.28,22.0,False
VPW-CHILLER-04,192,3.04,41.97,38.98,False
VPW-CHILLER-04,193,2.977,40.37,35.18,False
VPW-CHILLER-04,194,3.013,40.29,31.23,False
VPW-CHILLER-04,195,3.1,42.03,30.74,False
VPW-CHILLER-04,196,3.066,40.42,30.38,False
VPW-CHILLER-04,197,2.941,40.59,37.11,False
VPW-CHILLER-04,198,2.871,40.33,33.82,False
VPW-CHILLER-04,199,2.907,41.3,33.02,False
VPW-CHILLER-04,200,2.865,39.75,37.71,False
VPW-CHILLER-04,201,2.961,38.54,35.99,False
VPW-CHILLER-04,202,2.819,38.3,42.51,False
VPW-CHILLER-04,203,3.002,41.6,20.26,False
VPW-CHILLER-04,204,2.803,40.46,26.8,False
VPW-CHILLER-04,205,2.841,41.38,24.23,False
VPW-CHILLER-04,206,2.89,39.81,39.25,False
VPW-CHILLER-04,207,2.885,38.89,41.6,False
VPW-CHILLER-04,208,2.869,39.99,18.25,False
VPW-CHILLER-04,209,2.931,38.17,22.24,False
VPW-CHILLER-04,210,2.684,39.63,29.57,False
VPW-CHILLER-04,211,2.781,38.99,28.13,False
VPW-CHILLER-04,212,2.796,39.99,32.35,False
VPW-CHILLER-04,213,2.886,39.04,34.42,False
VPW-CHILLER-04,214,2.781,39.66,36.64,False
VPW-CHILLER-04,215,2.921,40.32,33.36,False
VPW-CHILLER-04,216,2.964,39.39,25.39,False
VPW-CHILLER-04,217,3.038,40.63,43.08,False
VPW-CHILLER-04,218,3.1,38.59,40.13,False
VPW-CHILLER-04,219,3.053,37.29,36.25,False
VPW-CHILLER-04,220,2.896,39.58,44.83,False
VPW-CHILLER-04,221,3.11,38.9,24.34,False
VPW-CHILLER-04,222,3.222,39.85,18.78,False
VPW-CHILLER-04,223,3.091,40.15,27.65,False
VPW-CHILLER-04,224,3.097,39.55,29.61,False
VPW-CHILLER-04,225,3.012,38.09,35.92,False
VPW-CHILLER-04,226,3.087,39.48,37.72,False
VPW-CHILLER-04,227,3.059,39.35,18.73,False
VPW-CHILLER-04,228,3.051,38.06,43.52,False
VPW-CHILLER-04,229,3.155,40.4,44.79,False
VPW-CHILLER-04,230,3.137,39.39,26.98,False
VPW-CHILLER-04,231,3.201,38.43,39.89,False
VPW-CHILLER-04,232,3.344,37.4,18.27,False
VPW-CHILLER-04,233,3.052,36.91,33.62,False
VPW-CHILLER-04,234,3.181,38.7,31.08,False
VPW-CHILLER-04,235,3.344,38.69,43.2,False
VPW-CHILLER-04,236,3.433,37.79,29.58,False
VPW-CHILLER-04,237,3.324,38.86,18.03,False
VPW-CHILLER-04,238,3.263,38.47,21.74,False
VPW-CHILLER-04,239,3.171,38.4,45.59,False
VPW-CHILLER-04,240,3.246,38.49,37.99,False
VPW-CHILLER-04,241,3.334,37.0,37.28,False
VPW-CHILLER-04,242,3.43,37.53,19.61,False
VPW-CHILLER-04,243,3.447,38.24,33.64,False
VPW-CHILLER-04,244,3.37,36.07,28.87,False
VPW-CHILLER-04,245,3.25,37.6,40.58,False
VPW-CHILLER-04,246,3.394,36.54,45.33,False
VPW-CHILLER-04,247,3.201,36.89,35.36,False
VPW-CHILLER-04,248,3.2,37.1,27.25,False
VPW-CHILLER-04,249,3.147,36.69,35.26,False
VPW-CHILLER-04,250,3.199,38.84,42.96,False
VPW-CHILLER-04,251,3.155,36.86,23.29,False
VPW-CHILLER-04,252,3.268,37.79,45.95,False
VPW-CHILLER-04,253,3.331,38.5,23.94,False
VPW-CHILLER-04,254,3.2,38.93,42.7,False
VPW-CHILLER-04,255,3.159,36.39,25.14,False
VPW-CHILLER-04,256,3.285,39.01,39.79,False
VPW-CHILLER-04,257,3.323,37.93,42.3,False
VPW-CHILLER-04,258,3.193,38.02,24.33,False
VPW-CHILLER-04,259,3.28,37.65,44.35,False
VPW-CHILLER-04,260,3.281,36.99,20.07,False
VPW-CHILLER-04,261,3.182,37.38,37.03,False
VPW-CHILLER-04,262,3.12,37.35,40.85,False
VPW-CHILLER-04,263,3.068,36.37,25.15,False
VPW-CHILLER-04,264,3.041,36.57,20.45,False
VPW-CHILLER-04,265,3.144,37.68,38.49,False
VPW-CHILLER-04,266,3.161,38.12,22.66,False
VPW-CHILLER-04,267,2.971,37.09,22.38,False
VPW-CHILLER-04,268,3.064,37.89,21.38,False
VPW-CHILLER-04,269,3.055,36.76,27.14,False
VPW-CHILLER-04,270,2.908,37.05,32.53,False
VPW-CHILLER-04,271,2.86,36.88,43.55,False
VPW-CHILLER-04,272,3.091,37.83,20.03,False
VPW-CHILLER-04,273,3.015,38.3,46.47,False
VPW-CHILLER-04,274,2.956,38.42,32.0,False
VPW-CHILLER-04,275,2.91,38.15,22.87,False
VPW-CHILLER-04,276,2.828,37.59,25.77,False
VPW-CHILLER-04,277,3.001,37.27,24.16,False
VPW-CHILLER-04,278,3.036,38.01,35.18,False
VPW-CHILLER-04,279,2.773,38.24,42.57,False
VPW-CHILLER-04,280,2.946,37.95,37.79,False
VPW-CHILLER-04,281,2.94,37.77,33.79,False
VPW-CHILLER-04,282,2.882,37.86,21.13,False
VPW-CHILLER-04,283,3.028,36.91,33.25,False
VPW-CHILLER-04,284,2.997,37.55,32.47,False
VPW-CHILLER-04,285,2.88,37.36,41.49,False
VPW-CHILLER-04,286,2.947,39.7,23.97,False
VPW-CHILLER-04,287,2.798,36.2,22.03,False
VPW-CHILLER-04,288,2.93,36.76,37.73,False
VPW-CHILLER-04,289,2.931,38.6,30.93,False
VPW-CHILLER-04,290,3.001,38.13,44.23,False
VPW-CHILLER-04,291,2.932,39.78,33.12,False
VPW-CHILLER-04,292,2.993,37.76,40.82,False
VPW-CHILLER-04,293,3.009,38.47,28.04,False
VPW-CHILLER-04,294,3.016,38.96,23.76,False
VPW-CHILLER-04,295,2.956,38.44,42.74,False
VPW-CHILLER-04,296,2.992,37.82,26.15,False
VPW-CHILLER-04,297,2.982,39.9,41.33,False
VPW-CHILLER-04,298,2.884,38.54,42.53,False
VPW-CHILLER-04,299,3.067,38.7,37.64,False
VPW-CHILLER-04,300,3.009,39.05,30.51,False
VPW-CHILLER-04,301,3.005,40.83,30.52,False
VPW-CHILLER-04,302,3.146,39.43,46.07,False
VPW-CHILLER-04,303,3.258,38.78,41.68,False
VPW-CHILLER-04,304,3.045,39.79,18.64,False
VPW-CHILLER-04,305,3.172,40.9,24.74,False
VPW-CHILLER-04,306,3.239,38.85,23.0,False
VPW-CHILLER-04,307,3.181,40.13,21.73,False
VPW-CHILLER-04,308,3.251,41.29,24.05,False
VPW-CHILLER-04,309,3.179,39.04,37.65,False
VPW-CHILLER-04,310,3.186,41.29,19.0,False
VPW-CHILLER-04,311,3.156,41.09,40.9,False
VPW-CHILLER-04,312,3.453,39.25,44.59,False
VPW-CHILLER-04,313,3.335,39.82,27.14,False
VPW-CHILLER-04,314,3.545,39.91,30.65,False
VPW-CHILLER-04,315,3.361,39.87,21.14,False
VPW-CHILLER-04,316,3.44,40.25,20.12,False
VPW-CHILLER-04,317,3.367,41.42,32.01,False
VPW-CHILLER-04,318,3.289,39.6,36.73,False
VPW-CHILLER-04,319,3.358,41.22,25.7,False
VPW-CHILLER-04,320,3.36,40.14,22.61,False
VPW-CHILLER-04,321,3.239,39.12,18.5,False
VPW-CHILLER-04,322,3.358,41.11,34.26,False
VPW-CHILLER-04,323,3.256,40.21,41.86,False
VPW-CHILLER-04,324,3.35,40.43,20.67,False
VPW-CHILLER-04,325,3.332,41.07,37.9,False
VPW-CHILLER-04,326,3.336,41.89,21.71,False
VPW-CHILLER-04,327,3.353,40.19,24.7,False
VPW-CHILLER-04,328,3.004,40.73,34.47,False
VPW-CHILLER-04,329,3.294,41.85,19.47,False
VPW-CHILLER-04,330,3.414,40.54,19.56,False
VPW-CHILLER-04,331,3.24,40.82,42.13,False
VPW-CHILLER-04,332,3.15,40.97,39.14,False
VPW-CHILLER-04,333,3.218,39.76,26.52,False
VPW-CHILLER-04,334,3.165,41.77,18.84,False
VPW-CHILLER-04,335,3.208,42.5,27.03,False
VPW-CHILLER-04,336,3.264,42.74,43.19,False
VPW-CHILLER-04,337,3.223,41.69,29.49,False
VPW-CHILLER-04,338,3.213,39.12,45.96,False
VPW-CHILLER-04,339,3.146,40.4,28.62,False
VPW-CHILLER-04,340,3.045,39.96,32.29,False
VPW-CHILLER-04,341,3.159,40.44,21.96,False
VPW-CHILLER-04,342,3.112,40.94,38.79,False
VPW-CHILLER-04,343,2.873,41.2,30.41,False
VPW-CHILLER-04,344,2.876,40.27,43.94,False
VPW-CHILLER-04,345,3.131,39.77,36.64,False
VPW-CHILLER-04,346,2.96,41.14,32.81,False
VPW-CHILLER-04,347,3.134,39.82,32.01,False
VPW-CHILLER-04,348,2.848,41.28,24.87,False
VPW-CHILLER-04,349,2.91,41.83,45.1,False
VPW-CHILLER-04,350,3.103,39.43,21.17,False
VPW-CHILLER-04,351,2.968,39.59,29.72,False
VPW-CHILLER-04,352,2.856,41.45,41.57,False
VPW-CHILLER-04,353,3.013,40.32,45.49,False
VPW-CHILLER-04,354,2.883,40.47,33.98,False
VPW-CHILLER-04,355,2.963,40.72,32.04,False
VPW-CHILLER-04,356,2.875,40.43,37.22,False
VPW-CHILLER-04,357,2.973,40.09,22.5,False
VPW-CHILLER-04,358,2.769,40.53,34.4,False
VPW-CHILLER-04,359,2.957,40.36,33.51,False
VPW-CHILLER-04,360,3.022,39.96,41.72,False
VPW-CHILLER-04,361,2.7,40.19,34.03,False
VPW-CHILLER-04,362,3.028,41.94,26.77,False
VPW-CHILLER-04,363,2.989,41.04,39.71,False
VPW-CHILLER-04,364,2.777,40.69,28.81,False
VPW-CHILLER-04,365,2.994,40.38,23.23,False
VPW-CHILLER-04,366,2.767,39.51,43.3,False
VPW-CHILLER-04,367,3.061,40.77,24.34,False
VPW-CHILLER-04,368,3.025,38.94,44.31,False
VPW-CHILLER-04,369,2.84,39.6,26.7,False
VPW-CHILLER-04,370,3.071,40.38,23.56,False
VPW-CHILLER-04,371,3.036,39.5,29.27,False
VPW-CHILLER-04,372,3.161,39.26,25.87,False
VPW-CHILLER-04,373,3.018,41.11,23.59,False
VPW-CHILLER-04,374,3.043,39.21,40.74,False
VPW-CHILLER-04,375,3.056,39.13,30.59,False
VPW-CHILLER-04,376,3.192,37.59,34.66,False
VPW-CHILLER-04,377,3.3,39.9,33.66,False
VPW-CHILLER-04,378,3.14,39.36,33.9,False
VPW-CHILLER-04,379,3.223,38.48,23.61,False
VPW-CHILLER-04,380,3.093,39.69,28.21,False
VPW-CHILLER-04,381,3.286,38.96,32.57,False
VPW-CHILLER-04,382,3.333,38.27,32.85,False
VPW-CHILLER-04,383,3.259,37.64,37.08,False
VPW-CHILLER-04,384,3.33,38.51,20.15,False
VPW-CHILLER-04,385,3.429,39.82,23.38,False
VPW-CHILLER-04,386,3.377,38.79,25.74,False
VPW-CHILLER-04,387,3.414,39.47,34.57,False
VPW-CHILLER-04,388,3.29,39.58,30.24,False
VPW-CHILLER-04,389,3.472,39.07,45.48,False
VPW-CHILLER-04,390,3.356,39.19,19.19,False
VPW-CHILLER-04,391,3.307,38.04,27.47,False
VPW-CHILLER-04,392,3.307,38.14,27.38,False
VPW-CHILLER-04,393,3.524,38.59,32.04,False
VPW-CHILLER-04,394,3.456,37.58,45.51,False
VPW-CHILLER-04,395,3.526,38.93,41.7,False
VPW-CHILLER-04,396,3.437,37.79,26.91,False
VPW-CHILLER-04,397,3.282,38.33,44.72,False
VPW-CHILLER-04,398,3.354,38.37,33.78,False
VPW-CHILLER-04,399,3.317,37.62,17.74,False
VPW-CHILLER-04,400,3.379,38.32,42.6,False
VPW-CHILLER-04,401,3.288,39.82,22.81,False
VPW-CHILLER-04,402,3.315,38.09,35.92,False
VPW-CHILLER-04,403,3.34,37.34,36.1,False
VPW-CHILLER-04,404,3.212,37.18,26.42,False
VPW-CHILLER-04,405,3.409,37.78,38.41,False
VPW-CHILLER-04,406,3.327,38.23,43.35,False
VPW-CHILLER-04,407,3.21,38.48,23.8,False
VPW-CHILLER-04,408,3.375,38.29,33.13,False
VPW-CHILLER-04,409,3.277,36.91,36.9,False
VPW-CHILLER-04,410,3.096,38.5,34.39,False
VPW-CHILLER-04,411,3.304,37.55,21.16,False
VPW-CHILLER-04,412,3.196,37.38,35.19,False
VPW-CHILLER-04,413,3.121,38.2,22.5,False
VPW-CHILLER-04,414,3.057,37.92,39.73,False
VPW-CHILLER-04,415,3.18,38.04,31.02,False
VPW-CHILLER-04,416,3.287,38.27,23.25,False
VPW-CHILLER-04,417,3.087,38.28,41.1,False
VPW-CHILLER-04,418,3.01,36.38,39.89,False
VPW-CHILLER-04,419,3.113,36.81,25.56,False
VPW-CHILLER-04,420,3.064,38.05,32.27,False
VPW-CHILLER-04,421,3.073,38.77,41.76,False
VPW-CHILLER-04,422,2.97,37.98,28.01,False
VPW-CHILLER-04,423,3.017,37.96,23.11,False
VPW-CHILLER-04,424,2.999,38.43,25.76,False
VPW-CHILLER-04,425,3.159,39.17,42.73,False
VPW-CHILLER-04,426,3.026,39.63,32.58,False
VPW-CHILLER-04,427,2.98,39.09,45.02,False
VPW-CHILLER-04,428,2.761,38.32,18.26,False
VPW-CHILLER-04,429,3.034,38.59,31.88,False
VPW-CHILLER-04,430,2.799,38.31,28.24,False
VPW-CHILLER-04,431,2.955,39.14,23.45,False
VPW-CHILLER-04,432,3.064,38.41,41.69,False
VPW-CHILLER-04,433,2.976,37.98,35.71,False
VPW-CHILLER-04,434,2.971,37.91,29.42,False
VPW-CHILLER-04,435,2.818,39.24,18.74,False
VPW-CHILLER-04,436,2.904,38.75,25.63,False
VPW-CHILLER-04,437,2.867,37.46,35.4,False
VPW-CHILLER-04,438,2.721,38.3,24.8,False
VPW-CHILLER-04,439,3.054,38.24,23.98,False
VPW-CHILLER-04,440,2.82,38.89,45.69,False
VPW-CHILLER-04,441,3.012,39.3,45.28,False
VPW-CHILLER-04,442,2.995,39.5,22.85,False
VPW-CHILLER-04,443,3.153,38.28,39.74,False
VPW-CHILLER-04,444,3.048,38.61,35.45,False
VPW-CHILLER-04,445,3.162,37.76,31.3,False
VPW-CHILLER-04,446,3.049,38.87,27.42,False
VPW-CHILLER-04,447,3.194,39.97,21.05,False
VPW-CHILLER-04,448,3.067,39.98,21.7,False
VPW-CHILLER-04,449,2.993,39.09,21.51,False
VPW-CHILLER-04,450,3.328,39.82,27.15,False
VPW-CHILLER-04,451,3.258,38.99,26.31,False
VPW-CHILLER-04,452,3.23,39.36,24.6,False
VPW-CHILLER-04,453,3.235,39.19,24.56,False
VPW-CHILLER-04,454,3.091,39.58,30.83,False
VPW-CHILLER-04,455,3.117,38.94,28.41,False
VPW-CHILLER-04,456,3.319,39.07,44.49,False
VPW-CHILLER-04,457,3.12,40.25,45.65,False
VPW-CHILLER-04,458,3.286,39.29,25.87,False
VPW-CHILLER-04,459,3.439,39.07,30.79,False
VPW-CHILLER-04,460,3.301,40.17,43.84,False
VPW-CHILLER-04,461,3.437,40.21,33.13,False
VPW-CHILLER-04,462,3.458,40.33,26.02,False
VPW-CHILLER-04,463,3.382,39.24,40.0,False
VPW-CHILLER-04,464,3.314,41.12,45.19,False
VPW-CHILLER-04,465,3.352,41.38,32.47,False
VPW-CHILLER-04,466,3.254,40.08,38.94,False
VPW-CHILLER-04,467,3.416,41.09,34.86,False
VPW-CHILLER-04,468,3.28,39.48,26.95,False
VPW-CHILLER-04,469,3.204,40.95,35.8,False
VPW-CHILLER-04,470,3.408,42.71,34.18,False
VPW-CHILLER-04,471,3.312,41.58,32.62,False
VPW-CHILLER-04,472,3.384,41.18,24.55,False
VPW-CHILLER-04,473,3.402,41.17,30.45,False
VPW-CHILLER-04,474,3.519,41.58,38.87,False
VPW-CHILLER-04,475,3.283,41.63,24.27,False
VPW-CHILLER-04,476,3.312,42.33,42.51,False
VPW-CHILLER-04,477,3.351,41.25,31.8,False
VPW-CHILLER-04,478,3.584,41.17,25.34,False
VPW-CHILLER-04,479,3.256,40.74,33.27,False
VPW-CHILLER-04,480,3.328,42.56,29.01,False
VPW-CHILLER-04,481,3.283,41.2,40.56,False
VPW-CHILLER-04,482,3.388,41.2,18.36,False
VPW-CHILLER-04,483,3.4,40.78,34.19,False
VPW-CHILLER-04,484,3.234,42.52,39.11,False
VPW-CHILLER-04,485,3.157,40.73,33.82,False
VPW-CHILLER-04,486,3.148,41.08,26.29,False
VPW-CHILLER-04,487,3.214,40.1,24.19,False
VPW-CHILLER-04,488,3.257,40.76,18.96,False
VPW-CHILLER-04,489,3.277,41.0,23.44,False
VPW-CHILLER-04,490,3.318,40.41,36.18,False
VPW-CHILLER-04,491,3.08,42.57,22.36,False
VPW-CHILLER-04,492,3.217,40.38,45.57,False
VPW-CHILLER-04,493,2.988,41.51,43.26,False
VPW-CHILLER-04,494,3.333,42.75,29.47,False
VPW-CHILLER-04,495,3.065,41.95,39.16,False
VPW-CHILLER-04,496,3.017,40.95,24.09,False
VPW-CHILLER-04,497,3.028,41.45,18.51,False
VPW-CHILLER-04,498,3.182,41.26,23.21,False
VPW-CHILLER-04,499,2.996,40.89,38.03,False
VPW-CHILLER-04,500,2.945,41.47,25.67,False
VPW-CHILLER-04,501,3.005,40.35,32.53,False
VPW-CHILLER-04,502,3.147,41.16,41.58,False
VPW-CHILLER-04,503,3.156,41.79,30.3,False
VPW-CHILLER-04,504,3.142,40.75,30.54,False
VPW-CHILLER-04,505,2.996,41.11,35.69,False
VPW-CHILLER-04,506,2.899,41.43,20.8,False
VPW-CHILLER-04,507,2.79,41.11,24.98,False
VPW-CHILLER-04,508,2.991,40.43,33.98,False
VPW-CHILLER-04,509,3.02,41.17,37.86,False
VPW-CHILLER-04,510,3.081,40.97,44.23,False
VPW-CHILLER-04,511,3.095,40.09,35.12,False
VPW-CHILLER-04,512,2.947,41.79,19.21,False
VPW-CHILLER-04,513,3.071,40.83,21.64,False
VPW-CHILLER-04,514,3.13,41.58,43.9,False
VPW-CHILLER-04,515,2.983,39.86,37.15,False
VPW-CHILLER-04,516,3.104,41.35,40.0,False
VPW-CHILLER-04,517,3.041,41.02,44.6,False
VPW-CHILLER-04,518,3.02,41.27,22.27,False
VPW-CHILLER-04,519,3.061,40.38,36.0,False
VPW-CHILLER-04,520,2.912,41.11,19.38,False
VPW-CHILLER-04,521,3.213,39.48,26.43,False
VPW-CHILLER-04,522,3.272,40.24,44.21,False
VPW-CHILLER-04,523,3.026,39.8,27.87,False
VPW-CHILLER-04,524,3.162,38.44,23.36,False
VPW-CHILLER-04,525,2.994,38.85,42.58,False
VPW-CHILLER-04,526,3.181,38.98,23.55,False
VPW-CHILLER-04,527,3.044,39.75,24.43,False
VPW-CHILLER-04,528,3.158,39.97,39.5,False
VPW-CHILLER-04,529,3.428,39.62,29.9,False
VPW-CHILLER-04,530,3.232,41.17,30.44,False
VPW-CHILLER-04,531,3.163,38.88,32.63,False
VPW-CHILLER-04,532,3.389,39.75,27.93,False
VPW-CHILLER-04,533,3.382,38.27,23.0,False
VPW-CHILLER-04,534,3.328,37.93,30.88,False
VPW-CHILLER-04,535,3.192,37.65,20.27,False
VPW-CHILLER-04,536,3.324,39.25,36.8,False
VPW-CHILLER-04,537,3.181,39.91,34.1,False
VPW-CHILLER-04,538,3.417,37.98,36.91,False
VPW-CHILLER-04,539,3.338,40.57,40.26,False
VPW-CHILLER-04,540,3.465,39.34,20.77,False
VPW-CHILLER-04,541,3.472,38.33,43.87,False
VPW-CHILLER-04,542,3.45,39.24,33.14,False
VPW-CHILLER-04,543,3.32,38.04,24.19,False
VPW-CHILLER-04,544,3.467,38.34,40.86,False
VPW-CHILLER-04,545,3.362,37.62,28.65,False
VPW-CHILLER-04,546,3.294,38.58,44.76,False
VPW-CHILLER-04,547,3.427,39.64,31.1,False
VPW-CHILLER-04,548,3.212,39.06,30.2,False
VPW-CHILLER-04,549,3.331,39.21,31.77,False
VPW-CHILLER-04,550,3.423,39.74,43.8,False
VPW-CHILLER-04,551,3.558,37.0,18.14,False
VPW-CHILLER-04,552,3.453,39.52,38.32,False
VPW-CHILLER-04,553,3.227,38.37,40.05,False
VPW-CHILLER-04,554,3.431,37.58,27.89,False
VPW-CHILLER-04,555,3.309,38.24,23.98,False
VPW-CHILLER-04,556,3.435,38.54,29.75,False
VPW-CHILLER-04,557,3.502,39.53,41.08,False
VPW-CHILLER-04,558,3.349,38.27,42.06,False
VPW-CHILLER-04,559,3.314,38.27,22.56,False
VPW-CHILLER-04,560,3.325,38.51,19.77,False
VPW-CHILLER-04,561,3.31,37.87,41.32,False
VPW-CHILLER-04,562,3.226,37.95,19.51,False
VPW-CHILLER-04,563,3.307,38.36,41.42,False
VPW-CHILLER-04,564,3.163,36.28,27.11,False
VPW-CHILLER-04,565,3.297,36.3,33.31,False
VPW-CHILLER-04,566,3.354,38.49,25.07,False
VPW-CHILLER-04,567,3.07,39.43,29.83,False
VPW-CHILLER-04,568,3.145,37.9,27.1,False
VPW-CHILLER-04,569,3.144,39.52,18.97,False
VPW-CHILLER-04,570,3.156,37.59,34.05,False
VPW-CHILLER-04,571,3.147,37.73,41.35,False
VPW-CHILLER-04,572,2.956,37.56,33.55,False
VPW-CHILLER-04,573,2.955,37.71,38.06,False
VPW-CHILLER-04,574,3.127,37.9,40.99,False
VPW-CHILLER-04,575,3.027,38.91,31.99,False
VPW-CHILLER-04,576,3.132,37.34,23.63,False
VPW-CHILLER-04,577,3.0,38.13,35.81,False
VPW-CHILLER-04,578,3.047,37.67,36.91,False
VPW-CHILLER-04,579,2.95,38.82,38.63,False
VPW-CHILLER-04,580,3.07,38.15,29.73,False
VPW-CHILLER-04,581,3.151,37.76,30.61,False
VPW-CHILLER-04,582,2.835,39.68,22.56,False
VPW-CHILLER-04,583,2.966,39.29,34.52,False
VPW-CHILLER-04,584,2.938,38.85,30.94,False
VPW-CHILLER-04,585,3.07,38.22,28.77,False
VPW-CHILLER-04,586,2.969,39.39,19.83,False
VPW-CHILLER-04,587,3.051,40.23,27.94,False
VPW-CHILLER-04,588,2.841,41.2,30.28,False
VPW-CHILLER-04,589,3.087,40.43,44.18,False
VPW-CHILLER-04,590,2.978,38.27,29.71,False
VPW-CHILLER-04,591,2.972,39.92,21.02,False
VPW-CHILLER-04,592,2.968,40.61,37.56,False
VPW-CHILLER-04,593,3.017,39.25,30.98,False
VPW-CHILLER-04,594,2.969,39.63,36.72,False
VPW-CHILLER-04,595,3.053,39.91,45.31,False
VPW-CHILLER-04,596,3.206,40.04,19.55,False
VPW-CHILLER-04,597,3.172,40.0,28.83,False
VPW-CHILLER-04,598,3.191,39.83,26.9,False
VPW-CHILLER-04,599,3.234,40.29,43.54,False
VPW-CHILLER-04,600,3.09,38.07,40.15,False
VPW-CHILLER-04,601,3.238,40.2,33.28,False
VPW-CHILLER-04,602,3.364,39.65,31.14,False
VPW-CHILLER-04,603,3.197,39.49,31.47,False
VPW-CHILLER-04,604,2.98,39.49,22.18,False
VPW-CHILLER-04,605,3.347,41.15,19.36,False
VPW-CHILLER-04,606,3.226,39.97,40.17,False
VPW-CHILLER-04,607,3.32,40.65,32.34,False
VPW-CHILLER-04,608,3.35,39.87,31.56,False
VPW-CHILLER-04,609,3.327,40.14,36.54,False
VPW-CHILLER-04,610,3.499,40.5,42.03,False
VPW-CHILLER-04,611,3.463,39.6,30.8,False
VPW-CHILLER-04,612,3.359,40.46,27.98,False
VPW-CHILLER-04,613,3.408,40.55,22.59,False
VPW-CHILLER-04,614,3.264,41.14,33.49,False
VPW-CHILLER-04,615,3.27,41.9,34.63,False
VPW-CHILLER-04,616,3.46,40.32,36.43,False
VPW-CHILLER-04,617,3.221,40.82,27.29,False
VPW-CHILLER-04,618,3.498,39.6,22.11,False
VPW-CHILLER-04,619,3.435,40.35,33.25,False
VPW-CHILLER-04,620,3.459,43.25,32.75,False
VPW-CHILLER-04,621,3.455,40.82,33.42,False
VPW-CHILLER-04,622,3.477,40.06,22.26,False
VPW-CHILLER-04,623,3.586,40.35,35.95,False
VPW-CHILLER-04,624,3.356,42.29,31.53,False
VPW-CHILLER-04,625,3.437,40.06,19.29,False
VPW-CHILLER-04,626,3.357,41.7,36.99,False
VPW-CHILLER-04,627,3.36,42.11,44.49,False
VPW-CHILLER-04,628,3.334,40.8,40.05,False
VPW-CHILLER-04,629,3.352,40.75,34.25,False
VPW-CHILLER-04,630,3.353,41.76,41.24,False
VPW-CHILLER-04,631,3.332,42.35,42.61,False
VPW-CHILLER-04,632,3.436,43.27,28.23,False
VPW-CHILLER-04,633,3.409,42.13,33.66,False
VPW-CHILLER-04,634,3.319,42.08,31.07,False
VPW-CHILLER-04,635,3.474,42.13,38.52,False
VPW-CHILLER-04,636,3.356,41.91,19.51,False
VPW-CHILLER-04,637,3.234,40.94,27.49,False
VPW-CHILLER-04,638,3.168,41.06,21.67,False
VPW-CHILLER-04,639,3.359,42.13,45.29,False
VPW-CHILLER-04,640,3.23,41.91,31.96,False
VPW-CHILLER-04,641,3.313,39.49,44.04,False
VPW-CHILLER-04,642,3.268,42.68,44.37,False
VPW-CHILLER-04,643,3.153,41.88,37.43,False
VPW-CHILLER-04,644,3.268,43.75,32.88,False
VPW-CHILLER-04,645,3.178,40.91,36.15,False
VPW-CHILLER-04,646,3.101,43.03,32.75,False
VPW-CHILLER-04,647,3.233,42.58,28.91,False
VPW-CHILLER-04,648,3.097,41.26,45.02,False
VPW-CHILLER-04,649,3.163,43.52,39.09,False
VPW-CHILLER-04,650,3.042,41.13,27.27,False
VPW-CHILLER-04,651,2.982,41.81,31.56,False
VPW-CHILLER-04,652,3.091,42.37,42.68,False
VPW-CHILLER-04,653,3.121,41.07,25.46,False
VPW-CHILLER-04,654,3.054,41.17,42.27,False
VPW-CHILLER-04,655,3.072,41.54,43.68,False
VPW-CHILLER-04,656,2.983,42.65,40.16,False
VPW-CHILLER-04,657,2.982,41.62,42.66,False
VPW-CHILLER-04,658,3.139,40.1,29.82,False
VPW-CHILLER-04,659,2.851,42.47,19.39,False
VPW-CHILLER-04,660,2.918,41.34,22.68,False
VPW-CHILLER-04,661,2.95,41.2,46.28,False
VPW-CHILLER-04,662,3.077,40.26,22.59,False
VPW-CHILLER-04,663,3.103,40.15,34.49,False
VPW-CHILLER-04,664,3.067,40.55,23.93,False
VPW-CHILLER-04,665,3.112,41.0,42.12,False
VPW-CHILLER-04,666,3.257,41.21,25.97,False
VPW-CHILLER-04,667,3.033,41.22,44.49,False
VPW-CHILLER-04,668,2.922,41.1,19.34,False
VPW-CHILLER-04,669,3.029,40.8,23.64,False
VPW-CHILLER-04,670,3.084,41.37,23.65,False
VPW-CHILLER-04,671,3.111,41.54,38.81,False
VPW-CHILLER-04,672,3.02,41.06,23.95,False
VPW-CHILLER-04,673,3.149,40.0,32.73,False
VPW-CHILLER-04,674,3.052,41.14,39.02,False
VPW-CHILLER-04,675,3.237,39.22,33.21,False
VPW-CHILLER-04,676,3.394,40.3,41.2,False
VPW-CHILLER-04,677,3.036,38.98,35.27,False
VPW-CHILLER-04,678,3.315,42.43,30.28,False
VPW-CHILLER-04,679,3.251,41.75,33.05,False
VPW-CHILLER-04,680,3.373,39.34,26.21,False
VPW-CHILLER-04,681,3.385,40.38,39.77,False
VPW-CHILLER-04,682,3.31,41.42,19.16,False
VPW-CHILLER-04,683,3.223,41.56,36.94,False
VPW-CHILLER-04,684,3.337,40.31,32.12,False
VPW-CHILLER-04,685,3.365,39.29,33.59,False
VPW-CHILLER-04,686,3.399,38.24,24.74,False
VPW-CHILLER-04,687,3.554,40.66,45.51,False
VPW-CHILLER-04,688,3.476,41.17,18.11,False
VPW-CHILLER-04,689,3.27,38.48,42.4,False
VPW-CHILLER-04,690,3.585,39.68,26.01,False
VPW-CHILLER-04,691,3.536,39.46,41.29,False
VPW-CHILLER-04,692,3.503,39.3,29.43,False
VPW-CHILLER-04,693,3.468,40.0,20.17,False
VPW-CHILLER-04,694,3.405,40.52,35.15,False
VPW-CHILLER-04,695,3.24,40.21,40.33,False
VPW-CHILLER-04,696,3.352,39.14,33.18,False
VPW-CHILLER-04,697,3.313,38.03,37.03,False
VPW-CHILLER-04,698,3.589,39.03,27.14,False
VPW-CHILLER-04,699,3.551,39.79,30.97,False
VPW-CHILLER-04,700,3.426,40.1,41.0,False
VPW-CHILLER-04,701,3.395,39.59,30.5,False
VPW-CHILLER-04,702,3.457,39.68,19.61,False
VPW-CHILLER-04,703,3.524,38.04,19.02,False
VPW-CHILLER-04,704,3.497,37.53,39.65,False
VPW-CHILLER-04,705,3.416,37.69,44.18,False
VPW-CHILLER-04,706,3.269,39.78,20.86,False
VPW-CHILLER-04,707,3.334,37.9,21.46,False
VPW-CHILLER-04,708,3.328,40.18,33.81,False
VPW-CHILLER-04,709,3.478,37.84,28.22,False
VPW-CHILLER-04,710,3.389,38.65,35.96,False
VPW-CHILLER-04,711,3.511,38.71,18.5,False
VPW-CHILLER-04,712,3.487,38.01,30.68,False
VPW-CHILLER-04,713,3.316,38.78,23.84,False
VPW-CHILLER-04,714,3.225,38.38,24.04,False
VPW-CHILLER-04,715,3.268,39.23,23.53,False
VPW-CHILLER-04,716,3.313,37.21,23.84,False
VPW-CHILLER-04,717,3.294,38.34,44.25,False
VPW-CHILLER-04,718,3.267,38.68,23.66,False
VPW-CHILLER-04,719,3.259,38.35,21.85,False
